id,term,description,parent_id,taxonomy,language
533832483389123,"Ages 50+",,,,
558854491640759,"Income at or below 30% Median Family Income",,,,
572968199086902,"Prescription Assistance",,,,
600702532354257,"Addiction & Recovery",,,,
567772705271262,"Financial Aid & Loans",,,,
570784632226026,"Sex Education",,,,
601744181699079,"Health Insurance",,,,
605525374389695,"Maintenance & Repairs",,,,
611900221673856,"Transportation for School",,,,
558824191766154,"Relief for Caregivers",,,,
575795542893271,"Learning Disability",,,,
585766741363639,"Special Education",,,,
593237921884807,"Safety Education",,,,
620501575533772,Post-Treatment,,,,
620913268509646,"Bladder Cancer",,,,
625977127820194,"200% Federal Poverty Line",,,,
594357854377389,Veterans,,,,
596924298833594,"Adoption Counseling",,,,
604293104050562,"Hearing Tests",,,,
605631199983458,"HIV Treatment",,,,
625144853335827,"Survivors of Intimate Partner Violence",,,,
635867221571587,Retirement,,,,
581353506116751,"Independent Living",,,,
608267763327487,"U.S. Citizen or Permanent Resident",,,,
609371925193152,"Workplace Rights",,,,
610184557880193,"Burn Survivors",,,,
610322186793257,"Holocaust Survivors",,,,
614151082454075,"Medications for Addiction",,,,
625531295881156,"Skills & Training",,,,
627746874732291,"Understand Disability",,,,
632610616201449,"Terminal Illness",,,,
641029949613661,"STD/STI Treatment & Prevention",,,,
645020033411340,"Adoption Planning",,,,
642400689111037,"College Readiness",,,,
646077810643985,Women/Girls,,,,
591686322682243,"Birth Control",,,,
605208083376697,"Personal Technology",,,,
622101334810848,"Blankets & Fans",,,,
651505477242802,"Outpatient Treatment",,,,
655659997806706,"Liver Cancer",,,,
603028983607249,"Citizenship & Immigration",,,,
618691115838629,"Vision Care",,,,
614856429001096,"Long-Term Housing",,,,
629380122005095,Homeless,,,,
630013980013392,Food,"Services for free meals, food pantries, help paying for food, food delivery, food benefits and nutrition support.\n	    	",,,
666755781872045,"Financial Education",,,,
615363042499687,Role,,,,
625453832938852,"GED/High-School Equivalency",,,,
636447730830237,"Understand Government Programs",,,,
637587591909881,"Assistive Technology",,,,
645461517765550,"Pregnancy Tests",,,,
645135888577674,"No High School Diploma",,,,
659632323521459,"Primary Care",,,,
678945436299788,"Wilms Tumor",,,,
683587755864681,Fathers,,,,
639683809732866,Detox,,,,
681677173698449,"Home & Renters Insurance",,,,
688102827594831,"Homebuyer Education",,,,
632722910223412,"Resident of 20009 Zip Code",,,,
656166932664053,"Assisted Living",,,,
652121067639768,"Visual Impairment",,,,
685166122503637,"Sober Living",,,,
697638961326982,"Transportation for Healthcare",,,,
698447380354993,"Help Pay for Childcare",,,,
713360107412317,"Infants and Toddlers (0-2)",,,,
729978449177558,"Dental Care",,,,
734670676387012,"Tax Preparation",,,,
737537161640597,"Unemployment Benefits",,,,
761507437839279,"Discrimination & Civil Rights",,,,
770192788997350,Bereavement,,,,
749673547946260,"Disaster Preparedness & Response",,,,
764797459068982,"Ward 8 Resident",,,,
779743205099707,"Advocacy & Legal Aid",,,,
786843100010907,"Help Find Housing",,,,
754865326124113,"Ages 21+",,,,
768436819350180,Insurance,,,,
776143467926804,"Supplies for School",,,,
777005893906972,"Help Pay for School",,,,
778256962802905,Runaways,,,,
788823167088366,"Intellectual Disability",,,,
796870551245598,"Emergency Food",,,,
742573749443370,"Ages 60+",,,,
745675631776034,"Teens (13-19)",,,,
758960875077789,"All Ages",,,,
760682869186995,"Help Find School",,,,
763679390726230,Grieving,,,,
771397719308358,"Daily Life Skills",,,,
745200262392648,"Bus Passes",,,,
751819565696252,On-Treatment,,,,
769442360904001,"Myeloma, Multiple",,,,
772638817096683,"Employment Status",,,,
777959161914567,"Postnatal Care",,,,
782075910643026,"Limited English",,,,
783597762112560,"Efficient Appliances",,,,
785129242888069,"Parenting Education",,,,
788545605785566,Neuroblastoma,,,,
792078943886000,"Mental Health Care",,,,
798567761994199,"Financial Assistance",,,,
796915569268030,"Interview Training",,,,
800876057594945,"Sexual & Reproductive Health",,,,
810369209316339,"In Danger",,,,
812704423326314,Tutoring,,,,
811387316911588,"Help Find Work",,,,
764499959924021,"Help Hotlines",,,,
764795942886475,"Armed Forces",,,,
783311630722085,"Savings Program",,,,
788769915367979,"Medical Supplies",,,,
796086178758931,"Germ Cell Tumor",,,,
797839516590040,"Anger Management",,,,
819562758416858,"Seniors (55+)",,,,
774629790331236,"Income at or below 80% of Area Median Income (AMI)",,,,
784648110042335,Notary,,,,
784550372225263,Undocumented,,,,
787900585077931,Fertility,,,,
799449709919727,"Chronic Illness",,,,
820647015810178,Insurance,,,,
828376330034249,"Head Start",,,,
838767211746160,"Ages 55+",,,,
777783595078102,"Help Fill out Forms",,,,
804988834413588,12-Step,,,,
818150474957808,"Treatment Phases",,,,
832122112723102,Work,"Services for finding and sustaining work and improving job skills and abilities. \n	    	",,,
835784500825827,"Limited Mobility",,,,
824774385817237,"Animal Welfare",,,,
843205605632982,"Help Pay for Car",,,,
859021943105649,"Temporary Shelter",,,,
860844756602444,"Hospital Treatment",,,,
798186602850839,"Help Pay for Internet or Phone",,,,
801451294791750,"Desmoid Tumors",,,,
821106469654991,"Gastrointestinal Stromal Tumors (GIST)",,,,
833374944686291,Urgency,,,,
853451313072900,Transgender,,,,
849037910727477,"Living with HIV or AIDS",,,,
862799574351361,"Food Delivery",,,,
867392726213096,"After School Care",,,,
806935508227949,"Prevent & Treat",,,,
832401246252623,"Income at or below 60% of Area Median Income (AMI)",,,,
834039463355775,"Toys & Gifts",,,,
841227795962370,"Not eligible for Medicaid",,,,
841905613386238,Legal,"Services for legal representation, mediation, advocacy, citizenship and immigration, adoption and foster care, guardianship, civil rights and more.\n	    	",,,
841837312375321,"Maternity Care",,,,
878852836579488,Transportation,,,,
884987017087539,Recreation,,,,
817592898756695,"Housing Status",,,,
822958875627856,"Adult Daycare",,,,
824666532982332,Homeowners,,,,
851636387581415,"Medicare Recipient",,,,
854830167797217,"Hearing Impairment",,,,
876849061746143,"Recently Diagnosed",,,,
884990506453053,"Foreclosure Counseling",,,,
848353838408166,"Food Pantry",,,,
847224100195290,Spouses,,,,
848192563052259,"Seizure Disorder",,,,
871490711325090,"Personal Loans",,,,
879051723324085,"Maryland Resident",,,,
879394671891223,Health,,,,
892692765580900,"Health & Safety",,,,
897050828053862,"Community Gardens",,,,
839753638188280,"Adoption & Foster Care",,,,
842032101664236,"Help Pay for Food",,,,
870724737216726,"Occupational Therapy",,,,
888406512340629,"Residential Treatment",,,,
891529659623486,"Housing Advice",,,,
897677147477296,Dependents,,,,
894278665383286,"Rectal Cancer",,,,
847186792894551,"On the Autism Spectrum",,,,
850871160684969,"Help Pay for Utilities",,,,
876072370037480,"Severe Mental Illness (SMI)",,,,
873778996234656,"Housing Vouchers",,,,
885604845315230,Latinx,,,,
899387596744807,Money,"Services to help pay for housing, education, childcare, school, food and goods, financial education, tax preparation, insurance, government benefits, vouchers and more.\n	    	",,,
910742652297512,"Transgender Women",,,,
874406320909098,"Adults (31-54)",,,,
874243235517809,Refugees,,,,
877937700279294,Vaccinations,,,,
878273983731439,"Peer Recovery Coaching",,,,
888476474892241,"Help Find Childcare",,,,
893915418546777,Care,"Services for animal welfare, residential caregiving, daytime caregiving, adoption & foster care, building support networks, end-of-life care and help navigating the system.\n	    	",,,
900556679417898,ADD/ADHD,,,,
911240657187696,Gender,,,,
913465370653832,"Lung Cancer",,,,
895304866977482,"Active Duty",,,,
896905506493054,Race/Ethnicity,,,,
897715506052490,Transit,"Services for bus passes, transportation to school, healthcare, appointments and more. \n	    	",,,
916838906992046,Leukemia,,,,
907018824409869,"Alternative Education",,,,
913953119512423,Alzheimers,,,,
929417499509486,"Screening & Exams",,,,
931319187808426,"Foreign Languages",,,,
932692693517000,"Vaginal Cancer",,,,
938191190087284,Mothers,,,,
940079755845898,"Young Children (3-5)",,,,
892728609485756,"Enrolled in Vocational School",,,,
928634817824512,"Help Pay for Healthcare",,,,
946916902767009,"Diapers & Formula",,,,
948368144575516,"English as a Second Language (ESL)",,,,
955005533722335,Mentoring,,,,
918504197761606,"Help Pay for Work Expenses",,,,
918424242217476,"Home Renters",,,,
938367961957346,"Pain Management",,,,
969755667750581,"Emotional State",,,,
915117964681420,"Near Homeless",,,,
931128613729617,Students,,,,
933354645704301,Mediation,,,,
939814378938335,"Weather Relief",,,,
943793802429235,Survivors,,,,
950554442307560,"Medications for Mental Health",,,,
929932272422839,Income-based,,,,
937614928620819,Unemployed,,,,
938095594545503,"All Cancer Types",,,,
944127246528233,"Food Benefits",,,,
950245001314883,"Post-Adoption Support",,,,
958152786056493,"Efficiency Upgrades",,,,
966489790841437,"Head & Neck Cancer",,,,
969114221652955,"Transgender/Gender Non-conforming",,,,
969962996187719,"Before School Care",,,,
989050742720214,Men/Boys,,,,
928322341971989,"Skin Cancer",,,,
930626679893969,"Resident of 20002 Zip Code",,,,
952065863425741,"Disability Benefits",,,,
981004781284407,Books,,,,
982549491856586,Families,,,,
985705289030137,"Disaster Response",,,,
984305979777658,"Anyone in Need",,,,
935458216016910,"Community Support Services",,,,
964978986111653,"Disability Screening",,,,
970576219428839,"Adoption & Foster Parenting",,,,
975831365187379,"Emergency Payments",,,,
1000668362731472,"Resident of 20010 Zip Code",,,,
1005131331152756,"Public Benefit Recipient",,,,
950583367157610,Language,,,,
950295775722822,"Brain Tumor",,,,
980955652303843,"Youth Development",,,,
978140125912052,"Privately Insured",,,,
985893316061112,Homebound,,,,
982524299511218,"Montgomery County, MD Residents",,,,
986852647663353,"Foster Youth",,,,
976566727118378,Education,"Services for preschool, after-school, special education, help finding school, help paying for school, alternative education tutoring and more. \n	    	",,,
977758856598128,"Virginia Resident",,,,
990781435512013,"Developmental Disability",,,,
994637796113653,"Resident of 20005 Zip Code",,,,
996413864069591,Income,,,,
1005108170468430,"Throat Cancer",,,,
1010831804503850,Caregivers,,,,
1024212243896240,"Ovarian Cancer",,,,
1087763039912019,"Clothes for School",,,,
1054161113243743,"Young Adults (20-30)",,,,
1056592274671514,"Baby Clothes",,,,
1077085927218062,"Ductal Carcinoma In Situ (DCIS)",,,,
1096677816677257,"One-on-One Support",,,,
1102140378766615,"Infectious Disease",,,,
1109050320464215,"Supplies for Work",,,,
1054110730145742,"End-of-Life Care",,,,
1066385747698739,"Immediate Safety",,,,
1104421346923013,"Discounted Healthcare",,,,
1108462493888752,"Personal Hygiene",,,,
1118871438435285,"Translation & Interpretation",,,,
1063160308652400,"Burial & Funeral Help",,,,
1058404973355262,"Virtual Support",,,,
1074032646839342,"Understand Mental Health",,,,
1085119813885923,"Retirement Benefits",,,,
1097463912052339,"Throat Cancer",,,,
1116300227520681,"Single Parent",,,,
1129130692803244,"Sexual Assault Survivors",,,,
1124325593515504,"Help Find Healthcare",,,,
1133595924005374,"Northern Virginia Resident",,,,
1073823868791019,"Specialized Therapy",,,,
1075517820799112,"Mental Health Evaluation",,,,
1078085049466319,"Elementary School Students",,,,
1088641745882951,"Formerly Incarcerated",,,,
1091485627676359,"Youth (6-12)",,,,
1090773917009436,"Nutrition Education",,,,
1132205886737577,"More Education",,,,
1136595274223757,"Public Housing",,,,
1139839930624727,Geography,,,,
1093285148289911,"Nursing Home",,,,
1094588998993813,"Supported Employment",,,,
1102011945010404,"Health Education",,,,
1117576465924543,"Perpetrator of Intimate Partner Violence",,,,
1126252598378300,"Help Find Missing Persons",,,,
1128437262265498,"Colorectal Cancer",,,,
1137007817102397,Couples,,,,
1089843134062996,"Free Meals",,,,
1105790653470604,Hospitalized,,,,
1118011435663674,Parents,,,,
1124853964567758,"Day Camp",,,,
1128539471674801,Sarcoma,,,,
1139810782747688,"African American",,,,
1136150527583896,"National Guard",,,,
1145222996317036,"Safe Housing",,,,
1149991867826919,"High School Students",,,,
1155997108133074,"Natural Disaster Survivors",,,,
1116563785046662,"Testicular Cancer",,,,
1125729387706168,"Help Pay for Housing",,,,
1136321764546973,"Clothes for Work",,,,
1155007105799673,Lymphoma,,,,
1110183826221887,"Residential Care",,,,
1130137565137737,Furniture,,,,
1134365017275504,"Emergency Shelter",,,,
1165502705771556,"In Crisis",,,,
1167164301148859,"Neuromuscular Disease",,,,
1172239494288193,"Endomentrial Cancer",,,,
1180656577057246,"Mentally Incapacitated",,,,
1150739665501290,Clothing,,,,
1158147295077777,"Brain Stem Glioma",,,,
1178144711860898,Preschool,,,,
1187711875770801,"Resume Development",,,,
1193736021448376,Counseling,,,,
1129144548042060,"Living with a Disability",,,,
1131650922551092,"Abuse or Neglect Survivors",,,,
1152456768671865,"Disease Screening",,,,
1165536100757865,"Medical Care",,,,
1182573370009691,Uninsured,,,,
1185056435919524,"Survivors of Human Trafficking",,,,
1202929295897319,Representation,,,,
1141891580359737,Disability,,,,
1138294006521405,Pregnant,,,,
1156659172953725,"Vulvar Cancer",,,,
1164058436905621,"Adoption & Foster Placement",,,,
1169956847122981,Emergency,"Services for psychiatric emergencies, emergency financial assistance, immediate safety needs, disaster preparedness and disaster response. \n	    	",,,
1170076693192466,"Speech Therapy",,,,
1177111110322568,"Spiritual Support",,,,
1180601869455614,"Home Goods",,,,
1194411727565835,"Computer or Internet Access",,,,
1190865361469986,"Alternative Medicine",,,,
1150913699729234,Citizenship,,,,
1151454077163181,"Specialized Training",,,,
1167028395080754,Guardianship,,,,
1167670310712474,"Family Planning",,,,
1198680311005259,General,,,,
1203472306779632,"Civic Engagement",,,,
1211047892279140,"Credit Counseling",,,,
1212391318294489,"Substance Abuse Counseling",,,,
1220856468927684,"Pest Control",,,,
1159454952921042,"Colon Cancer",,,,
1162615473559789,"Skilled Nursing",,,,
1198672807706897,"Mothers with Young Children",,,,
1210001318958777,"Help Escape Violence",,,,
1218316969190320,Low-income,,,,
1216482483200020,Sexuality,,,,
1221586946973071,"Basic Literacy",,,,
1175992028688784,"Personal Care Items",,,,
1175009392627115,"Baby Supplies",,,,
1195259342342323,"Facing End of Life",,,,
1203348494376262,"Home Visiting",,,,
1205418622558442,"Government Food Benefits",,,,
1214335604458778,"Drug Testing",,,,
1220542269239390,"Substance Dependency",,,,
1222064688064866,"Medicaid Recipient",,,,
1221398862557362,"Resident of 20017 Zip Code",,,,
1220495166628256,Immigrants,,,,
1228385258535588,Childcare,,,,
1242234055511863,"Ward 6 Resident",,,,
1186613002076967,"Daytime Care",,,,
1199793395531430,"Physical Disability",,,,
1216646091883750,"Help Pay for Transit",,,,
1239874792988551,"Psychiatric Emergency Services",,,,
1242214655871530,Prosthesis,,,,
1190094646494855,Guardianship,,,,
1211420433536032,Goods,"Services for clothing, furniture, baby supplies, toys and gifts and other physical goods.\n	    	",,,
1216065968251829,"Identification Recovery",,,,
1227850736574062,"Personal Safety",,,,
1235658330362031,"Checkup & Test",,,,
1249190270484337,Loans,,,,
1256561487908560,"Cervical Cancer",,,,
1258540708084959,"Medication Management",,,,
1250306771464311,"In-Home Support",,,,
1210543691411181,"Education Status",,,,
1212005456553071,"Age Group",,,,
1227942560636724,Individuals,,,,
1235791902856617,"Short-Term Housing",,,,
1238748896910244,"DC Resident",,,,
1236262310782567,LGBTQ,,,,
1265252182873860,Cancer,,,,
1269018426000715,"English as Second Language",,,,
1219345248905961,"Disease Management",,,,
1247837810727455,"Support Groups",,,,
1269871832519469,Hospice,,,,
1271813480007680,"Support & Service Animals",,,,
1235946450796980,"Stomach (Gastric) Cancer",,,,
1236600629445698,"Resident of 20011 Zip Code",,,,
1246679254354805,"Families With Children",,,,
1251956061226331,"Business Loans",,,,
1258027825566899,"Exercise & Fitness",,,,
1264933912391853,"Vision Tests",,,,
1290232408840072,"150% Federal Poverty Line",,,,
1294707318379665,"Navigating the System",,,,
1236006820299718,Employed,,,,
1258157763922840,"Breast Cancer",,,,
1268047549889803,"Residential Housing",,,,
1275047956986417,"Support Network",,,,
1293967973490870,"Help Pay for Gas",,,,
1304951476177852,"Central Nervous System",,,,
1270273494511913,"Peer Support",,,,
1301032500412497,"Early Childhood Intervention",,,,
1305160187087770,"Job Placement",,,,
1320302684728105,"Government Benefits",,,,
1323975618617949,"125% Federal Poverty Line",,,,
1289547496287422,"Enrolled in College",,,,
1287117316578391,"Women's Health",,,,
1291969667893408,"Multiple Chronic Conditions",,,,
1300476128041301,Household,,,,
1312289963424379,"Skills Assessment",,,,
1317857645388030,"Young Adults Transitioning Out of CFSA Care",,,,
1267748313114955,"Resident of 20001 Zip Code",,,,
1276982655382389,"Health Conditions","Services for medical care, dental care, health education, addiction and recovery, help finding services and help paying for healthcare.\n	    	",,,
1275226911657115,"Physical Therapy",,,,
1305774265925553,Housing,"Services for emergency, short-term and long-term housing, housing advice, help finding housing and help paying for housing.\n	    	",,,
1321490465403348,"Asian Pacific American",,,,
1277101341169416,"Ward 7 Resident",,,,
1280079717530714,"Justice Involvement",,,,
1288689768871609,"Clothing Vouchers",,,,
1287667361952257,"Unaccompanied Minors",,,,
1296225794307299,"Ages 18+",,,,
1292438606384099,"Living with Developmental Disability",,,,
1316589317502463,"Ward 5 Resident",,,,
1317833415134279,"Overnight Camp",,,,
1324762445004848,"Computer Class",,,,
1351267360227141,"Mental Illness",,,,
1351267360227142,test,,,,
1351267360227143,"Test Term",,,,
1351267360227144,"Food Test Term",,,,
1351267360227145,"new food",,,,
1351267360227146,"new food",,,,
1351267360227147,test,,,,
1351267360227148,test,,,,
1351267360227149,"SHelter Test",,,,
1351267360227150,"check parent",,,,
1351267360227151,"New Term 43",,,,
1351267360227152,"Student at a school in DC",,,,
1351267360227153,"Student in a DC school",,,,
1351267360227154,"Student in a DC school",,,,
1351267360227155,ttest,,,,
1351267360227156,ttest,,,,
1351267360227157,"Go to school in DC",,,,
