ID,id,name,parent_name,taxonomy_grandparent_name,vocabulary,taxonomy_x_description,taxonomy_x_notes,taxonomy_services,parent_id,taxonomy_facet,category_id,taxonomy_id,flag
1,535512457471607,Health,,/uploads/images/1593861168category_logo_535512457471607.png,/uploads/images/1593861168category_logo_white_535512457471607.png,,"Open Eligibility Human Situations",,,,,,,rec014zQgicMBdn3a,modified,2020-07-01T05:27:09.000000Z,2020-07-04T11:12:48.000000Z
2,541231378935588,"Baby Supplies",911225335803318,,,,"Open Eligibility Human Services",,,,,,,rec05FsK5dClevAdX,,2020-07-01T05:27:09.000000Z,2020-07-01T05:27:09.000000Z
3,566618132963493,"In Danger",760909883195220,,,,"Open Eligibility Human Situations",,,,,,,rec0JvGf3a4eJtAYg,,2020-07-01T05:27:09.000000Z,2020-07-01T05:27:09.000000Z
4,565992590018471,"Diapers & Formula",969713685396788,,,,"Open Eligibility Human Services",,,,,,,rec0P0nRbBzDqPN8o,,2020-07-01T05:27:09.000000Z,2020-07-01T05:27:09.000000Z
5,599629486793786,Income,,,,,"Open Eligibility Human Situations",,,,,,,rec0lkTPUVrueJYNj,,2020-07-01T05:27:09.000000Z,2020-07-01T05:27:09.000000Z
6,603130468166268,"Basic Literacy",774081908539337,,,,"Open Eligibility Human Services",,,,,,,rec0rSGmglKxmBa1N,,2020-07-01T05:27:09.000000Z,2020-07-01T05:27:09.000000Z
7,550527039171895,"Skills Assessment",774081908539337,,,,"Open Eligibility Human Services",,,,,,,rec14MFy3VFTEJCmi,,2020-07-01T05:27:09.000000Z,2020-07-01T05:27:09.000000Z
8,551096309866521,"Unemployment Benefits",1197107095331825,,,,"Open Eligibility Human Services",,,,,,,rec14U59W4OahwBPy,,2020-07-01T05:27:09.000000Z,2020-07-01T05:27:09.000000Z
9,570100508851477,"Pain Management",1063998043393752,,,,"Open Eligibility Human Services",,,,,,,rec1DlvmheYVpzX8u,,2020-07-01T05:27:09.000000Z,2020-07-01T05:27:09.000000Z
10,569296746827874,"Help Find Housing",,,,,"Open Eligibility Human Services",,,,,,,rec1GJOe36cFKER8r,,2020-07-01T05:27:09.000000Z,2020-07-01T05:27:09.000000Z
11,573830303745356,"Post-Adoption Support",600822546244588,,,,"Open Eligibility Human Services",,,,,,,rec1GtnyPvv1Hw8CV,,2020-07-01T05:27:09.000000Z,2020-07-01T05:27:09.000000Z
12,568823991940718,Adults,1085789766148062,,,,"Open Eligibility Human Situations",,,,,,,rec1I3B3wg4Xflrzb,,2020-07-01T05:27:09.000000Z,2020-07-01T05:27:09.000000Z
13,575260666637379,"Emergency Payments",878986697513222,,,,"Open Eligibility Human Services",,,,,,,rec1Insi0MUgziv51,,2020-07-01T05:27:09.000000Z,2020-07-01T05:27:09.000000Z
14,600634814917931,"End-of-Life Care",637158405241810,,,,"Open Eligibility Human Services",,,,,,,rec1fKl1478MpXXey,,2020-07-01T05:27:09.000000Z,2020-07-01T05:27:09.000000Z
15,605506045716462,"Sober Living",1274117384930254,,,,"Open Eligibility Human Services",,,,,,,rec1lE3Tml5vU9WG4,,2020-07-01T05:27:09.000000Z,2020-07-01T05:27:09.000000Z
16,569262115966753,"Baby Clothes",541231378935588,,,,"Open Eligibility Human Services",,,,,,,rec29nvFlzWMuXKrq,,2020-07-01T05:27:09.000000Z,2020-07-01T05:27:09.000000Z
17,592588651020057,Pregnant,941516382466411,,,,"Open Eligibility Human Situations",,,,,,,rec2TNFNd8OpL1cn9,,2020-07-01T05:27:09.000000Z,2020-07-01T05:27:09.000000Z
18,596687493300142,"Clothes for School",969713685396788,,,,"Open Eligibility Human Services",,,,,,,rec2VcBvWDgZwbpVR,,2020-07-01T05:27:09.000000Z,2020-07-01T05:27:09.000000Z
19,605822191549281,"Supplies for Work",1188937635410027,,,,"Open Eligibility Human Services",,,,,,,rec2aMej1us6hasCo,,2020-07-01T05:27:09.000000Z,2020-07-01T05:27:09.000000Z
20,609386811253786,"HIV Treatment",740933891351195,,,,"Open Eligibility Human Services",,,,,,,rec2bl47jlxgVQtlj,,2020-07-01T05:27:09.000000Z,2020-07-01T05:27:09.000000Z
21,614950778575140,"Citizenship & Immigration",643662870884744,,,,"Open Eligibility Human Services",,,,,,,rec2gpAYjjkm7pxjP,,2020-07-01T05:27:09.000000Z,2020-07-01T05:27:09.000000Z
22,625566227535950,Individuals,1085136008911391,,,,"Open Eligibility Human Situations",,,,,,,rec2uJlMQgYJex60F,,2020-07-01T05:27:09.000000Z,2020-07-01T05:27:09.000000Z
23,565485949189359,"Developmental Disability",913269731501990,,,,"Open Eligibility Human Situations",,,,,,,rec319CkMuDj0fBG1,,2020-07-01T05:27:09.000000Z,2020-07-01T05:27:09.000000Z
24,571331825117992,"Disease Management",752843971156447,,,,"Open Eligibility Human Services",,,,,,,rec36C92kdqoZjoMz,,2020-07-01T05:27:09.000000Z,2020-07-01T05:27:09.000000Z
25,572744335721764,"Adoption Planning",600822546244588,,,,"Open Eligibility Human Services",,,,,,,rec391O093uKrEz36,,2020-07-01T05:27:09.000000Z,2020-07-01T05:27:09.000000Z
26,593989857410444,"Personal Hygiene",694529325889026,,,,"Open Eligibility Human Services",,,,,,,rec3GvnNld0RlyWE6,,2020-07-01T05:27:09.000000Z,2020-07-01T05:27:09.000000Z
27,594939412892467,"Clothing Vouchers",969713685396788,,,,"Open Eligibility Human Services",,,,,,,rec3LMoxX0zeDhImM,,2020-07-01T05:27:09.000000Z,2020-07-01T05:27:09.000000Z
28,602301167074481,"Emergency Shelter",,,,,"Open Eligibility Human Services",,,,,,,rec3TIYcrAmDvX4xQ,,2020-07-01T05:27:09.000000Z,2020-07-01T05:27:09.000000Z
29,606029878570589,"Assisted Living",665669503414701,,,,"Open Eligibility Human Services",,,,,,,rec3Tr93S2CkNOkMw,,2020-07-01T05:27:09.000000Z,2020-07-01T05:27:09.000000Z
30,600822546244588,"Adoption & Foster Care",637158405241810,,,,"Open Eligibility Human Services",,,,,,,rec3U2L3lD9Rb9Abl,,2020-07-01T05:27:09.000000Z,2020-07-01T05:27:09.000000Z
31,578829543267435,Refugees,768277476111684,,,,"Open Eligibility Human Situations",,,,,,,rec40cUHDASZte5fs,,2020-07-01T05:27:09.000000Z,2020-07-01T05:27:09.000000Z
32,630387904080035,"Human Trafficking Survivors",845883336588812,,,,"Open Eligibility Human Situations",,,,,,,rec4cjI0YXrXxJ5D7,,2020-07-01T05:27:09.000000Z,2020-07-01T05:27:09.000000Z
33,644073417521878,"In-Home Support",740933891351195,,,,"Open Eligibility Human Services",,,,,,,rec4ozQ93zWc5QcVv,,2020-07-01T05:27:09.000000Z,2020-07-01T05:27:09.000000Z
34,647287552667612,Grieving,1286022221066840,,,,"Open Eligibility Human Situations",,,,,,,rec4soknDE2uXPCOz,,2020-07-01T05:27:09.000000Z,2020-07-01T05:27:09.000000Z
35,607864999860985,LGBTQ,665301393676617,,,,"Open Eligibility Human Situations",,,,,,,rec5AtuY1blnIvxXi,,2020-07-01T05:27:09.000000Z,2020-07-01T05:27:09.000000Z
36,607154429071893,"Maternity Care",694529325889026,,,,"Open Eligibility Human Services",,,,,,,rec5DOqql2umjhFRI,,2020-07-01T05:27:09.000000Z,2020-07-01T05:27:09.000000Z
37,611427973021245,"Help Pay for Housing",575260666637379,,,,"Open Eligibility Human Services",,,,,,,rec5JBFxI8iEj4Pqs,,2020-07-01T05:27:09.000000Z,2020-07-01T05:27:09.000000Z
38,616851322165580,"Skills & Training",970915508638448,,,,"Open Eligibility Human Services",,,,,,,rec5LeBU2zZs7kJnP,,2020-07-01T05:27:09.000000Z,2020-07-01T05:27:09.000000Z
39,617606397542403,"Basic Literacy",774081908539337,,,,"Open Eligibility Human Services",,,,,,,rec5Ln2aQvo9N5USI,,2020-07-01T05:27:09.000000Z,2020-07-01T05:27:09.000000Z
40,646161643439653,Hospitalized,941516382466411,,,,"Open Eligibility Human Situations",,,,,,,rec5lHTqMWBCAQP6q,,2020-07-01T05:27:09.000000Z,2020-07-01T05:27:09.000000Z
41,653908687612725,Teens,1085789766148062,,,,"Open Eligibility Human Situations",,,,,,,rec5oyEjvMmKdhKtA,,2020-07-01T05:27:09.000000Z,2020-07-01T05:27:09.000000Z
42,649174939216401,"Sex Education",752843971156447,,,,"Open Eligibility Human Services",,,,,,,rec6bfYMDhWpYrowo,,2020-07-01T05:27:09.000000Z,2020-07-01T05:27:09.000000Z
43,660703999322163,"Supported Employment",722235405163045,,,,"Open Eligibility Human Services",,,,,,,rec6pKr4mePTV2rDS,,2020-07-01T05:27:09.000000Z,2020-07-01T05:27:09.000000Z
44,612110158447234,"Help Find Housing",1220657352034180,,,,"Open Eligibility Human Services",,,,,,,rec71xcpGc9fqjdsT,,2020-07-01T05:27:09.000000Z,2020-07-01T05:27:09.000000Z
45,632609508449013,Transportation,1128676999460357,,,,"Open Eligibility Human Services",,,"1166105214343141,847598884926148,1186072430576309,602724412494897,1135905810909481,563588572334023,627760898509669,834471316045858,723134469644452,789912082269332,824288922961198",,,,rec7L7eZY4R8Jg0nq,,2020-07-01T05:27:09.000000Z,2020-07-01T05:27:09.000000Z
46,635325740258278,"Mental Illness",913269731501990,,,,"Open Eligibility Human Situations",,,,,,,rec7MKIY7tGV7cUCl,,2020-07-01T05:27:09.000000Z,2020-07-01T05:27:09.000000Z
47,666635806773509,Parents,1066871732349907,,,,"Open Eligibility Human Situations",,,,,,,rec7ilJXFK31OHhgO,,2020-07-01T05:27:09.000000Z,2020-07-01T05:27:09.000000Z
48,637158405241810,Care,,/uploads/images/1593861195category_logo_637158405241810.png,/uploads/images/1593861195category_logo_white_637158405241810.png,,"Open Eligibility Human Services",,,"1134361757901839,1224317983369922,644648091160119,1135056817241313,645384002034771,761018228722418,679830596478752,632654541686281,924435449967844,966657126572943,767682966554088,948956237360164,872823918122712,569770427910971,1166105214343141,1229131972445514,1311031611561841,688871630742360,1210697117152571,1194701188927394,775356580769657,872625169605396,573931060003252,662348348100050,956658240049666,762888373958688,803655377623585,929396265497963,845999906983085,1195448583131416,819327215791900,1243674394135496,1098998360726289,940105141272489,775927218674309,599402007780126,907595418658961,822492274972082,956342437760431,1296730701251441,1255893170172420,784304581015971,617097787641398,1121979483597520,885835927138322,1212544141593855,920928473432747,1270590689586287,671724061345975,681767171553959,600624054710125,695948265970000,613307132570587,1160149147134890,1298139501002270,768961725734908,1224104445658687,1305017069566679,1311316578271310,1081316277006822,953777853543160,771396624281852,1123263717880462,846445553337660,1070582664052295,1149122872651888,666406976354887,741770132344686,638393936667053,1157294466052185,633712201049185,921815945825806,1181081521839444,1122242214354849,1197691835069647,1234003496832541,636733000958441,958581554726772,963237379779513,1139270346999526,1211369825885952,1208786629108154,825628435745785,1307622731573519,865371846794230,873921955624383,1084298429662110,605446506944549,1087433575244513,908986332318967,1104456609971378,1238586489770478,908536708739321,758846747979067,626861523724993,903471867323822,1088727091600389,1052874613014434,566502197729713,571969699128717,855116520932040,782799413098806,605724148465394,1183786146199295,1290396892728753,651504031814159,916268094765428,988930242117816,1179313324156762,1336511977669058,1332741706053106,862476176486863,1106083468244471,780286718217610,1266877916484133,951270390830894,1141624870158332,1147690047097756,1289508652850921,1106771248483191,893746684671899,657179015884472,1134764669826308,619922899003410,1342596886767460,920716842267245,1291599466171764,978182683421582,1252264089140599,1248912869636667,1321094180433140,580719808472057,990258942674234,804988563046565,775111969675006,836738857450646,911181735974447,1230658202367837,642284944498747,971066029264975,1273613208251491,786302163414865,1056286703581712,760997112833771,1120743935334776,1104683959276927,653156323573606,1210007334289332,832898052878964,645815813705213,994497447759686,1070895654294162,590895767819582,1244196225355763,1096928318806733,834347484127358,881475888864647,592511260613384,1229834582759480,792954474348824,831904738773639,1175089962860672,967263158004203,1098750358504732,1224357598807692,1048327823635547,895703387545823,1125749101520857,974562561948426,935467815186616,852882436125716,1182157958552306,670644496333952,814817282883148,813051911788426,955750891211425,816660270769024,1290043633447090,1138943294791040,1153502278841700,1153962275208345,733244062080278,953130575650955,814382562390416,1052254032756894,1296433586474206,602650991439185,884244585280076,767255821745825,641610186670486,989819878149890,658231090559812,947357493854904,1173963793862866,970377297500925,1107634998787398,1127640457224641,762171918332918,899139018547334,1052463055100883,678882337307747,964012421803449,1201397185768590,785647685413221,894009414185445,721115353360225,1215651158311524,784662874544792,699918289813778,597026276891169,936863331676390,968057316664450,1178562151177693,636134392103308,1077603109327544,1071110285565782,1244526695505882,853798812414411,1277069302008536,1220271139140877,1092577874332799,1017815111476074,1135169686375345,880988285788628,895095793944105,1054723852607588,937354212048327,1219974334671075,789456565791843,979536491529478,1178096298000358,859629175967195,1299121197634961,1106419147216738,642012149083751,605774245554167,990367220887588,847425752356331,871817666202986,1012930231616826,875517215179569,1220807689850937,713046095331473,1082503758750664",,,,rec8G6DBv3VTLJCj2,modified,2020-07-01T05:27:09.000000Z,2020-07-04T11:13:15.000000Z
49,643662870884744,"Screening & Exams",789038541797078,,,,"Open Eligibility Human Services",,,,,,,rec8GrwB8y5CnLOLT,,2020-07-01T05:27:09.000000Z,2020-07-01T05:27:09.000000Z
50,658050726830322,"African American",842613696983037,,,,"Open Eligibility Human Situations",,,,,,,rec8Vmgr6xtcRda94,,2020-07-01T05:27:09.000000Z,2020-07-01T05:27:09.000000Z
51,655668553137432,"Understand Government Programs",1197107095331825,,,,"Open Eligibility Human Services",,,,,,,rec8WNKp5pzcu7psR,,2020-07-01T05:27:09.000000Z,2020-07-01T05:27:09.000000Z
52,661222637379045,"Emergency Food",832990803111047,,,,"Open Eligibility Human Services",,,,,,,rec8ZdqSXIe4p3FbA,,2020-07-01T05:27:09.000000Z,2020-07-01T05:27:09.000000Z
53,675806166641578,"Disaster Response",878986697513222,,,,"Open Eligibility Human Services",,,,,,,rec8hnDuRWVcATAg0,,2020-07-01T05:27:10.000000Z,2020-07-01T05:27:10.000000Z
54,674731290697917,Children,1085789766148062,,,,"Open Eligibility Human Situations",,,,,,,rec8m32zReEioOMpa,,2020-07-01T05:27:10.000000Z,2020-07-01T05:27:10.000000Z
55,683152979329778,"Animal Welfare",637158405241810,,,,"Open Eligibility Human Services",,,,,,,rec8u2jPxYPUHg9eD,,2020-07-01T05:27:10.000000Z,2020-07-01T05:27:10.000000Z
56,632521424799486,"Disease Screening",873764097711089,,,,"Open Eligibility Human Services",,,,,,,rec990B2ghMH4I6dV,,2020-07-01T05:27:10.000000Z,2020-07-01T05:27:10.000000Z
57,644752777008038,"Credit Counseling",1044271540015278,,,,"Open Eligibility Human Services",,,,,,,rec9D7uL8mOFZabql,,2020-07-01T05:27:10.000000Z,2020-07-01T05:27:10.000000Z
58,650403719920473,"Tax Preparation",1077790582995406,,,,"Open Eligibility Human Services",,,,,,,rec9HHpHo81g6HLR5,,2020-07-01T05:27:10.000000Z,2020-07-01T05:27:10.000000Z
59,657176759181389,"Intellectual Disability",913269731501990,,,,"Open Eligibility Human Situations",,,,,,,rec9LdmNKscZp1qbm,,2020-07-01T05:27:10.000000Z,2020-07-01T05:27:10.000000Z
60,654652444644946,"Home & Renters Insurance",611427973021245,,,,"Open Eligibility Human Services",,,,,,,rec9N8aIWASlHw59L,,2020-07-01T05:27:10.000000Z,2020-07-01T05:27:10.000000Z
61,665669503414701,"Long-Term Housing",962927224652917,,,,"Open Eligibility Human Services",,,,,,,rec9XBaXfvtBGaBgG,,2020-07-01T05:27:10.000000Z,2020-07-01T05:27:10.000000Z
62,665301393676617,Sexuality,,,,,"Open Eligibility Human Situations",,,,,,,rec9Y89zRoM6wMUiC,,2020-07-01T05:27:10.000000Z,2020-07-01T05:27:10.000000Z
63,689104191498737,"Help Hotlines",977436722195348,,,,"Open Eligibility Human Services",,,,,,,rec9kneSfWrBRGDRu,,2020-07-01T05:27:10.000000Z,2020-07-01T05:27:10.000000Z
64,688263758487981,"Foreclosure Counseling",928904293482929,,,,"Open Eligibility Human Services",,,,,,,rec9mPuTXY8pwWcdQ,,2020-07-01T05:27:10.000000Z,2020-07-01T05:27:10.000000Z
65,694529325889026,"Medical Care",941516382466411,,,,"Open Eligibility Human Services",,,,,,,rec9tJfbfgVYXamhV,,2020-07-01T05:27:10.000000Z,2020-07-01T05:27:10.000000Z
66,708232178690248,"Discounted Healthcare",762156967285100,,,,"Open Eligibility Human Services",,,,,,,recA1V2yfZFMZOj9N,,2020-07-01T05:27:10.000000Z,2020-07-01T05:27:10.000000Z
67,722235405163045,"More Education",789038541797078,,,,"Open Eligibility Human Services",,,,,,,recAB2rWN2aHTooWK,,2020-07-01T05:27:10.000000Z,2020-07-01T05:27:10.000000Z
68,741374308689917,"Help Pay for Transit",1128676999460357,,,,"Open Eligibility Human Services",,,,,,,recANzjl94Mo2PWt9,,2020-07-01T05:27:10.000000Z,2020-07-01T05:27:10.000000Z
69,741904377810516,"Parenting Education",1254074732016248,,,,"Open Eligibility Human Services",,,,,,,recARVwgfmOPHU15V,,2020-07-01T05:27:10.000000Z,2020-07-01T05:27:10.000000Z
70,746271441835157,"Food Benefits",728747262765097,,,,"Open Eligibility Human Services",,,,,,,recAWW0RVN79etOta,,2020-07-01T05:27:10.000000Z,2020-07-01T05:27:10.000000Z
71,746754566036960,"Physical Therapy",740933891351195,,,,"Open Eligibility Human Services",,,,,,,recAWYO4x324GtawF,,2020-07-01T05:27:10.000000Z,2020-07-01T05:27:10.000000Z
72,728747262765097,"Help Pay for Food",575260666637379,,,,"Open Eligibility Human Services",,,,,,,recB9mMDQlIXUhbvu,,2020-07-01T05:27:10.000000Z,2020-07-01T05:27:10.000000Z
73,740933891351195,"Prevent & Treat",694529325889026,,,,"Open Eligibility Human Services",,,,,,,recBEliJWli98RV5A,,2020-07-01T05:27:10.000000Z,2020-07-01T05:27:10.000000Z
74,749833084467685,Dependents,1066871732349907,,,,"Open Eligibility Human Situations",,,,,,,recBNmW6RPIiYAwFU,,2020-07-01T05:27:10.000000Z,2020-07-01T05:27:10.000000Z
75,754725192260278,"Transportation for Healthcare",762156967285100,,,,"Open Eligibility Human Services",,,,,,,recBRst9JCrJIyW0b,,2020-07-01T05:27:10.000000Z,2020-07-01T05:27:10.000000Z
76,752843971156447,"Health Education",941516382466411,,,,"Open Eligibility Human Services",,,,,,,recBTQAUMy4Qc7kAa,,2020-07-01T05:27:10.000000Z,2020-07-01T05:27:10.000000Z
77,758305643954209,"Limited English",911833213594566,,,,"Open Eligibility Human Situations",,,,,,,recBUxxbAl8I9IgRY,,2020-07-01T05:27:10.000000Z,2020-07-01T05:27:10.000000Z
78,771764312367707,"Adoption & Foster Placement",600822546244588,,,,"Open Eligibility Human Services",,,,,,,recBcz1D4dgTVdBcu,,2020-07-01T05:27:10.000000Z,2020-07-01T05:27:10.000000Z
79,773031029250593,"Hearing Impairment",913269731501990,,,,"Open Eligibility Human Situations",,,,,,,recBiJ91lsGJLOjYg,,2020-07-01T05:27:10.000000Z,2020-07-01T05:27:10.000000Z
80,775541039527582,"Nutrition Education",752843971156447,,,,"Open Eligibility Human Services",,,,,,,recBm8VEkytzzcNBz,,2020-07-01T05:27:10.000000Z,2020-07-01T05:27:10.000000Z
81,785588871929617,"Health Insurance",762156967285100,,,,"Open Eligibility Human Services",,,,,,,recBqx0eGBdkparpa,,2020-07-01T05:27:10.000000Z,2020-07-01T05:27:10.000000Z
82,791088454080401,"In-Home Support",977436722195348,,,,"Open Eligibility Human Services",,,,,,,recBvxf8uE7Ntkyvy,,2020-07-01T05:27:10.000000Z,2020-07-01T05:27:10.000000Z
83,727397918310213,"Help Pay for Utilities",575260666637379,,,,"Open Eligibility Human Services",,,,,,,recC1GuvWoafgJ6Fq,,2020-07-01T05:27:10.000000Z,2020-07-01T05:27:10.000000Z
84,760909883195220,Urgency,,,,,"Open Eligibility Human Situations",,,,,,,recCSFSDmXa2q5qUF,,2020-07-01T05:27:10.000000Z,2020-07-01T05:27:10.000000Z
85,762156967285100,"Help Pay for Healthcare",575260666637379,,,,"Open Eligibility Human Services",,,,,,,recCSPhjg6vPz5pQZ,,2020-07-01T05:27:10.000000Z,2020-07-01T05:27:10.000000Z
86,783772531039360,"In Crisis",760909883195220,,,,"Open Eligibility Human Situations",,,,,,,recCiONRbC5HKS7Ld,,2020-07-01T05:27:10.000000Z,2020-07-01T05:27:10.000000Z
87,799046801677657,Hospice,1063998043393752,,,,"Open Eligibility Human Services",,,,,,,recCxOkAkgA9ZFBaW,,2020-07-01T05:27:10.000000Z,2020-07-01T05:27:10.000000Z
88,753694842989131,"Sex Education",752843971156447,,,,"Open Eligibility Human Services",,,,,,,recDBAoIp7SWujwoy,,2020-07-01T05:27:10.000000Z,2020-07-01T05:27:10.000000Z
89,761970583258049,"Assisted Living",881970101086242,,,,"Open Eligibility Human Services",,,,,,,recDIRCXrp7Gn467c,,2020-07-01T05:27:10.000000Z,2020-07-01T05:27:10.000000Z
90,767061975467303,"Interview Training",774081908539337,,,,"Open Eligibility Human Services",,,,,,,recDLdbIS8m5io7Fg,,2020-07-01T05:27:10.000000Z,2020-07-01T05:27:10.000000Z
91,768589969381785,"Supported Employment",1132338491006534,,,,"Open Eligibility Human Services",,,,,,,recDQDEZWwDl1Pjli,,2020-07-01T05:27:10.000000Z,2020-07-01T05:27:10.000000Z
92,768277476111684,Citizenship,,,,,"Open Eligibility Human Situations",,,,,,,recDR7BircLYs6G3J,,2020-07-01T05:27:10.000000Z,2020-07-01T05:27:10.000000Z
93,774081908539337,"Skills & Training",789038541797078,,,,"Open Eligibility Human Services",,,,,,,recDURPGcZdJhZUJa,,2020-07-01T05:27:10.000000Z,2020-07-01T05:27:10.000000Z
94,785957384879261,"Disease Management",752843971156447,,,,"Open Eligibility Human Services",,,,,,,recDaQP2BCiWlZV8e,,2020-07-01T05:27:10.000000Z,2020-07-01T05:27:10.000000Z
95,793027143034630,"Burial & Funeral Help",1063998043393752,,,,"Open Eligibility Human Services",,,,,,,recDfh3ji3yr3rbId,,2020-07-01T05:27:10.000000Z,2020-07-01T05:27:10.000000Z
96,754796852478635,"Nursing Home",665669503414701,,,,"Open Eligibility Human Services",,,,,,,recE8LnYCfyfsyCSi,,2020-07-01T05:27:10.000000Z,2020-07-01T05:27:10.000000Z
97,760825625026706,"Transportation for School",,,,,"Open Eligibility Human Services",,,,,,,recEA46NAhIlrLbSL,,2020-07-01T05:27:10.000000Z,2020-07-01T05:27:10.000000Z
98,774009134584259,"Home & Renters Insurance",1167001925784523,,,,"Open Eligibility Human Services",,,,,,,recEHnYoGZzrjpnwE,,2020-07-01T05:27:10.000000Z,2020-07-01T05:27:10.000000Z
99,778980912477292,"Home Renters",,,,,"Open Eligibility Human Situations",,,,,,,recENfGA51rKVmGmf,,2020-07-01T05:27:10.000000Z,2020-07-01T05:27:10.000000Z
100,786378632359786,"Overnight Camp",881970101086242,,,,"Open Eligibility Human Services",,,,,,,recEWRmMkTTLDJ458,,2020-07-01T05:27:10.000000Z,2020-07-01T05:27:10.000000Z
101,801961302720448,Students,789038541797078,,,,"Open Eligibility Human Situations",,,,,,,recEcvkSJT2y6J4vD,,2020-07-01T05:27:10.000000Z,2020-07-01T05:27:10.000000Z
102,804264918851769,"National Guard",1306232247240502,,,,"Open Eligibility Human Situations",,,,,,,recEfpe155MjuHZEO,,2020-07-01T05:27:10.000000Z,2020-07-01T05:27:10.000000Z
103,803208656595543,"Clothes for School",996104953244647,,,,"Open Eligibility Human Services",,,,,,,recEiJHS0LUkMvAc5,,2020-07-01T05:27:10.000000Z,2020-07-01T05:27:10.000000Z
104,813830969543640,"Anyone in Need",1177088768747787,,,,"Open Eligibility Human Situations",,,,,,,recEu8sIDhxVX97fx,,2020-07-01T05:27:10.000000Z,2020-07-01T05:27:10.000000Z
105,763681284091267,"Transportation for Healthcare",,,,,"Open Eligibility Human Services",,,,,,,recF5aVmnuiPg1nvW,,2020-07-01T05:27:10.000000Z,2020-07-01T05:27:10.000000Z
106,820092382488986,Books,996104953244647,,,,"Open Eligibility Human Services",,,,,,,recFmcoGgf5WEVvkt,,2020-07-01T05:27:10.000000Z,2020-07-01T05:27:10.000000Z
107,822560965098844,Caregivers,1066871732349907,,,,"Open Eligibility Human Situations",,,,,,,recFom5wr1DA3OYVT,,2020-07-01T05:27:10.000000Z,2020-07-01T05:27:10.000000Z
108,828401761382179,Men,916364215200663,,,,"Open Eligibility Human Situations",,,,,,,recFxKSB2F1otnqMm,,2020-07-01T05:27:10.000000Z,2020-07-01T05:27:10.000000Z
109,772793115555627,"Vision Tests",873764097711089,,,,"Open Eligibility Human Services",,,,,,,recG5Uwa76CItVVa9,,2020-07-01T05:27:10.000000Z,2020-07-01T05:27:10.000000Z
110,771747811415390,Detox,934912744195386,,,,"Open Eligibility Human Services",,,,,,,recG6EKUwNwqgO5dZ,,2020-07-01T05:27:10.000000Z,2020-07-01T05:27:10.000000Z
111,777417908578852,"Outpatient Treatment",934912744195386,,,,"Open Eligibility Human Services",,,,,,,recG7owtmXyE8jwWR,,2020-07-01T05:27:10.000000Z,2020-07-01T05:27:10.000000Z
112,791567645935399,"Help Find School",1220657352034180,,,,"Open Eligibility Human Services",,,,,,,recGHWKnF8IutBVDw,,2020-07-01T05:27:10.000000Z,2020-07-01T05:27:10.000000Z
113,810300868097989,"Home Owners",,,,,"Open Eligibility Human Situations",,,,,,,recGXrNltsivxVoRE,,2020-07-01T05:27:10.000000Z,2020-07-01T05:27:10.000000Z
114,810669861135429,Notary,917725171609009,,,,"Open Eligibility Human Services",,,,,,,recGZcBbkn70zlD7O,,2020-07-01T05:27:10.000000Z,2020-07-01T05:27:10.000000Z
115,823040643861091,"Clothes for Work",969713685396788,,,,"Open Eligibility Human Services",,,,,,,recGiIBHOAUOWPi63,,2020-07-01T05:27:10.000000Z,2020-07-01T05:27:10.000000Z
116,789038541797078,Education,,/uploads/images/1593861412category_logo_789038541797078.png,/uploads/images/1593861412category_logo_white_789038541797078.png,,"Open Eligibility Human Services",,,"1088249391392945,1224237784751973,923438177610839,881381167741606,632654541686281,591961230618386,784062651801689,606631780927132,882877789489952,607894816484467,615976785591225,900680386991276,682308202362189,750095723394999,948442047347066,972989260139901,953777853543160,1088833752301562,1234003496832541,636733000958441,963237379779513,817086926506130,1125350403679270,576262745925884,580120354830667,1150307807148693,865371846794230,908986332318967,958643940332296,1119090357480675,753964791303094,1055696283461218,1090262984895790,855116520932040,605724148465394,1183218830562978,988930242117816,1106083468244471,1107243553438801,1282487813090005,616047069998063,993493444765030,1076980913864779,810517634677025,1297058844905012,1188218787305496,824247975076202,1142076553934088,1248912869636667,787765929715080,877620900930693,1108768153867457,784134299150571,1252929483881761,1180623233814950,1270127715145648,946406110593174,786302163414865,1056286703581712,943023691666873,1234340144717096,596474071852609,832898052878964,645815813705213,617081192222015,886788508609002,1209187247938710,854338133373761,565227181581504,1185457585183638,974562561948426,1153962275208345,1213230585541920,1219686317955585,1133165843084453,777260696695053,1253744104425599,1300660045853572,807525744099302,874199505765345,759287871630149,699918289813778,833788770520302,968057316664450,1318218238602449,1007199538654431,1237806236278461,1244747959773878,1171417382872545,1292184415850124,713046095331473",,,,recH9mgeCHrEOe0ul,modified,2020-07-01T05:27:10.000000Z,2020-07-04T11:16:52.000000Z
117,798546891260987,"Pain Management",740933891351195,,,,"Open Eligibility Human Services",,,,,,,recHBtTe3DbxvGWuu,,2020-07-01T05:27:10.000000Z,2020-07-01T05:27:10.000000Z
118,809824240660492,"Burial & Funeral Help",1063998043393752,,,,"Open Eligibility Human Services",,,,,,,recHMwUASSbx8YfzH,,2020-07-01T05:27:10.000000Z,2020-07-01T05:27:10.000000Z
119,836394203577838,"Alternative Medicine",694529325889026,,,,"Open Eligibility Human Services",,,,,,,recHhsMqefHhkaaiX,,2020-07-01T05:27:10.000000Z,2020-07-01T05:27:10.000000Z
120,811307829697718,"Understand Disability",752843971156447,,,,"Open Eligibility Human Services",,,,,,,recIFk1lVoq9ZUtgX,,2020-07-01T05:27:10.000000Z,2020-07-01T05:27:10.000000Z
121,810012077038167,"Help Pay for Gas",575260666637379,,,,"Open Eligibility Human Services",,,,,,,recIJ61pXvXQRoA9a,,2020-07-01T05:27:10.000000Z,2020-07-01T05:27:10.000000Z
122,813809919700509,"Help Find Missing Persons",878986697513222,,,,"Open Eligibility Human Services",,,,,,,recIN3A1amyJyOgt1,,2020-07-01T05:27:10.000000Z,2020-07-01T05:27:10.000000Z
123,823379539865311,"English as a Second Language (ESL)",643662870884744,,,,"Open Eligibility Human Services",,,,,,,recIRjAzE5ccVc6Oy,,2020-07-01T05:27:10.000000Z,2020-07-01T05:27:10.000000Z
124,821972659446081,"Help Pay for Housing",,,,,"Open Eligibility Human Services",,,,,,,recISQOHbO9qkF5De,,2020-07-01T05:27:10.000000Z,2020-07-01T05:27:10.000000Z
125,822916254318612,"Family Planning",752843971156447,,,,"Open Eligibility Human Services",,,,,,,recIUGGaQhjGs9hof,,2020-07-01T05:27:10.000000Z,2020-07-01T05:27:10.000000Z
126,825707196710379,"Daytime Care",637158405241810,,,,"Open Eligibility Human Services",,,,,,,recIXDNtgNje70sPO,,2020-07-01T05:27:10.000000Z,2020-07-01T05:27:10.000000Z
127,840677228880037,Hospice,1063998043393752,,,,"Open Eligibility Human Services",,,,,,,recIfKke5TPOUvpLM,,2020-07-01T05:27:10.000000Z,2020-07-01T05:27:10.000000Z
128,840873854046695,"GED/High-School Equivalency",643662870884744,,,,"Open Eligibility Human Services",,,,,,,recIgGEJYTl1iXOGU,,2020-07-01T05:27:10.000000Z,2020-07-01T05:27:10.000000Z
129,845883336588812,Survivors,,,,,"Open Eligibility Human Situations",,,,,,,recIidOPzhYDCnLrH,,2020-07-01T05:27:10.000000Z,2020-07-01T05:27:10.000000Z
130,805072988263335,"Resume Development",774081908539337,,,,"Open Eligibility Human Services",,,,,,,recJ4xcKCxR85ypgi,,2020-07-01T05:27:10.000000Z,2020-07-01T05:27:10.000000Z
131,833027145896691,Undocumented,768277476111684,,,,"Open Eligibility Human Situations",,,,,,,recJRePtcpseEbQ3Q,,2020-07-01T05:27:10.000000Z,2020-07-01T05:27:10.000000Z
132,838932121886234,"Resume Development",774081908539337,,,,"Open Eligibility Human Services",,,,,,,recJXaot1mwtuja06,,2020-07-01T05:27:10.000000Z,2020-07-01T05:27:10.000000Z
133,852842496464658,"Help Pay for Utilities",611427973021245,,,,"Open Eligibility Human Services",,,,,,,recJiCgekEaTd5lKl,,2020-07-01T05:27:10.000000Z,2020-07-01T05:27:10.000000Z
134,855122824493287,"Maintenance & Repairs",611427973021245,,,,"Open Eligibility Human Services",,,,,,,recJm7891QezyM7GM,,2020-07-01T05:27:10.000000Z,2020-07-01T05:27:10.000000Z
135,873764097711089,"Checkup & Test",694529325889026,,,,"Open Eligibility Human Services",,,,,,,recJyz1D1lo8fSHRE,,2020-07-01T05:27:10.000000Z,2020-07-01T05:27:10.000000Z
136,815361826756407,"Benefit Recipients",599629486793786,,,,"Open Eligibility Human Situations",,,,,,,recK5sJnkiG35sgdk,,2020-07-01T05:27:10.000000Z,2020-07-01T05:27:10.000000Z
137,845185970398495,"Specialized Training",774081908539337,,,,"Open Eligibility Human Services",,,,,,,recKVPnMNjeUNnIpK,,2020-07-01T05:27:10.000000Z,2020-07-01T05:27:10.000000Z
138,846273786546120,"Clothes for School",996104953244647,,,,"Open Eligibility Human Services",,,,,,,recKVa34kdMVSgxdx,,2020-07-01T05:27:10.000000Z,2020-07-01T05:27:10.000000Z
139,847370188125033,"Peer Support",977436722195348,,,,"Open Eligibility Human Services",,,,,,,recKXUMYj2PDzc0v5,,2020-07-01T05:27:10.000000Z,2020-07-01T05:27:10.000000Z
140,869467807235637,"Physical Disability",913269731501990,,,,"Open Eligibility Human Situations",,,,,,,recKksXQ9eXTJXDLM,,2020-07-01T05:27:10.000000Z,2020-07-01T05:27:10.000000Z
141,871871875942877,"Financial Aid & Loans",996104953244647,,,,"Open Eligibility Human Services",,,,,,,recKmz8dp7qvgfeFM,,2020-07-01T05:27:10.000000Z,2020-07-01T05:27:10.000000Z
142,870372575351941,"Parenting Education",752843971156447,,,,"Open Eligibility Human Services",,,,,,,recKqBEKAe8Rgt2VQ,,2020-07-01T05:27:10.000000Z,2020-07-01T05:27:10.000000Z
143,866647126237508,"Transportation for Healthcare",762156967285100,,,,"Open Eligibility Human Services",,,,,,,recLbOCG72vGfmJeb,,2020-07-01T05:27:10.000000Z,2020-07-01T05:27:10.000000Z
144,868742761519608,Tutoring,722235405163045,,,,"Open Eligibility Human Services",,,,,,,recLbdBJKvK7YxTmv,,2020-07-01T05:27:10.000000Z,2020-07-01T05:27:10.000000Z
145,883864106206124,"Credit Counseling",1044271540015278,,,,"Open Eligibility Human Services",,,,,,,recLpp9SfRNGckOph,,2020-07-01T05:27:10.000000Z,2020-07-01T05:27:10.000000Z
146,888040055762109,"Independent Living",665669503414701,,,,"Open Eligibility Human Services",,,,,,,recLtr7T2aKcKehB1,,2020-07-01T05:27:10.000000Z,2020-07-01T05:27:10.000000Z
147,888014783959137,"Family Planning",752843971156447,,,,"Open Eligibility Human Services",,,,,,,recLxFZiUz6XhnU9C,,2020-07-01T05:27:10.000000Z,2020-07-01T05:27:10.000000Z
148,832990803111047,Food,,/uploads/images/1593861292category_logo_832990803111047.png,/uploads/images/1593861292category_logo_white_832990803111047.png,,"Open Eligibility Human Services",,,"1248931277100420,943841633351922,1298968199365502,1072375211967855,1164006971785156,637113061667348,834460550368169,963779263900815,875542904723327,612309985819526,1249294483746869,730763164086236,1285350837219213,1158010282443707,610489256524292,651504031814159,916268094765428,862476176486863,843621219939860,785698484366760,987007032021851,1187463498588025,1265325284377461,740916631620812,1321094180433140,960051770169079,668729683192909,1122897671715969,849003153117298,1311595168931297,1270127715145648,937906584225930,849919523533582,852851666991889,1145399925529779,1166106416739636,856023638190230,801873048546872,1114943570667214,567631577251008,926396312659010,640103169037193,805800258888513,1252702593988888,837954913596387,911320628244521,1192518431630550,902098981922569,807848846460860,814382562390416,873611419029370,813497895890135,924655410570415,1174068491618790,1136637606616454,647808349539409,1287178898963916,1244526695505882,1318218238602449,1007199538654431,1295568882348530,847425752356331,1190183438277072,565809012321458,875517215179569",,,,recM2vjzKvqZdcmm9,modified,2020-07-01T05:27:10.000000Z,2020-07-04T11:14:52.000000Z
149,833132335254591,"Primary Care",694529325889026,,,,"Open Eligibility Human Services",,,,,,,recM6NzfZzia14qzG,,2020-07-01T05:27:10.000000Z,2020-07-01T05:27:10.000000Z
150,862089690294305,"Medical Supplies",762156967285100,,,,"Open Eligibility Human Services",,,,,,,recMOzQGOEWynQxws,,2020-07-01T05:27:10.000000Z,2020-07-01T05:27:10.000000Z
151,863115670388408,Latino,842613696983037,,,,"Open Eligibility Human Situations",,,,,,,recMQmmw8cEevf6Yv,,2020-07-01T05:27:10.000000Z,2020-07-01T05:27:10.000000Z
152,863001521928453,Vaccinations,740933891351195,,,,"Open Eligibility Human Services",,,,,,,recMRch76gV55ZN6q,,2020-07-01T05:27:10.000000Z,2020-07-01T05:27:10.000000Z
153,867478502470426,"Sober Living",934912744195386,,,,"Open Eligibility Human Services",,,,,,,recMVgkcWDnuDQQyt,,2020-07-01T05:27:10.000000Z,2020-07-01T05:27:10.000000Z
154,888190878945856,"Nursing Home",740933891351195,,,,"Open Eligibility Human Services",,,,,,,recMnGdU1UttzvCn8,,2020-07-01T05:27:10.000000Z,2020-07-01T05:27:10.000000Z
155,894348686912537,"Food Pantry",832990803111047,,,,"Open Eligibility Human Services",,,,,,,recMtGpuhyDMqJIpu,,2020-07-01T05:27:10.000000Z,2020-07-01T05:27:10.000000Z
156,842613696983037,Race/Ethnicity,,,,,"Open Eligibility Human Situations",,,,,,,recN2x1v0Mx9z95CC,,2020-07-01T05:27:10.000000Z,2020-07-01T05:27:10.000000Z
157,867160458687416,"GED/High-School Equivalency",774081908539337,,,,"Open Eligibility Human Services",,,,,,,recNQ6DJ8O8vQEIiB,,2020-07-01T05:27:10.000000Z,2020-07-01T05:27:10.000000Z
158,874214391471510,12-Step,934912744195386,,,,"Open Eligibility Human Services",,,,,,,recNUV77TXcqnA5qP,,2020-07-01T05:27:10.000000Z,2020-07-01T05:27:10.000000Z
159,900120924769052,"Advocacy & Legal Aid",917725171609009,,,,"Open Eligibility Human Services",,,,,,,recNkzPpS6Hz1I3XH,,2020-07-01T05:27:10.000000Z,2020-07-01T05:27:10.000000Z
160,904022427625361,"Understand Mental Health",752843971156447,,,,"Open Eligibility Human Services",,,,,,,recNpmgQexsrmzzje,,2020-07-01T05:27:10.000000Z,2020-07-01T05:27:10.000000Z
161,867205975913041,"Disability Benefits",1197107095331825,,,,"Open Eligibility Human Services",,,,,,,recODV69RH0DfQmjQ,,2020-07-01T05:27:10.000000Z,2020-07-01T05:27:10.000000Z
162,879238837583627,12-Step,1254074732016248,,,,"Open Eligibility Human Services",,,,,,,recOS4b1YUPDFKOBC,,2020-07-01T05:27:10.000000Z,2020-07-01T05:27:10.000000Z
163,881970101086242,"Residential Care",637158405241810,,,,"Open Eligibility Human Services",,,,,,,recOTGLh3YgIGCTMH,,2020-07-01T05:27:10.000000Z,2020-07-01T05:27:10.000000Z
164,911833213594566,Language,,,,,"Open Eligibility Human Situations",,,,,,,recOnmW4doa8XftYL,,2020-07-01T05:27:10.000000Z,2020-07-01T05:27:10.000000Z
165,909640197858263,"Nursing Home",1274117384930254,,,,"Open Eligibility Human Services",,,,,,,recOoMSh5Np0aPHe5,,2020-07-01T05:27:10.000000Z,2020-07-01T05:27:10.000000Z
166,920067372092285,"Help Pay for Transit",1077790582995406,,,,"Open Eligibility Human Services",,,,,,,recOvqAlQsqQWt6PU,,2020-07-01T05:27:10.000000Z,2020-07-01T05:27:10.000000Z
167,923374599309057,"Hearing Tests",873764097711089,,,,"Open Eligibility Human Services",,,,,,,recOysJzqxZTQXh6u,,2020-07-01T05:27:10.000000Z,2020-07-01T05:27:10.000000Z
168,867230874954468,"Burn Survivors",845883336588812,,,,"Open Eligibility Human Situations",,,,,,,recP6wyqBspvlBN8l,,2020-07-01T05:27:10.000000Z,2020-07-01T05:27:10.000000Z
169,877704388705793,"Domestic Violence Survivors",845883336588812,,,,"Open Eligibility Human Situations",,,,,,,recPFG4LM9q1EkLmg,,2020-07-01T05:27:10.000000Z,2020-07-01T05:27:10.000000Z
170,878986697513222,Emergency,,/uploads/images/1593861266category_logo_878986697513222.png,/uploads/images/1593861266category_logo_white_878986697513222.png,,"Open Eligibility Human Services",,,"1106825602268001,822492274972082,1147909066828937,1270590689586287,671724061345975,681767171553959,1298139501002270,768961725734908,576988108950338,1183383601010590,1208786629108154,1249532731729968,574661829122399,1285397708822108,920716842267245,607885233270947,950454120432775,1048291243097604,825451959778479,1282686227944763",,,,recPFRCmDNitPhSQp,modified,2020-07-01T05:27:10.000000Z,2020-07-04T11:14:26.000000Z
171,897855771319191,Runaways,,,,,"Open Eligibility Human Situations",,,,,,,recPZChkOKqGnq2ky,,2020-07-01T05:27:10.000000Z,2020-07-01T05:27:10.000000Z
172,908160963045045,"Near Homeless",,,,,"Open Eligibility Human Situations",,,,,,,recPcOvHRAk3RqmjU,,2020-07-01T05:27:10.000000Z,2020-07-01T05:27:10.000000Z
173,917076988257999,"Help Pay for Work Expenses",970915508638448,,,,"Open Eligibility Human Services",,,,,,,recPnA41DnKxx2Ds1,,2020-07-01T05:27:10.000000Z,2020-07-01T05:27:10.000000Z
174,917575992878818,"Foreclosure Counseling",1044271540015278,,,,"Open Eligibility Human Services",,,,,,,recPp22CNknwVjtsD,,2020-07-01T05:27:10.000000Z,2020-07-01T05:27:10.000000Z
175,875724001485231,"Emergency Food",878986697513222,,,,"Open Eligibility Human Services",,,,,,,recQ5uZv1awpwWFpo,,2020-07-01T05:27:10.000000Z,2020-07-01T05:27:10.000000Z
176,873265021995870,"One-on-One Support",977436722195348,,,,"Open Eligibility Human Services",,,,,,,recQ8ACSoTINoNGBn,,2020-07-01T05:27:10.000000Z,2020-07-01T05:27:10.000000Z
177,911225335803318,Goods,,/uploads/images/1593861461category_logo_911225335803318.png,/uploads/images/1593861461category_logo_white_911225335803318.png,,"Open Eligibility Human Services",,,"993349225663598,1248931277100420,1223965805414362,1298050850536077,1105456695695453,1166512271577678,963890389048330,988930242117816,570068555050262,1291599466171764,1252264089140599,1265325284377461,961458582690801,660868979951197,1321094180433140,822297863188980,775111969675006,1122897671715969,786302163414865,1075486612088837,680052874958118,1220865966040605,647232963972591,911320628244521,942923225062781,867793861079810,860988302609734,801481287749333,931637209705712,955750891211425,794527613963060,961164325265072,927643315007217,1287738688707705,993984406526461,807848846460860,1187200756463947,642601279257974,1071110285565782,595461104582359,1244526695505882,847425752356331,875517215179569,940345726334678",,,,recQZedretAcQW4el,modified,2020-07-01T05:27:10.000000Z,2020-07-04T11:17:41.000000Z
178,933192191434447,Mentoring,977436722195348,,,,"Open Eligibility Human Services",,,,,,,recQopYZnq4QzkAVW,,2020-07-01T05:27:10.000000Z,2020-07-01T05:27:10.000000Z
179,934433089930088,"Help Pay for Utilities",611427973021245,,,,"Open Eligibility Human Services",,,,,,,recQql92zMmg4eQYb,,2020-07-01T05:27:10.000000Z,2020-07-01T05:27:10.000000Z
180,935235167164524,"Substance Dependency",941516382466411,,,,"Open Eligibility Human Situations",,,,,,,recQqnrUYsnB1CBTT,,2020-07-01T05:27:10.000000Z,2020-07-01T05:27:10.000000Z
181,930989627623071,"Help Fill out Forms",1220657352034180,,,,"Open Eligibility Human Services",,,,,,,recQr9wYd6OP6GncQ,,2020-07-01T05:27:10.000000Z,2020-07-01T05:27:10.000000Z
182,935772951523498,"Computer Class",774081908539337,,,,"Open Eligibility Human Services",,,,,,,recQx41M2Y1w2qaEl,,2020-07-01T05:27:10.000000Z,2020-07-01T05:27:10.000000Z
183,901895780812293,"Transportation for School",996104953244647,,,,"Open Eligibility Human Services",,,,,,,recRIQGLWf1mOmxvq,,2020-07-01T05:27:10.000000Z,2020-07-01T05:27:10.000000Z
184,913269731501990,Disability,,,,,"Open Eligibility Human Situations",,,,,,,recRQqYDiopVQSRGP,,2020-07-01T05:27:10.000000Z,2020-07-01T05:27:10.000000Z
185,910766421789709,"Transportation for School",996104953244647,,,,"Open Eligibility Human Services",,,,,,,recRU37lHohAumcGc,,2020-07-01T05:27:10.000000Z,2020-07-01T05:27:10.000000Z
186,929094559121639,Housing,,/uploads/images/1593861486category_logo_929094559121639.png,/uploads/images/1593861486category_logo_white_929094559121639.png,,"Open Eligibility Human Services",,,"1140570813901169,627629263527494,1243832082519507,705771849785076,841132371028942,581022793280171,679830596478752,1224317983369922,644648091160119,1135056817241313,645384002034771,761018228722418,1166105214343141,928612911758060,1111524873166786,738209311024775,821980999983631,1115196970236426,1100791575997951,1225863118799944,793847249153498,757654002604408,573528188325499,1238532588650595,860779231100127,1163310698125750,1128285304774272,978169761735866,1147909066828937,768961725734908,888015364104840,612611049847328,1311316578271310,1081316277006822,741770132344686,968013894798831,839260018674017,850061472824026,872556751746749,812376267113321,1183383601010590,1240040646031640,981580900656027,1272430859437969,838392358604924,1249532731729968,1322260694270949,1066884473551582,1307622731573519,1157781613265181,873921955624383,1084298429662110,605446506944549,1087433575244513,1104456609971378,1238586489770478,908536708739321,626861523724993,590149106022184,574661829122399,1229115016596631,1183786146199295,988930242117816,757050460311671,1285397708822108,771378282180941,647361700663696,1314823770834798,881012847859169,1313580838903453,920302771339848,1293112150353032,939239658768708,1258855549014937,1124787894447866,797834103829212,854051618591377,1140920920771303,616081055315775,1067731380928038,903665589155441,549681153080082,1291599466171764,978182683421582,1252264089140599,1228495289369706,858697878378487,943922015489393,787765929715080,877620900930693,775111969675006,639467846851619,642284944498747,634028809032783,1024397676156151,1279217562065520,950454120432775,957722583611343,765387458092097,1210007334289332,1178673163145313,1119572087741816,646395612481753,627323919512057,895973468150097,1174727442443930,753253159497862,597642797256208,1087270111823708,857913961326886,895703387545823,1146357672886284,825451959778479,1282686227944763,1296433586474206,943779508068444,794796274007587,633702102837581,699918289813778,794816074234794,585407675930864,1206891395647206,985012947614539,895467915545937,813064675400914,917742641898170,1164661927797269,847425752356331,800290835408679,1191507987013016,672042329600890,893345439899253,807542367996268,1277276480508566,1184329050770191,978590256683513,647772152541651,647183151936796,1305546200651894,838774263465115,1298309949522497,893656046937448,665682144219766,1128282500996664,883344454564664,948283799474714,593910008000184,875517215179569,770135966287034",,,,recRapMqhibbxpZ6c,modified,2020-07-01T05:27:10.000000Z,2020-07-04T11:18:06.000000Z
187,928904293482929,"Housing Advice",,,,,"Open Eligibility Human Services",,,,,,,recReCltFutAYRarY,,2020-07-01T05:27:10.000000Z,2020-07-01T05:27:10.000000Z
188,946512532465834,"Post-Adoption Support",600822546244588,,,,"Open Eligibility Human Services",,,,,,,recRtaGZqnyfslESh,,2020-07-01T05:27:10.000000Z,2020-07-01T05:27:10.000000Z
189,917725171609009,Legal,,/uploads/images/1593861347category_logo_917725171609009.png,/uploads/images/1593861347category_logo_white_917725171609009.png,,"Open Eligibility Human Services",,,"1088296624271784,950151604773646,871063337645437,1098665459896297,757455042685009,1248931277100420,1086482131081597,865253695035282,998912206496705,928612911758060,944036937200998,1292756176570822,662348348100050,956658240049666,762888373958688,803655377623585,929396265497963,845999906983085,1195448583131416,1135875611263139,819327215791900,830080281630476,1137250454182986,644620777168393,822696272964380,1111524873166786,856596013009881,1348541466880314,1120365239019390,940105141272489,888900193677833,777479494055010,657511678545226,688139575815288,810344496794884,738209311024775,1251743719079225,1083719705858867,615976785591225,1273385977104878,626403044236059,1094845253700469,821980999983631,1115196970236426,1100791575997951,1225863118799944,607894816484467,900680386991276,768961725734908,879847524852951,1102556254964153,1336511977669058,656905764489449,862476176486863,780286718217610,1266877916484133,1146566781515189,765385785732538,577584068562238,1067731380928038,903665589155441,549681153080082,940202748401268,813553671875388,806428640646955,1109436994306012,718050681265809,1224083578603659,1214476217655096,1230658202367837,946406110593174,946272738558477,1090898575973829,1241641820248132,834347484127358,1153962275208345,847425752356331,855252238426842,770135966287034,1211572108731192,838994053401205,1172561205584676,648224105090520,1239721554358448,1052496292978459",,,,recSMe5XA8eaPdRFm,modified,2020-07-01T05:27:10.000000Z,2020-07-04T11:15:47.000000Z
190,930140211983188,Furniture,1188937635410027,,,,"Open Eligibility Human Services",,,,,,,recSWzRr85IMz6Owb,,2020-07-01T05:27:10.000000Z,2020-07-01T05:27:10.000000Z
191,932123632385639,Housing,,,,,"Open Eligibility Human Situations",,,,,,,recSZmt5cAKBCkQ11,,2020-07-01T05:27:10.000000Z,2020-07-01T05:27:10.000000Z
192,950480502797876,"Help Find Childcare",1207914128353017,,,,"Open Eligibility Human Services",,,,,,,recSr9AyWDpf4H1Wj,,2020-07-01T05:27:10.000000Z,2020-07-01T05:27:10.000000Z
193,916364215200663,Gender,,,,,"Open Eligibility Human Situations",,,,,,,recTDLCX3csYzHOAq,,2020-07-01T05:27:10.000000Z,2020-07-01T05:27:10.000000Z
194,924059392564882,Homeless,,,,,"Open Eligibility Human Situations",,,,,,,recTKOjWozB8XHyFR,,2020-07-01T05:27:10.000000Z,2020-07-01T05:27:10.000000Z
195,934912744195386,"Addiction & Recovery",941516382466411,,,,"Open Eligibility Human Services",,,,,,,recTVS0xvVN2oJjHB,,2020-07-01T05:27:10.000000Z,2020-07-01T05:27:10.000000Z
196,968511154801619,"Psychiatric Emergency Services",,/uploads/images/1593861386category_logo_968511154801619.png,/uploads/images/1593861386category_logo_white_968511154801619.png,,"Open Eligibility Human Services",,,1106825602268001,,,,recTtw2byaJbXqJu1,modified,2020-07-01T05:27:10.000000Z,2020-07-04T11:16:26.000000Z
197,970915508638448,Work,,/uploads/images/1593861527category_logo_970915508638448.png,/uploads/images/1593861527category_logo_white_970915508638448.png,,"Open Eligibility Human Services",,,"724876636641588,796887413251668,1088249391392945,1180091016211141,953668428109766,682308202362189,614149741156528,1300980508291929,666406976354887,1125350403679270,1055696283461218,977586749835410,965489694318451,1229484402696374,1267195102722768,988930242117816,1123886368027680,862476176486863,1076980913864779,810517634677025,1297058844905012,1188218787305496,824247975076202,1142076553934088,644091225156703,1280474482709655,588693422814528,821536701651146,759682631849783,754621632893339,902951823980164,945841786673442,1154397851156755,886267440482873,1252264089140599,714211448512130,943023691666873,822081621672598,862423770633741,1182990804618783,1216690927743518,881403344964972,1162907800070547,1153962275208345,807525744099302,874199505765345,1135621422748851,748177592722248,869725690004657,595461104582359,1244526695505882,920973469831730,1318218238602449,1108884623053766,615519347288251,883344454564664,1337570408700851,1185051455558186,765864786771732,1161420907803778,831138417529715",,,,recTvyFhiYnNIdHuN,modified,2020-07-01T05:27:10.000000Z,2020-07-04T11:18:47.000000Z
198,968372686122266,"Residential Treatment",934912744195386,,,,"Open Eligibility Human Services",,,,,,,recTwTVduWhlxok38,,2020-07-01T05:27:10.000000Z,2020-07-01T05:27:10.000000Z
199,945932577968504,"Unemployment Benefits",939655088276883,,,,"Open Eligibility Human Services",,,,,,,recUUeKHc8lXhxMEr,,2020-07-01T05:27:10.000000Z,2020-07-01T05:27:10.000000Z
200,961013207098564,"Blankets & Fans",1188937635410027,,,,"Open Eligibility Human Services",,,,,,,recUckvzj3WYmbaLh,,2020-07-01T05:27:10.000000Z,2020-07-01T05:27:10.000000Z
201,962927224652917,"Residential Housing",,,,,"Open Eligibility Human Services",,,,,,,recUfeM31yl6w89t9,,2020-07-01T05:27:10.000000Z,2020-07-01T05:27:10.000000Z
202,915003408518437,"Foreclosure Counseling",1044271540015278,,,,"Open Eligibility Human Services",,,,,,,recV164LCA2O1tsSk,,2020-07-01T05:27:10.000000Z,2020-07-01T05:27:10.000000Z
203,924524173685901,"Help Escape Violence",1304810831534520,,,,"Open Eligibility Human Services",,,,,,,recV6c7BINVCYZ2U3,,2020-07-01T05:27:10.000000Z,2020-07-01T05:27:10.000000Z
204,936604807381258,"Spiritual Support",977436722195348,,,,"Open Eligibility Human Services",,,,,,,recVAkRMCgEN1OnuX,,2020-07-01T05:27:10.000000Z,2020-07-01T05:27:10.000000Z
205,941516382466411,Health,,/uploads/images/1593861323category_logo_941516382466411.png,/uploads/images/1593861323category_logo_white_941516382466411.png,,"Open Eligibility Human Services",,,"1262392779353939,936643241913847,667209917494721,1176014704120176,936510517377927,1095230986476849,1195217931217458,775820607481251,870219187741961,951768857764331,1291991254111763,1106825602268001,679830596478752,734280780069484,1259349665237657,1189947540122655,969095511875672,1147407982912051,754669198968415,1208776169183354,739078424499970,580520440912412,637113061667348,1249176990484846,615988503257217,918238055415108,1280256361717353,1300052909750200,842045983132421,1028365853402776,1035362732313948,586062612640149,727116699390008,1203671009935370,1172793580060024,1166105214343141,1198504077729641,796710603642968,598601043584489,1281816879491049,1068357766582058,954908524616299,1080060911179544,662641889613680,599402007780126,907595418658961,1216556310653957,845758882609427,984528775573917,586827752329383,789715981823462,915711679952561,956342437760431,1296730701251441,859897161557047,1267727721478414,850523592271025,1255893170172420,735696343430795,617097787641398,747822750998769,1022185739742814,1121979483597520,1270590689586287,777481511640778,585908349000516,561778285748604,772454821683547,1281204672852064,673534610271949,899463533628469,874272763703793,1332300140733520,1222426882848143,784403343985076,615186024715740,1105865058729494,946643663102938,651208869509343,1149122872651888,633712201049185,1250906881501241,1225675874740777,942312969809968,543629082697964,921815945825806,1096755308957020,890398981649041,1119079742925957,1241974546153013,1235636405349063,787452341993968,1280840473848403,774338968156105,910692115764601,674557198522049,637918031832415,685821962980238,1158010282443707,1249659581366985,1140318024724985,1107300725870426,958581554726772,1119090357480675,1055696283461218,685530407413205,1107889620148311,1179815376168159,750164217924618,933469008966389,596938254485583,580209857140665,903471867323822,1148617267210635,1088727091600389,1183786146199295,1290396892728753,1207414557990697,956817646477291,822106893088278,609582364629457,1060160690284572,800106312438349,743182672086208,995363917586083,783798317190015,820685180498221,772580143837637,862476176486863,853468345123345,785698484366760,810358604812792,831554257615200,955710918748274,1291599466171764,1252264089140599,1187463498588025,908926837435227,836738857450646,937486843530248,1230658202367837,642284944498747,1277116846663193,1298911741733382,1270127715145648,786302163414865,1056286703581712,750465787434275,881475888864647,607074649518713,1110554525256285,1048327823635547,895703387545823,906107564923489,1282973947484780,837954913596387,1239703812521018,1181830707554784,807848846460860,733244062080278,953130575650955,814382562390416,1215438821283570,928788698938707,1273431636145481,1105568722092716,894009414185445,1055385917949527,1109924174096172,597026276891169,1020934285482366,936863331676390,968057316664450,1178562151177693,1077603109327544,1244526695505882,1007199538654431,880988285788628,1054723852607588,910059099567277,818563649469922,577390293811162,1199983060673417,699058261887909,847425752356331,980808579975931,797815960840049,875517215179569,1220807689850937,1145687738484263,605860875832060,1197999240060381,1163350819971430,960651180984847,635136975520891",,,,recVEqmrsPJHsn8JG,modified,2020-07-01T05:27:10.000000Z,2020-07-04T11:15:23.000000Z
206,965151095429070,"Discounted Healthcare",762156967285100,,,,"Open Eligibility Human Services",,,,,,,recVaGbA1q7b7Dcp2,,2020-07-01T05:27:10.000000Z,2020-07-01T05:27:10.000000Z
207,973802672870545,Insurance,,,,,"Open Eligibility Human Situations",,,,,,,recViLoW1G5WjbuJi,,2020-07-01T05:27:10.000000Z,2020-07-01T05:27:10.000000Z
208,989401971535581,Seniors,1085789766148062,,,,"Open Eligibility Human Situations",,,,,,,recVurWyh1IJequQG,,2020-07-01T05:27:10.000000Z,2020-07-01T05:27:10.000000Z
209,989023117351129,"Natural Disaster Survivors",845883336588812,,,,"Open Eligibility Human Situations",,,,,,,recVyDoiEmthWK2l1,,2020-07-01T05:27:10.000000Z,2020-07-01T05:27:10.000000Z
210,938807730374635,"Virtual Support",977436722195348,,,,"Open Eligibility Human Services",,,,,,,recW8ueWaa3UNVP9A,,2020-07-01T05:27:10.000000Z,2020-07-01T05:27:10.000000Z
211,957023425804948,"Financial Education",722235405163045,,,,"Open Eligibility Human Services",,,,,,,recWQ0t6VJO8r9CvD,,2020-07-01T05:27:10.000000Z,2020-07-01T05:27:10.000000Z
212,960064249810593,"Toys & Gifts",911225335803318,,,,"Open Eligibility Human Services",,,,,,,recWRDx7UBOdHOkQS,,2020-07-01T05:27:10.000000Z,2020-07-01T05:27:10.000000Z
213,977436722195348,"Support Network",637158405241810,,,,"Open Eligibility Human Services",,,,,,,recWab5cArFrHE8CN,,2020-07-01T05:27:10.000000Z,2020-07-01T05:27:10.000000Z
214,998355144982935,Recreation,825707196710379,,,,"Open Eligibility Human Services",,,,,,,recWyBBThCCDp2xWA,,2020-07-01T05:27:10.000000Z,2020-07-01T05:27:10.000000Z
215,935079212030851,"Help Find Childcare",1220657352034180,,,,"Open Eligibility Human Services",,,,,,,recX167zB3Zmfbugy,,2020-07-01T05:27:10.000000Z,2020-07-01T05:27:10.000000Z
216,939655088276883,"Help Pay for Work Expenses",1118832816758374,,,,"Open Eligibility Human Services",,,,,,,recX2XLTeZR3nAlbg,,2020-07-01T05:27:10.000000Z,2020-07-01T05:27:10.000000Z
217,942603569528737,"Prescription Assistance",762156967285100,,,,"Open Eligibility Human Services",,,,,,,recX5UbpkMZWGoEIk,,2020-07-01T05:27:10.000000Z,2020-07-01T05:27:10.000000Z
218,957249615987745,"Abuse or Neglect Survivors",845883336588812,,,,"Open Eligibility Human Situations",,,,,,,recXAsBS7gKboFH0A,,2020-07-01T05:27:10.000000Z,2020-07-01T05:27:10.000000Z
219,956299831115768,"Adoption & Foster Placement",600822546244588,,,,"Open Eligibility Human Services",,,,,,,recXDKFWsylxfTlYN,,2020-07-01T05:27:10.000000Z,2020-07-01T05:27:10.000000Z
220,969713685396788,Clothing,911225335803318,,,,"Open Eligibility Human Services",,,,,,,recXPTxjDPLUOcAyN,,2020-07-01T05:27:10.000000Z,2020-07-01T05:27:10.000000Z
221,973114951779766,Veterans,1306232247240502,,,,"Open Eligibility Human Situations",,,,,,,recXRbyaFWHUy9xAt,,2020-07-01T05:27:10.000000Z,2020-07-01T05:27:10.000000Z
222,973367317026178,"Food Delivery",832990803111047,,,,"Open Eligibility Human Services",,,,,,,recXUKOBemvQW25OX,,2020-07-01T05:27:10.000000Z,2020-07-01T05:27:10.000000Z
223,973627468520019,Counseling,740933891351195,,,,"Open Eligibility Human Services",,,,,,,recXULZtglLreazIY,,2020-07-01T05:27:10.000000Z,2020-07-01T05:27:10.000000Z
224,974452654572880,Dropouts,789038541797078,,,,"Open Eligibility Human Situations",,,,,,,recXVLMGlMIkMZuoF,,2020-07-01T05:27:10.000000Z,2020-07-01T05:27:10.000000Z
225,981619009468240,"Criminal History",,,,,"Open Eligibility Human Situations",,,,,,,recXYvL3J4PSkYSWF,,2020-07-01T05:27:10.000000Z,2020-07-01T05:27:10.000000Z
226,950000712825737,"Safe Housing",1304810831534520,,,,"Open Eligibility Human Services",,,,,,,recY2XpHOEpbZriqk,,2020-07-01T05:27:10.000000Z,2020-07-01T05:27:10.000000Z
227,970246599000319,"Interview Training",774081908539337,,,,"Open Eligibility Human Services",,,,,,,recYHIRx5zGEbmesE,,2020-07-01T05:27:10.000000Z,2020-07-01T05:27:10.000000Z
228,974303333207210,"Bus Passes",741374308689917,,,,"Open Eligibility Human Services",,,,,,,recYLGmk3u7Gby3hF,,2020-07-01T05:27:10.000000Z,2020-07-01T05:27:10.000000Z
229,978514299176665,"Seizure Disorder",941516382466411,,,,"Open Eligibility Human Situations",,,,,,,recYR6gN2zBzVlKmK,,2020-07-01T05:27:10.000000Z,2020-07-01T05:27:10.000000Z
230,984608599195731,Guardianship,,,,,"Open Eligibility Human Situations",,,,,,,recYX7eZMRFV2SwLG,,2020-07-01T05:27:10.000000Z,2020-07-01T05:27:10.000000Z
231,996104953244647,"Help Pay for School",575260666637379,,,,"Open Eligibility Human Services",,,,,,,recYaU3Sq8UL7VP5u,,2020-07-01T05:27:10.000000Z,2020-07-01T05:27:10.000000Z
232,1009046076196620,"Help Pay for Childcare",1118832816758374,,,,"Open Eligibility Human Services",,,,,,,recYoDsXIAx3h0NJP,,2020-07-01T05:27:10.000000Z,2020-07-01T05:27:10.000000Z
233,1012328089336639,"Residential Treatment",881970101086242,,,,"Open Eligibility Human Services",,,,,,,recYt94dK1XhTUhtO,,2020-07-01T05:27:10.000000Z,2020-07-01T05:27:10.000000Z
234,960881929626217,"Help Pay for Childcare",1207914128353017,,,,"Open Eligibility Human Services",,,,,,,recZ5Daj0feMPx6L9,,2020-07-01T05:27:10.000000Z,2020-07-01T05:27:10.000000Z
235,966822307084292,"Specialized Training",774081908539337,,,,"Open Eligibility Human Services",,,,,,,recZ7jqSTT7r8sUGR,,2020-07-01T05:27:10.000000Z,2020-07-01T05:27:10.000000Z
236,983014705771845,"Disability Benefits",762156967285100,,,,"Open Eligibility Human Services",,,,,,,recZM0pVKoTlYL517,,2020-07-01T05:27:10.000000Z,2020-07-01T05:27:10.000000Z
237,1010442029931684,"Neuromuscular Disease",941516382466411,,,,"Open Eligibility Human Situations",,,,,,,recZciTYzM3MomsoJ,,2020-07-01T05:27:10.000000Z,2020-07-01T05:27:10.000000Z
238,1007811737951037,Bereavement,1063998043393752,,,,"Open Eligibility Human Services",,,,,,,recZdDYt34p1aEqAW,,2020-07-01T05:27:10.000000Z,2020-07-01T05:27:10.000000Z
239,1018969534145363,"Adoption & Foster Care",900120924769052,,,,"Open Eligibility Human Services",,,,,,,recZjyKoMGrYsTjDS,,2020-07-01T05:27:10.000000Z,2020-07-01T05:27:10.000000Z
240,1017199331984473,"Specialized Therapy",740933891351195,,,,"Open Eligibility Human Services",,,,,,,recZo5QLzk81eBInI,,2020-07-01T05:27:10.000000Z,2020-07-01T05:27:10.000000Z
241,1025824988673966,"Workplace Rights",970915508638448,,,,"Open Eligibility Human Services",,,,,,,recZrkhJayETvQzBj,,2020-07-01T05:27:10.000000Z,2020-07-01T05:27:10.000000Z
242,1048026611018270,Alzheimers,941516382466411,,,,"Open Eligibility Human Situations",,,,,,,recaFGSZ6qFh5PKBn,,2020-07-01T05:27:10.000000Z,2020-07-01T05:27:10.000000Z
243,1054955179657364,Mothers,1066871732349907,,,,"Open Eligibility Human Situations",,,,,,,recaHvic79bn5vVBh,,2020-07-01T05:27:10.000000Z,2020-07-01T05:27:10.000000Z
244,1060778836576340,"Health Insurance",762156967285100,,,,"Open Eligibility Human Services",,,,,,,recaRKstuk7gswBBP,,2020-07-01T05:27:10.000000Z,2020-07-01T05:27:10.000000Z
245,1063998043393752,"End-of-Life Care",941516382466411,,,,"Open Eligibility Human Services",,,,,,,recaX1bjmkD04D37f,,2020-07-01T05:27:10.000000Z,2020-07-01T05:27:10.000000Z
246,1084960099936224,"Afterschool Care",825707196710379,,,,"Open Eligibility Human Services",,,,,,,recaiWqwbzHFSbJM6,,2020-07-01T05:27:10.000000Z,2020-07-01T05:27:10.000000Z
247,1044271540015278,"Financial Education",1077790582995406,,,,"Open Eligibility Human Services",,,,,,,recb4nwFhhZYi6fg0,,2020-07-01T05:27:10.000000Z,2020-07-01T05:27:10.000000Z
248,1058841167764342,Low-Income,599629486793786,,,,"Open Eligibility Human Situations",,,,,,,recbGGAPgLdG6v4jR,,2020-07-01T05:27:10.000000Z,2020-07-01T05:27:10.000000Z
249,1072933859441441,Mediation,917725171609009,,,,"Open Eligibility Human Services",,,,,,,recbUCsIcWPVHnl6e,,2020-07-01T05:27:10.000000Z,2020-07-01T05:27:10.000000Z
250,1082442097931635,"Home & Renters Insurance",611427973021245,,,,"Open Eligibility Human Services",,,,,,,recbZw083ZYOa6AjK,,2020-07-01T05:27:10.000000Z,2020-07-01T05:27:10.000000Z
251,1088830881271302,"Help Pay for Food",1118832816758374,,,,"Open Eligibility Human Services",,,,,,,recbap7DtwRSVdgXz,,2020-07-01T05:27:10.000000Z,2020-07-01T05:27:10.000000Z
252,1088902562869562,"Retirement Benefits",939655088276883,,,,"Open Eligibility Human Services",,,,,,,recbg2MzbDJNcJ16z,,2020-07-01T05:27:10.000000Z,2020-07-01T05:27:10.000000Z
253,1093052723109802,"Food Benefits",728747262765097,,,,"Open Eligibility Human Services",,,,,,,recbiFc6Q2pgGXki4,,2020-07-01T05:27:10.000000Z,2020-07-01T05:27:10.000000Z
254,1094662439826852,"Adoption & Foster Parenting",600822546244588,,,,"Open Eligibility Human Services",,,,,,,recbiTwB5iRH2smZ4,,2020-07-01T05:27:10.000000Z,2020-07-01T05:27:10.000000Z
255,1098612468095586,"Retirement Benefits",1197107095331825,,,,"Open Eligibility Human Services",,,,,,,recblbFgVJz4QNCNj,,2020-07-01T05:27:10.000000Z,2020-07-01T05:27:10.000000Z
256,1066871732349907,Role,,,,,"Open Eligibility Human Situations",,,,,,,reccG0bSKtB8BOeK9,,2020-07-01T05:27:10.000000Z,2020-07-01T05:27:10.000000Z
257,1072569835593319,"Assistive Technology",694529325889026,,,,"Open Eligibility Human Services",,,,,,,reccIUcGPKIrjxziE,,2020-07-01T05:27:10.000000Z,2020-07-01T05:27:10.000000Z
258,1108980006356524,"Health Insurance",1167001925784523,,,,"Open Eligibility Human Services",,,,,,,reccnMz61fJv16sa6,,2020-07-01T05:27:10.000000Z,2020-07-01T05:27:10.000000Z
259,1060291798902001,Preschool,789038541797078,,,,"Open Eligibility Human Services",,,,,,,recd2ZvhBoQFMxlpQ,,2020-07-01T05:27:10.000000Z,2020-07-01T05:27:10.000000Z
260,1059192056704503,"Free Meals",832990803111047,,,,"Open Eligibility Human Services",,,,,,,recd56GEvrhvOfw1q,,2020-07-01T05:27:10.000000Z,2020-07-01T05:27:10.000000Z
261,1071539574272484,"Birth Control",694529325889026,,,,"Open Eligibility Human Services",,,,,,,recdA5qdWOLIYKE0h,,2020-07-01T05:27:10.000000Z,2020-07-01T05:27:10.000000Z
262,1072871954632745,"Help Find School",789038541797078,,,,"Open Eligibility Human Services",,,,,,,recdAGBgNjX8a4e6i,,2020-07-01T05:27:10.000000Z,2020-07-01T05:27:10.000000Z
263,1075598388743575,Families,1085136008911391,,,,"Open Eligibility Human Situations",,,,,,,recdAaRGD1XdATSz7,,2020-07-01T05:27:10.000000Z,2020-07-01T05:27:10.000000Z
264,1086061222606270,"Disability Benefits",762156967285100,,,,"Open Eligibility Human Services",,,,,,,recdMRNHOyen3UiFF,,2020-07-01T05:27:10.000000Z,2020-07-01T05:27:10.000000Z
265,1085789766148062,"Age Group",,,,,"Open Eligibility Human Situations",,,,,,,recdP43J2DOA6dHOH,,2020-07-01T05:27:10.000000Z,2020-07-01T05:27:10.000000Z
266,1131959033572858,"Housing Vouchers",611427973021245,,,,"Open Eligibility Human Services",,,,,,,recdxmbByW6To91XN,,2020-07-01T05:27:10.000000Z,2020-07-01T05:27:10.000000Z
267,1128676999460357,Transit,,,,,"Open Eligibility Human Services",,,,,,,recemUmKpCvjJr3ta,,2020-07-01T05:27:10.000000Z,2020-07-01T05:27:10.000000Z
268,1132533682026107,Retirement,,,,,"Open Eligibility Human Situations",,,,,,,recerMM6XPEzFx5HW,,2020-07-01T05:27:10.000000Z,2020-07-01T05:27:10.000000Z
269,1143247325886645,"Adult Daycare",825707196710379,,,,"Open Eligibility Human Services",,,,,,,receyqX8hSXEVtd8U,,2020-07-01T05:27:10.000000Z,2020-07-01T05:27:10.000000Z
270,1077790582995406,Money,,/uploads/images/1593861506category_logo_1077790582995406.png,/uploads/images/1593861506category_logo_white_1077790582995406.png,,"Open Eligibility Human Services",,,"724876636641588,1140570813901169,627629263527494,1243832082519507,705771849785076,841132371028942,581022793280171,1088249391392945,632654541686281,944036937200998,1292756176570822,662348348100050,762888373958688,803655377623585,929396265497963,845999906983085,1195448583131416,819327215791900,768961725734908,948442047347066,576988108950338,1125350403679270,1208786629108154,768832404265850,1195066035930824,1140920920771303,616081055315775,877620900930693,950454120432775,1048291243097604,1298911741733382,1180623233814950,914537946909052,895703387545823,611590713528319,1300660045853572,924655410570415,943779508068444,794796274007587,916436632015801,1244526695505882,1185051455558186",,,,recf1PFRP1W4EaGwt,modified,2020-07-01T05:27:10.000000Z,2020-07-04T11:18:26.000000Z
271,1082415412671384,"Learning Disability",913269731501990,,,,"Open Eligibility Human Situations",,,,,,,recf3gbzzqGmAqJXh,,2020-07-01T05:27:10.000000Z,2020-07-01T05:27:10.000000Z
272,1085136008911391,Household,,,,,"Open Eligibility Human Situations",,,,,,,recf6hAMNoZOZcovo,,2020-07-01T05:27:10.000000Z,2020-07-01T05:27:10.000000Z
273,1087791617463208,"Special Education",722235405163045,,,,"Open Eligibility Human Services",,,,,,,recf7tlcrmuc0KJJD,,2020-07-01T05:27:10.000000Z,2020-07-01T05:27:10.000000Z
274,1086428834649414,"Health Education",722235405163045,,,,"Open Eligibility Human Services",,,,,,,recf9Ta3H7LP6bl3h,,2020-07-01T05:27:10.000000Z,2020-07-01T05:27:10.000000Z
275,1099447444880826,"Adoption Planning",600822546244588,,,,"Open Eligibility Human Services",,,,,,,recfDiTdD9BQAxak8,,2020-07-01T05:27:10.000000Z,2020-07-01T05:27:10.000000Z
276,1142308537968680,"Help Pay for School",789038541797078,,,,"Open Eligibility Human Services",,,,,,,recfofgEVRp1bQG2P,,2020-07-01T05:27:10.000000Z,2020-07-01T05:27:10.000000Z
277,1147679551149292,"Adoption & Foster Parenting",600822546244588,,,,"Open Eligibility Human Services",,,,,,,recfvWUux14OpzAEf,,2020-07-01T05:27:10.000000Z,2020-07-01T05:27:10.000000Z
278,1095870773807984,"Baby Clothes",969713685396788,,,,"Open Eligibility Human Services",,,,,,,recg9MhwjisOSCbnT,,2020-07-01T05:27:10.000000Z,2020-07-01T05:27:10.000000Z
279,1108644544922267,"Bus Passes",741374308689917,,,,"Open Eligibility Human Services",,,,,,,recgH7giTjJdOxpdC,,2020-07-01T05:27:10.000000Z,2020-07-01T05:27:10.000000Z
280,1122700106403745,Nutrition,752843971156447,,,,"Open Eligibility Human Services",,,,,,,recgSVazEly03VBlA,,2020-07-01T05:27:10.000000Z,2020-07-01T05:27:10.000000Z
281,1138700755815340,Ex-Offenders,981619009468240,,,,"Open Eligibility Human Situations",,,,,,,recgakXoVjVWcretP,,2020-07-01T05:27:10.000000Z,2020-07-01T05:27:10.000000Z
282,1139194065472794,"Understand Disability",752843971156447,,,,"Open Eligibility Human Services",,,,,,,recgdSRBJ6uHy7DXr,,2020-07-01T05:27:10.000000Z,2020-07-01T05:27:10.000000Z
283,1145128047812901,"Baby Clothes",969713685396788,,,,"Open Eligibility Human Services",,,,,,,recggpUH4Hy7xenOo,,2020-07-01T05:27:10.000000Z,2020-07-01T05:27:10.000000Z
284,1108247633295578,Women,916364215200663,,,,"Open Eligibility Human Situations",,,,,,,rech7xrcJtAM3IqwX,,2020-07-01T05:27:10.000000Z,2020-07-01T05:27:10.000000Z
285,1113155301375696,"Psychiatric Emergency Services",694529325889026,,,,"Open Eligibility Human Services",,,,,,,rechAFlCKGSLBgsr8,,2020-07-01T05:27:10.000000Z,2020-07-01T05:27:10.000000Z
286,1118832816758374,"Financial Assistance",1077790582995406,,,,"Open Eligibility Human Services",,,,,,,rechGBsGp1wDWLsOT,,2020-07-01T05:27:10.000000Z,2020-07-01T05:27:10.000000Z
287,1124936425243232,"Translation & Interpretation",917725171609009,,,,"Open Eligibility Human Services",,,,,,,rechO4BDIk0B7W5X4,,2020-07-01T05:27:10.000000Z,2020-07-01T05:27:10.000000Z
288,1132338491006534,"Help Find Work",1220657352034180,,,,"Open Eligibility Human Services",,,,,,,rechPu98rdU0oVaIh,,2020-07-01T05:27:10.000000Z,2020-07-01T05:27:10.000000Z
289,1149282600538235,Cancer,941516382466411,,,,"Open Eligibility Human Situations",,,,,,,rechg2xJNHGVUMhHs,,2020-07-01T05:27:10.000000Z,2020-07-01T05:27:10.000000Z
290,1166610906415857,"Day Camp",825707196710379,,,,"Open Eligibility Human Services",,,,,,,rechy0HQWqCRs8Xd9,,2020-07-01T05:27:10.000000Z,2020-07-01T05:27:10.000000Z
291,1167642734575397,"Help Pay for Healthcare",1118832816758374,,,,"Open Eligibility Human Services",,,,,,,rechz0LFvQsSstX69,,2020-07-01T05:27:10.000000Z,2020-07-01T05:27:10.000000Z
292,1135965050772326,"Limited Mobility",913269731501990,,,,"Open Eligibility Human Situations",,,,,,,reciIzDImm0swITVB,,2020-07-01T05:27:10.000000Z,2020-07-01T05:27:10.000000Z
293,1140946865322372,"English as a Second Language (ESL)",722235405163045,,,,"Open Eligibility Human Services",,,,,,,reciSI7VeAm4hGiMf,,2020-07-01T05:27:10.000000Z,2020-07-01T05:27:10.000000Z
294,1161331060521679,"Workplace Rights",774081908539337,,,,"Open Eligibility Human Services",,,,,,,recihC7EluNqrJEEY,,2020-07-01T05:27:10.000000Z,2020-07-01T05:27:10.000000Z
295,1125510073806740,"Help Find Work",970915508638448,,,,"Open Eligibility Human Services",,,,,,,recj6jU4EirVoXNUZ,,2020-07-01T05:27:10.000000Z,2020-07-01T05:27:10.000000Z
296,1150151328931835,"Personal Care Items",1188937635410027,,,,"Open Eligibility Human Services",,,,,,,recjT2gpTPyFUFjtK,,2020-07-01T05:27:10.000000Z,2020-07-01T05:27:10.000000Z
297,1175537051734762,"Financial Aid & Loans",996104953244647,,,,"Open Eligibility Human Services",,,,,,,recjgpyslvB1KIo6z,,2020-07-01T05:27:10.000000Z,2020-07-01T05:27:10.000000Z
298,1188824875857029,Bereavement,1254074732016248,,,,"Open Eligibility Human Services",,,,,,,recjumPuI0XBvDOiO,,2020-07-01T05:27:10.000000Z,2020-07-01T05:27:10.000000Z
299,1149504838879811,"Supplies for Work",939655088276883,,,,"Open Eligibility Human Services",,,,,,,reckCsYhcTWlcT2Fo,,2020-07-01T05:27:10.000000Z,2020-07-01T05:27:10.000000Z
300,1169386731790397,Immigrants,768277476111684,,,,"Open Eligibility Human Situations",,,,,,,reckZRmYBfcxI5D2a,,2020-07-01T05:27:10.000000Z,2020-07-01T05:27:10.000000Z
301,1192126749916244,"Infectious Disease",941516382466411,,,,"Open Eligibility Human Situations",,,,,,,reckoi7BdAXldgxtT,,2020-07-01T05:27:10.000000Z,2020-07-01T05:27:10.000000Z
302,1189641758739066,Bereavement,1063998043393752,,,,"Open Eligibility Human Services",,,,,,,reckpDIdo8ZKqeDvV,,2020-07-01T05:27:10.000000Z,2020-07-01T05:27:10.000000Z
303,1193797683477712,"Understand Government Programs",900120924769052,,,,"Open Eligibility Human Services",,,,,,,recktBljhwVE0ZBhH,,2020-07-01T05:27:10.000000Z,2020-07-01T05:27:10.000000Z
304,1166345605346050,"Diapers & Formula",541231378935588,,,,"Open Eligibility Human Services",,,,,,,reclP3ptXFbBASvqx,,2020-07-01T05:27:10.000000Z,2020-07-01T05:27:10.000000Z
305,1177088768747787,General,,,,,"Open Eligibility Human Situations",,,,,,,reclYHOWiruirbUxW,,2020-07-01T05:27:10.000000Z,2020-07-01T05:27:10.000000Z
306,1208393539623376,"Assistive Technology",569262115966753,,,,"Open Eligibility Human Services",,,,,,,reclwX4AO4nWSPzkj,,2020-07-01T05:27:10.000000Z,2020-07-01T05:27:10.000000Z
307,1147457757593418,Books,996104953244647,,,,"Open Eligibility Human Services",,,,,,,recm0WDBlUdCQKKSX,,2020-07-01T05:27:10.000000Z,2020-07-01T05:27:10.000000Z
308,1148100583660375,Uninsured,1167001925784523,,,,"Open Eligibility Human Situations",,,,,,,recm2GZXtYUQ0J3yA,,2020-07-01T05:27:10.000000Z,2020-07-01T05:27:10.000000Z
309,1167001925784523,Insurance,1077790582995406,,,,"Open Eligibility Human Services",,,,,,,recmCZXpXelBnIm6S,,2020-07-01T05:27:10.000000Z,2020-07-01T05:27:10.000000Z
310,1201083193726558,Asian,842613696983037,,,,"Open Eligibility Human Situations",,,,,,,recmbzR3t4BBdtaNN,,2020-07-01T05:27:10.000000Z,2020-07-01T05:27:10.000000Z
311,1220466761479508,Fathers,1066871732349907,,,,"Open Eligibility Human Situations",,,,,,,recmzHy0PDHX8pE4X,,2020-07-01T05:27:10.000000Z,2020-07-01T05:27:10.000000Z
312,1207914128353017,Childcare,825707196710379,,,,"Open Eligibility Human Services",,,,,,,recnf0hASJOQvB9xu,,2020-07-01T05:27:10.000000Z,2020-07-01T05:27:10.000000Z
313,1226546943488119,"Homebuyer Education",1044271540015278,,,,"Open Eligibility Human Services",,,,,,,recnuY8KpBIc2OPk1,,2020-07-01T05:27:10.000000Z,2020-07-01T05:27:10.000000Z
314,1229462758920367,"Mental Illness",941516382466411,,,,"Open Eligibility Human Situations",,,,,,,recnxWAdvWS52kyvW,,2020-07-01T05:27:11.000000Z,2020-07-01T05:27:11.000000Z
315,1169287900410176,"Supported Employment",970915508638448,,,,"Open Eligibility Human Services",,,,,,,reco2UGFI65D0zGcV,,2020-07-01T05:27:11.000000Z,2020-07-01T05:27:11.000000Z
316,1172897537416460,"Discrimination & Civil Rights",900120924769052,,,,"Open Eligibility Human Services",,,,,,,reco3jzAtRnAV27Un,,2020-07-01T05:27:11.000000Z,2020-07-01T05:27:11.000000Z
317,1173359424841101,Books,1188937635410027,,,,"Open Eligibility Human Services",,,,,,,reco4jAbjJLOQwmly,,2020-07-01T05:27:11.000000Z,2020-07-01T05:27:11.000000Z
318,1185855027016632,"Foster Youth",1233427171466415,,,,"Open Eligibility Human Situations",,,,,,,recoBWhjRGinYrrqf,,2020-07-01T05:27:11.000000Z,2020-07-01T05:27:11.000000Z
319,1188937635410027,"Home Goods",911225335803318,,,,"Open Eligibility Human Services",,,,,,,recoCnQxDGtQzT0tC,,2020-07-01T05:27:11.000000Z,2020-07-01T05:27:11.000000Z
320,1198435444218216,"Nursing Home",881970101086242,,,,"Open Eligibility Human Services",,,,,,,recoR7VDCBKSTH3gV,,2020-07-01T05:27:11.000000Z,2020-07-01T05:27:11.000000Z
321,1203857373091211,"Job Placement",1132338491006534,,,,"Open Eligibility Human Services",,,,,,,recoUNd35aa5Cmnoe,,2020-07-01T05:27:11.000000Z,2020-07-01T05:27:11.000000Z
322,1210631061935774,"Maintenance & Repairs",611427973021245,,,,"Open Eligibility Human Services",,,,,,,recoZcC5EkTI6WMah,,2020-07-01T05:27:11.000000Z,2020-07-01T05:27:11.000000Z
323,1220657352034180,"Navigating the System",637158405241810,,,,"Open Eligibility Human Services",,,,,,,recofKlAu8U9ysTCn,,2020-07-01T05:27:11.000000Z,2020-07-01T05:27:11.000000Z
324,1221645072805851,Spouses,1066871732349907,,,,"Open Eligibility Human Situations",,,,,,,recogKiWHKpdDuLuQ,,2020-07-01T05:27:11.000000Z,2020-07-01T05:27:11.000000Z
325,1231960510126349,"Residential Treatment",740933891351195,,,,"Open Eligibility Human Services",,,,,,,recot4F5E1lmpd7Kc,,2020-07-01T05:27:11.000000Z,2020-07-01T05:27:11.000000Z
326,1233427171466415,Guardianship,900120924769052,,,,"Open Eligibility Human Services",,,,,,,recou4qVj32jQ0N5U,,2020-07-01T05:27:11.000000Z,2020-07-01T05:27:11.000000Z
327,1197107095331825,"Government Benefits",1077790582995406,,,,"Open Eligibility Human Services",,,,,,,recpG6A0PfE6PxkiK,,2020-07-01T05:27:11.000000Z,2020-07-01T05:27:11.000000Z
328,1205931965917031,"Citizenship & Immigration",900120924769052,,,,"Open Eligibility Human Services",,,,,,,recpMMsGbiieEvQUQ,,2020-07-01T05:27:11.000000Z,2020-07-01T05:27:11.000000Z
329,1238654696879672,"Disability Screening",873764097711089,,,,"Open Eligibility Human Services",,,,,,,recpjvO9CXo3Bq7kf,,2020-07-01T05:27:11.000000Z,2020-07-01T05:27:11.000000Z
330,1239522167748687,"Relief for Caregivers",825707196710379,,,,"Open Eligibility Human Services",,,,,,,recpq5pYwwENWCo3M,,2020-07-01T05:27:11.000000Z,2020-07-01T05:27:11.000000Z
331,1217548675990442,"Public Housing",665669503414701,,,,"Open Eligibility Human Services",,,,,,,recqQ6jLuYKh55AY4,,2020-07-01T05:27:11.000000Z,2020-07-01T05:27:11.000000Z
332,1236903981680162,"Daily Life Skills",774081908539337,,,,"Open Eligibility Human Services",,,,,,,recqbLyQxZJG2DpXR,,2020-07-01T05:27:11.000000Z,2020-07-01T05:27:11.000000Z
333,1247004844377783,"Daily Life Skills",752843971156447,,,,"Open Eligibility Human Services",,,,,,,recqjbpJcWAVG8p55,,2020-07-01T05:27:11.000000Z,2020-07-01T05:27:11.000000Z
334,1255410556650446,Nutrition,832990803111047,,,,"Open Eligibility Human Services",,,,,,,recquKSGXF0OE5E0B,,2020-07-01T05:27:11.000000Z,2020-07-01T05:27:11.000000Z
335,1202515821286383,"Identification Recovery",900120924769052,,,,"Open Eligibility Human Services",,,,,,,recr5SmtWefRf6qbg,,2020-07-01T05:27:11.000000Z,2020-07-01T05:27:11.000000Z
336,1232587316936391,Employment,,/uploads/images/1593861443category_logo_1232587316936391.png,/uploads/images/1593861443category_logo_white_1232587316936391.png,,"Open Eligibility Human Situations",,,"784662874544792,699918289813778,1178562151177693",,,,recrQlDcGobMpgyyQ,modified,2020-07-01T05:27:11.000000Z,2020-07-04T11:17:23.000000Z
337,1235612259797589,Education,,,,,"Open Eligibility Human Situations",,,,,,,recrXDK1yicf4DUaw,,2020-07-01T05:27:11.000000Z,2020-07-01T05:27:11.000000Z
338,1254074732016248,"Support Groups",977436722195348,,,,"Open Eligibility Human Services",,,,,,,recriOjgnAHWxjZsb,,2020-07-01T05:27:11.000000Z,2020-07-01T05:27:11.000000Z
339,1209327798785677,"Pregnancy Tests",873764097711089,,,,"Open Eligibility Human Services",,,,,,,recs56UBmPWitx0Lu,,2020-07-01T05:27:11.000000Z,2020-07-01T05:27:11.000000Z
340,1231450430924234,"All Survivors",845883336588812,,,,"Open Eligibility Human Situations",,,,,,,recsIO13Ser8yjJIh,,2020-07-01T05:27:11.000000Z,2020-07-01T05:27:11.000000Z
341,1236670660901633,"Savings Program",1044271540015278,,,,"Open Eligibility Human Services",,,,,,,recsKn9ZbP5EWyd7S,,2020-07-01T05:27:11.000000Z,2020-07-01T05:27:11.000000Z
342,1250418721801622,"Skills Assessment",774081908539337,,,,"Open Eligibility Human Services",,,,,,,recsXoxnNSOwT6CUH,,2020-07-01T05:27:11.000000Z,2020-07-01T05:27:11.000000Z
343,1233867302427296,"Active Duty",1306232247240502,,,,"Open Eligibility Human Situations",,,,,,,rectBDaYJT2rZwJQV,,2020-07-01T05:27:11.000000Z,2020-07-01T05:27:11.000000Z
344,1241936116912555,"Home Visiting",977436722195348,,,,"Open Eligibility Human Services",,,,,,,rectGaqaRRTxU2tUi,,2020-07-01T05:27:11.000000Z,2020-07-01T05:27:11.000000Z
345,1246339487056620,"Mental Health Evaluation",873764097711089,,,,"Open Eligibility Human Services",,,,,,,rectP7HpE47mkKlFx,,2020-07-01T05:27:11.000000Z,2020-07-01T05:27:11.000000Z
346,1254091888086233,"Homebuyer Education",928904293482929,,,,"Open Eligibility Human Services",,,,,,,rectQxdSMjvYoBZv5,,2020-07-01T05:27:11.000000Z,2020-07-01T05:27:11.000000Z
347,1255193627811840,"Workplace Rights",900120924769052,,,,"Open Eligibility Human Services",,,,,,,rectSrCouPz476BuF,,2020-07-01T05:27:11.000000Z,2020-07-01T05:27:11.000000Z
348,1282373730194878,"Foreign Languages",722235405163045,,,,"Open Eligibility Human Services",,,,,,,rectoesoua4K9ptul,,2020-07-01T05:27:11.000000Z,2020-07-01T05:27:11.000000Z
349,1287728605017833,"Emergency Shelter",878986697513222,,,,"Open Eligibility Human Services",,,,,,,rectswGoCSBT81LsS,,2020-07-01T05:27:11.000000Z,2020-07-01T05:27:11.000000Z
350,1233646595746530,"Outpatient Treatment",740933891351195,,,,"Open Eligibility Human Services",,,,,,,recu4jaF6ljZCAfyx,,2020-07-01T05:27:11.000000Z,2020-07-01T05:27:11.000000Z
351,1246421500205998,"Parenting Education",752843971156447,,,,"Open Eligibility Human Services",,,,,,,recuBb3hBT66EjWyX,,2020-07-01T05:27:11.000000Z,2020-07-01T05:27:11.000000Z
352,1246812913413615,"Visual Impairment",913269731501990,,,,"Open Eligibility Human Situations",,,,,,,recuDR5M55Gv74lIU,,2020-07-01T05:27:11.000000Z,2020-07-01T05:27:11.000000Z
353,1294638225213307,"Disaster Preparedness & Response",722235405163045,,,,"Open Eligibility Human Services",,,,,,,recupuX2L2w2qKM3a,,2020-07-01T05:27:11.000000Z,2020-07-01T05:27:11.000000Z
354,1293919837526558,"Safe Housing",962927224652917,,,,"Open Eligibility Human Services",,,,,,,recutEZkz3srdvMKl,,2020-07-01T05:27:11.000000Z,2020-07-01T05:27:11.000000Z
355,1239958234291511,"Prescription Assistance",762156967285100,,,,"Open Eligibility Human Services",,,,,,,recv0r0AxpfsDdiYy,,2020-07-01T05:27:11.000000Z,2020-07-01T05:27:11.000000Z
356,1238776095066287,Representation,917725171609009,,,,"Open Eligibility Human Services",,,,,,,recv1Vp24QHvrvHbk,,2020-07-01T05:27:11.000000Z,2020-07-01T05:27:11.000000Z
357,1242426185639822,"Dental Care",941516382466411,,,,"Open Eligibility Human Services",,,,,,,recv6HnsfZLUl3OUH,,2020-07-01T05:27:11.000000Z,2020-07-01T05:27:11.000000Z
358,1258941445338809,Preschool,825707196710379,,,,"Open Eligibility Human Services",,,,,,,recvCliRX4vBBGDZm,,2020-07-01T05:27:11.000000Z,2020-07-01T05:27:11.000000Z
359,1274117384930254,"Short-Term Housing",962927224652917,,,,"Open Eligibility Human Services",,,,,,,recvScmvTVw56NrKh,,2020-07-01T05:27:11.000000Z,2020-07-01T05:27:11.000000Z
360,1288579987024531,"Computer Class",774081908539337,,,,"Open Eligibility Human Services",,,,,,,recvcSsuyMjaxpw3y,,2020-07-01T05:27:11.000000Z,2020-07-01T05:27:11.000000Z
361,1298205870671152,"Disease Management",740933891351195,,,,"Open Eligibility Human Services",,,,,,,recvkebqtslslRU7f,,2020-07-01T05:27:11.000000Z,2020-07-01T05:27:11.000000Z
362,1298629757094740,"Clothes for Work",939655088276883,,,,"Open Eligibility Human Services",,,,,,,recvq293PDBgI9Aw2,,2020-07-01T05:27:11.000000Z,2020-07-01T05:27:11.000000Z
363,1304797409879149,"Mentally Incapacitated",913269731501990,,,,"Open Eligibility Human Situations",,,,,,,recvtOPXX2bjwNdic,,2020-07-01T05:27:11.000000Z,2020-07-01T05:27:11.000000Z
364,1309271696758941,"Alternative Education",722235405163045,,,,"Open Eligibility Human Services",,,,,,,recvxPy4YFYBm9r13,,2020-07-01T05:27:11.000000Z,2020-07-01T05:27:11.000000Z
365,1284897769249958,Unemployed,,,,,"Open Eligibility Human Situations",,,,,,,recwTbatiwI2rbmbN,,2020-07-01T05:27:11.000000Z,2020-07-01T05:27:11.000000Z
366,1299658176327346,"Medical Supplies",762156967285100,,,,"Open Eligibility Human Services",,,,,,,recweQ0Bt39UIXRjV,,2020-07-01T05:27:11.000000Z,2020-07-01T05:27:11.000000Z
367,1303659781167310,Transgender,916364215200663,,,,"Open Eligibility Human Situations",,,,,,,recwjCXEe7wrAmKJF,,2020-07-01T05:27:11.000000Z,2020-07-01T05:27:11.000000Z
368,1304810831534520,"Immediate Safety",878986697513222,,,,"Open Eligibility Human Services",,,,,,,recwkDYndHfSotLTP,,2020-07-01T05:27:11.000000Z,2020-07-01T05:27:11.000000Z
369,1316333850458890,"Medical Supplies",911225335803318,,,,"Open Eligibility Human Services",,,,,,,recwvJQrXaFb8VtyP,,2020-07-01T05:27:11.000000Z,2020-07-01T05:27:11.000000Z
370,1286022221066840,"Emotional State",,,,,"Open Eligibility Human Situations",,,,,,,recxMNmxt3hA26yCF,,2020-07-01T05:27:11.000000Z,2020-07-01T05:27:11.000000Z
371,1318045950076632,"Help Pay for Healthcare",941516382466411,,,,"Open Eligibility Human Services",,,,,,,recxjmglDkHEnDMRp,,2020-07-01T05:27:11.000000Z,2020-07-01T05:27:11.000000Z
372,1323580210793043,"Pain Management",1063998043393752,,,,"Open Eligibility Human Services",,,,,,,recxpjYT4YqCeJNtS,,2020-07-01T05:27:11.000000Z,2020-07-01T05:27:11.000000Z
373,1271616837604956,"Homebuyer Education",1044271540015278,,,,"Open Eligibility Human Services",,,,,,,recy2mB0LqcMSBPYB,,2020-07-01T05:27:11.000000Z,2020-07-01T05:27:11.000000Z
374,1289157256176686,Employed,,,,,"Open Eligibility Human Situations",,,,,,,recyCmuPC17cthslj,,2020-07-01T05:27:11.000000Z,2020-07-01T05:27:11.000000Z
375,1301951887762995,"Chronic Illness",941516382466411,,,,"Open Eligibility Human Situations",,,,,,,recyOzBSQCithph3U,,2020-07-01T05:27:11.000000Z,2020-07-01T05:27:11.000000Z
376,1317156274511481,"Food Benefits",1197107095331825,,,,"Open Eligibility Human Services",,,,,,,recye2jUemN6gEw0e,,2020-07-01T05:27:11.000000Z,2020-07-01T05:27:11.000000Z
377,1327772602096310,"GED/High-School Equivalency",722235405163045,,,,"Open Eligibility Human Services",,,,,,,recylWbW0DqOkx7Fn,,2020-07-01T05:27:11.000000Z,2020-07-01T05:27:11.000000Z
378,1283643324173331,"Sexual Assault Survivors",845883336588812,,,,"Open Eligibility Human Situations",,,,,,,recz7MRtBB7SKotD3,,2020-07-01T05:27:11.000000Z,2020-07-01T05:27:11.000000Z
379,1298685016097725,"Help Pay for Food",832990803111047,,,,"Open Eligibility Human Services",,,,,,,reczDbPLNt0EnUwM7,,2020-07-01T05:27:11.000000Z,2020-07-01T05:27:11.000000Z
380,1306232247240502,"Armed Forces",,,,,"Open Eligibility Human Situations",,,,,,,reczMTHhKBOEyzKXz,,2020-07-01T05:27:11.000000Z,2020-07-01T05:27:11.000000Z
381,1308921407737837,Counseling,977436722195348,,,,"Open Eligibility Human Services",,,,,,,reczNbj2fs1NVH2Ik,,2020-07-01T05:27:11.000000Z,2020-07-01T05:27:11.000000Z
382,1308107560176055,"Understand Mental Health",752843971156447,,,,"Open Eligibility Human Services",,,,,,,reczR1s1Kd3TFDHP7,,2020-07-01T05:27:11.000000Z,2020-07-01T05:27:11.000000Z
383,1323030059737425,"Community Gardens",832990803111047,,,,"Open Eligibility Human Services",,,,,,,recza3W1h6mbScKRi,,2020-07-01T05:27:11.000000Z,2020-07-01T05:27:11.000000Z
384,1331902333746403,"Help Pay for Gas",741374308689917,,,,"Open Eligibility Human Services",,,,,,,reczcxQTGpflX6qdg,,2020-07-01T05:27:11.000000Z,2020-07-01T05:27:11.000000Z
385,1337759439042526,"Help Pay for Gas",741374308689917,,,,"Open Eligibility Human Services",,,,,,,reczp0TktHjvprO98,,2020-07-01T05:27:11.000000Z,2020-07-01T05:27:11.000000Z
386,1346213925333970,"Terminal Illness",941516382466411,,,,"Open Eligibility Human Situations",,,,,,,reczsj805917M5cbZ,,2020-07-01T05:27:11.000000Z,2020-07-01T05:27:11.000000Z
