ID,id,number,location_id,service_id,organization_id,contact_id,extension,type,language,description,phone_schedule,flag
1,539933937712273,"(718) 499-7701",1272585219567649,964120808558816,952776080974799,,321,,,,,
2,540270138678510,"(646) 676-1801",,1093514835093035,,,,,,,,
3,547451796888907,"(212) 206-5400",,1133756352370821,,,,,,,,
4,565565747582650,"(212) 787-6585",1295208390762416,833727885336698,,,,,,,,
5,570954467954091,"(212) 650-2010",,814314701238234,,,,,,,,
6,571539544273047,"(212) 505-3640",802703984103645,1322256938475139,,,,,,,,
7,578208419719036,311,,"865486474700577,1213036607295521,619738429158848,1128329270945852,818597024974992",,,,,,,,
8,589568886905732,"(646) 660-8951",594665162219120,776533076120789,1202577900100445,,,,,,,
9,592023805706929,"(914) 693-7700",,671609118944117,,,,,,,,
10,600653563177346,"(212) 712-0170",,"809594915267226,1187283213398988",,,,,,,,
11,606404525571499,"(914) 644-8844",,642763383791055,,,,,,,,
12,556535857464980,"(914) 741-0740",,1226151206612260,,,,,,,,
13,563473723331446,"(212) 787-7710",,1336043764520811,,,,,,,,
14,567760979781750,"(516) 565-2616",,1142292415068269,,,107,,,,,
15,574879341811964,"(914) 682-3926",,769342040158147,,,,,,,,
16,586082207235553,"(212) 581-2910",,1240661118232957,,,1110,,,,,
17,589069927288045,"(212) 712-0200",,1066576182461485,,,,,,,,
18,600649944791407,"(646) 813-3788",,609974918602397,,,,,,,,
19,601515975944532,"(212) 256-1933",,963966019084060,,,,,,,,
20,606516128608267,"(718) 784-6173",,647550805587258,,,,,,,,
21,616838803447106,"(516) 539-0150",,879052282924602,,,,,,,,
22,617719321457783,"(212) 769-7850",,900904477977142,,,,,,,,
23,561552896796419,"(718) 960-3354",796422747447092,1217330047058019,1202577900100445,,,,,,,
24,577382760984543,"(646) 998-6119",606626868016020,660358273093811,1214287184965619,,,,,,,
25,576410874144939,"(212) 962-7655",,1087394420679981,,,,,,,,
26,584923734313266,"(212) 980-4294",,833727414513307,,,,,,,,
27,584603051743244,"(877) 877-1671",,1296189276087159,,,,,,,,
28,589127829325472,"(212) 962-7817",,1068692989341970,,,,,,,,
29,598927822888483,"(212) 791-2500",1257787394804960,1145416997676199,852104162002742,,,,,,,
30,615697326988261,"(877) 557-2227",,623497844436346,,,,,,,,
31,620329918682642,"(212) 251-2500",825513025459215,615964161627015,818742815221035,,,,,,,
32,625168410337055,"(212) 721-8708",1239085525202840,955408734267425,1175507688064901,,,,,,,
33,572117183428877,"(212) 346-1244",964118028121674,898653528603878,1176924668005479,,,,,,,
34,583081775097928,"(212) 579-3539",688527544165377,,,,,,,,,
35,596375484728437,"(212) 771-6048",745545957016997,904435870052202,621590574293234,,,,,,,
36,599668928612579,"(914) 995-4602",,968832558246826,,,,,,,,
37,607491503549312,"(212) 799-9638",,788811858745327,,,,,,,,
38,621305926010699,1-855-582-6769,1283815184009985,1211921186340565,,,,,,,,
39,625617453905147,"(800) 957-1046",787524437126525,981185274806868,1117752841143569,,,,,,,
40,621920966796170,"(914) 946-2810",,1268019740852547,,,,,,,,
41,634406507402626,"(212) 727-4389",,1105774077860400,,,,,,,,
42,597220093899977,"(888) 232-8484",792647573931865,,1288044313088279,,,,,,,
43,608135417497622,"(212) 674-2300",,1149681920153095,,,,,,,,
44,608864816530159,"(212) 750-0800",698464460411906,,,,,,,,,
45,610736119421890,"1(877) 226-7780",,1279457659225203,,,,,,,,
46,614687616236690,"(212) 966-5460",1287623235982960,857712296030293,929828904477796,,,,,,,
47,621520528387934,"(914) 220-8590",,,,,,,,,,
48,622996181384529,"(914) 461-4500",,984041615403419,,,,,,,,
49,633713236729897,"(773) 678-4615",,615713842018740,,,,,,,,
50,635918232386334,"(631) 665-2300",779111459211010,846867475547086,902781566366502,,,,,,,
51,635073118879437,"(212) 687-5030",895924441806597,1256447779430795,1107570769963899,,0,,,,,
52,634781119347874,"(914) 761-0600",,,604657247231584,,,,,,,
53,646240608574729,"(646) 744-2900",,964120808558816,,,,,,,,
54,646736530797323,"(914) 347-1292",,,,,,,,,,
55,619221589267332,"(203) 979-2057",,794756455970133,,,,,,,,
56,627566428484967,"(718) 425-4620",,960933096060787,,,,office,,,,
57,656053629631443,"(212) 873-6600",,1021042715591141,,,333,,,,,
58,604400354182330,"(516) 746-0350",,1294162364398922,,,,,,,,
59,635107388906301,"(866) 583-2085",,1313190884786760,,,,,,,,
60,636527751646019,"(952) 943-2252",1216253083316171,756247067188042,624549561849549,,,,,,,
61,641563601435038,"(727) 215-2533",,1302356729977275,,,,,,,,
62,661238878446092,"(718) 882-8513",793686677552335,1203292248460080,1237041489023557,,,,,,,
63,666677882082048,,,704949997839383,,,,,,,,
64,668797232370572,"(718) 893-3606",,858534666460865,850652418731445,,,,,,,
65,634042097963939,"(914) 963-2460",820815991909974,829454435914342,,,,,,"Yonkers, NY number",,
66,638061477311803,"(212) 980-1700",,767046013165180,,,,,,,,
67,643939118374039,"(212) 387-8400",1118541487585825,1066778325819186,,,,,,,,
68,645524379406182,"(914) 357-8511",,1206081281714242,,,,,,,,
69,647232015290320,"(914) 813-6408",,"546324649191828,622439516438446",,,,,,,,
70,661681652540333,"(718) 246-2775",898060688155114,563583310600900,1017787979767244,,,,,,,
71,666411295779411,"(212) 239-1662",,1213146706836283,,,,,,,,
72,667365177600160,"(212) 722-8306",1036419362268281,1124251611013743,597618074285488,,,,,,,
73,675094256224616,"(212) 825-5710",,1213543511414419,,,,,,,,
74,624715832253407,"(718) 687-1978",,,,,,,,,,
75,627128567055441,"(718) 484-5639",,"1271796728231431,1191469119701878",,,,,,,,
76,634124727626866,"(718) 449-5000",869437581538741,"794585631951212,1018060635204154",779805618185923,,1,,,,,
77,637042726567005,"(212) 769-2850",,"639799693024150,1277861289893407,981054173201560,1273182297854066,883656468114296,841770812775273,565820535663626,961129687220865",,,,,,,,
78,646567923763056,"(718) 514-2155",1231170403100009,658507157960815,1222173390556225,,,,,,,
79,652216213050197,"(212) 938-4001",1213309130919325,800813664639683,663407514167044,,,,,,,
80,654042501298642,"(203) 520-0116",,1057390879186620,,,,,,,,
81,659080347489003,"(646) 545-4621",,756466054258839,,,,,,,,
82,670222060062384,"(914) 946-4777",1099317967582149,,,,,,,,,
83,671864331328810,"(212) 206-1299",603106980746590,855881833579163,1223129242355426,,,,,,,
84,675368884059093,"(914) 485-8354",,,617052169960060,,,,,,,
85,683187796323901,"(212) 746-5779",,760494792675702,,,,,,,,
86,633080382906941,"(212) 774-2647",868173819991970,1117862118489759,905326057005957,,,,,,,
87,631483991919220,"(914) 670-3026",,1088621444656423,,,,,,,,
88,637567060458969,"(914) 948-2932",,,,,,,,,,
89,644892434441299,"(212) 201-6139",734935691540835,848009902936406,,,,,,,,
90,655472709820870,"(212) 971-7600",1037743861488348,659031193612793,979989167470485,,,,,,,
91,658514823314988,"(212) 291-4190",939569956066267,1176517928581962,561510100662143,,,,,,,
92,661098508518727,"(800) 328-8602",665908716099324,1317272831608081,,,,,,,,
93,665110288049818,"(914) 646-0656",1058744444148098,601657347342653,,,,,,,,
94,676041189580868,"(718) 652-5500",,1217784119892646,608478388100121,,,,,,,
95,684319794566975,"(914) 468-1944",,1034688500831787,,,,,,,,
96,688879724380636,"(914) 681-0200",,789430554421597,,,,,,,,
97,690005646305529,"(718) 557-1399",610396374228362,1107249340978249,,,,,,,,
98,704422111355233,"(212) 871-0777",888854290272678,708105628538848,1165481515831627,,,,,,,
99,708463359521157,"(718) 886-1412",1212546812400921,911782926228446,979989167470485,,,,,,,
100,711348531869838,"(212) 233-6037",628786748725608,886872882742418,1308744014948525,,,,,,,
101,715581660281221,"(212) 263-3210",910746664162625,1158111918004941,1088122643739149,,,,,,,
102,725610732320337,"(646) 229-9282",1201838337524842,645796006367089,,,,,,,,
103,730769750668575,"(718) 808-1365",1162363007529652,849677296161738,1202577900100445,,,,,,,
104,734017481451860,"(212) 873-7070",,1141581628840504,,,,,,,,
105,739909893666659,"(914) 597-2326",,1103168281653747,,,,,,,,
106,741375174756650,"(917) 374-1525",942582231528336,691036117584255,,,,,,,,
107,771100219665746,"(718) 782-6334",1218778159588031,590472117584228,,,,,,,,
108,737534413280285,"(866) 474-2774",,892767966533916,,,,,,,,
109,737887887424485,"(212) 453-9532",584835880268323,1214881164658172,635776676599442,,,,,,,
110,739651742786592,,,,,,,,,,,
111,743968299973017,"(212) 962-4795",,1196577705674533,,,,,,,,
112,746108880512512,"(914) 777-2777",,1183381495912211,,,,,,,,
113,748856120890280,"(914) 419-7219",1192824025321946,"1136963003142257,1129939373114087,608815884165791",832749361091520,,,,,,,
114,748797576054618,"(646) 442-1520",,1149681920153095,,,,,,,,
115,751780588775178,"(212) 706-0398",1127756116271969,1298860129512584,,,,,,,,
116,766353792830812,"(914) 229-2244 Ext. 801",,875704457864885,,,,,,,,
117,771507333748332,"(914) 964-6980",,1316829671731361,,,,,,,,
118,734089418338188,"(914) 631-2600",,,,,,,,,,
119,736188312521341,"(914) 666-7616",,567213982298655,,,,,,,,
120,753390261586646,"(914) 636-6565",,853792809831330,,,,,,,,
121,765111106743423,"(646) 395-8083",,810458996121715,,,,,,,,
122,766394057278074,"(914) 995-2259",,956467620276211,,,,,,,,
123,779219898945022,"(914) 925-5959",,814910120354434,,,,,,,,
124,788946701169368,"(914) 813-6300",,617563123105780,,,,,,,,
125,739859138867716,"(646) 744-2900",,"895920199651907,939447269767314",,,,,,,,
126,753557336459670,"(212) 746-5454",771483187355049,1327603866686607,874300745043714,,,,,,,
127,757467366511568,"(914) 241-0017",,,,,,,,,,
128,770266971052371,"(800) 532-4290",,627511706500348,,,,,,,,
129,772606633064356,"(917) 620-9102",853916208626878,594018446651717,,,,,,,,
130,774441012896831,"(914) 425-5253",,604112759450921,,,,,,,,
131,773442820298867,"(212) 218-0503","1267609685792488,940883776000708",846787360945082,798994226105048,,,,,,,
132,778347577179944,"(914) 997-0400",,922757855773332,,,,,,,,
133,781823517709814,"(347) 843-7700",,1125337914533231,,,,,,,,
134,781837813469479,"(914) 941-2450",,886820512656238,,,,,,,,
135,790564212894605,"(888) 692-9355",809957051513971,784061477239139,,,,,,,,
136,797171340132062,"(212) 777-3555",,1257451204059413,,,115,,,,,
137,767136569135955,"(914) 693-6800",,943177373790677,,,527,,,,,
138,776697174992944,"(718) 557-1399",,1144146399031754,,,,,,,,
139,773418629410310,"(914) 361-1999",,1279542912229691,,,,,,,,
140,803292458166778,"1 (800) 621-HOPE",,1254802786086522,859985898638918,,,,,,,
141,808504021061574,"(718) 739-6400",,1132520168125650,,,,,,,,
142,810366456414473,"(914) 946-6878",1139545407768271,829454435914342,,,,,,"White Plains, NY number",,
143,817502170175516,"(914) 337-1500",,947738296953580,,,357,,,,,
144,758665881907713,"1(888) 9-438-4357",,933237624354771,,,,,,,,
145,762835641076831,"(212) 870-1810",1327394866894620,1269213379965326,839827527698327,,,,,,,
146,772011305196605,"(516) 286-6412",672103964786737,1118447497322381,,,,,,,,
147,781770026985187,"(212) 787-7120",,,,,514,,,,,
148,787187721543563,"(212) 746-6905",,1171987185469806,,,,,,,,
149,791812099850523,"(646) 461-1295",,818978369006787,,,,,,,,
150,791016197241063,"(914) 769-2021",,885401816965082,,,,,,,,
151,793575198331736,"(212) 838-4333",792766212966007,821364371870454,,,,,,,,
152,791782596800343,"1-800-74 SIGHT",,598860279139020,,,,,,,,
153,793906394089229,"(212) 741-2247",908721052299840,1314379582554480,889219993877335,,138,,,,,
154,807736498130068,"(914) 263-7716",,952474422411101,,,,,,,,
155,830449397221835,"(212) 912-9770",,1100048981347799,,,381,,,,,
156,834857618004619,"Unnamed record",,704949997839383,,,,,,,,
157,764580363283286,"(877) 470-4687",785836677337472,1012491329529162,,,,,,,,
158,777730516598468,"(914) 813-6427",,977076913058114,,,,,,,,
159,783848767095069,"(212) 971-7795",,875627478974399,,,,,,,,
160,785381637784339,"(212) 772-8461",836161221805129,1155279974732807,,,,,,,,
161,799800317913732,"(646) 666-7285",624587549571008,944976351051041,,,,,,,,
162,798812684314671,"(212) 879-7400",1107802251236437,1005399245667696,940635116893810,,312,,,,,
163,801834823074161,"(800) 701-0501",,979347986563061,,,,,,,,
164,808731055634769,"(914) 925-5320",,767280654488239,,,,,,,,
165,810751312188465,"(914) 681-0600",,757049656815040,,,,,,,,
166,817512204323217,"(212) 864-5905",,606049236910724,,,,,,,,
167,817594509806220,"(212) 569-7790",,953356879922443,,,,,,,,
168,834192182171667,"(212) 534-6464",1063151263507542,1210602165678189,,,,,,,,
169,839802323250782,"(212) 620-5000",,933790200082155,,,319,,,,,
170,780756410196241,"(914) 779-0031",,,,,,,,,,
171,785603674665239,"(866) 802-3676",875669545190590,1066497640168657,,,,,,,,
172,799437366222939,"(914) 347-1292",,826218319073935,,,,,,,,
173,804351346942181,"(212) 971-7600",,949339326889314,,,,,,,,
174,806341526656464,"(646) 823-4032",,976697714672744,,,,,,,,
175,812147480260529,"(212) 962-7559",,"653008088512697,901976308727761",,,,,,,,
176,825609315730847,"(212) 602-6958",1196705040717547,1213036607295521,616711493480804,,,,,,,
177,825569529745946,"(877) 424-3838",,1102354014602661,,,,,,,,
178,836864067654459,"(888) 866-6148",,1019842691268144,,,,,,,,
179,833238021687378,"(800) 843-7526",,1172430819139792,,,,,,,,
180,847865874728097,"(855) 574-7286",,972456099283146,,,,,,,,
181,785303374266542,"(844) 663-2255",817064838386609,"1242765695469023,1201897000634222",1212127567201393,,,,,,,
182,804875796965957,"(516) 218-2026",,1249500327678308,,,,,,,,
183,812444736317662,"(914) 422-4069",,992957231897387,,,,office,,,,
184,845570959150135,"(212) 799-8600",,1153985667300935,,,,,,,,
185,803183586724113,"(212) 938-4001",,1275555407513349,,,,,,,,
186,805325028502814,"(212) 966-4400",,1275995476418606,,,,,,,,
187,815702977901696,"(646) 590-0615",886567588768031,554169331480949,934162071038743,,,,,,,
188,820345153653373,"(718) 884-5900",,652845412907744,,,,,,,,
189,824923452953158,"(212) 864-7900",1267609685792488,,,,,,,,,
190,830342116391284,"(212) 234-3481",1272415379532080,1181805580091514,923109536688861,,,,,,,
191,835085424564704,"(347) 394-5122","629528344595784,910630569868465,1035489378662589",581914407561626,,,,,,,,
192,835909927735626,"(212) 741-2247",,768475791536235,,,,,,,,
193,852539902947802,"(718) 224-0566",,1272518728948067,,,,,,,,
194,816900089931246,"(718) 449-5000",,640786236939343,,,2311,,,,,
195,823557749703671,"(917) 661-4500",1113813987371256,761065170179610,,,,,,,,
196,828032746657818,"(212) 777-3555",,713324434220839,,,119,,,,,
197,831790758217048,211,638454976676154,635767014777690,,,,,,,,
198,838851197051074,"(212) 626-7373",633941962467510,730910006564936,,,,,,,,
199,842939708242492,"(877) 337-2017",,1134697933733017,,,,,,,,
200,843743119320527,"(212) 874-0860",1252212274923057,979828351062250,,,,,,,,
201,848577785284000,"(866) 232-8484",,"1155024736332656,911239601037044,861551426759241,1266327100220698,1263717593353769",,,,,,,,
202,845247222865092,"(877) 741-6511",,958602435127606,,,,,,,,
203,851844795723386,"(914) 779-0031",,1267509651892520,,,,,,,,
204,856695096564723,"(212) 614-5484",,571465129413363,,,,,,,,
205,873095586868452,"(914) 422-4684",,,,rechc0rUPq382KG9q,,,,,,
206,874714855242478,"(332) 877-6258",,960933096060787,,,,cell,,,,
207,874040990130824,"914-668-9124, ext 28",,689580955851277,,,,office,,,,
208,880970653449227,"(212) 625-1616",1246575464969417,942162107607836,,,,,,,,
209,883157495394268,"(917) 960-6181",,1296981513923077,,,,,,,,
210,844662141026928,"(917) 275-6975","914639497723129,1327394866894620",1131541525040619,839827527698327,,,,,,,
211,851093536874721,"(212) 995-5810",775481781223730,733448619284596,,,,,,,,
212,884751042759569,"(646) 545-5208",826388597666813,872321036841122,1299477450227528,,,,,,,
213,882787261915258,"(212) 398-5045",,816733464389484,,,,,,,,
214,884059462151547,"(914) 764-3533",,1252521081622287,,,,,,,,
215,878319215075545,"(212) 268-8200",,,,,,,,,,
216,890120979698034,"(914) 231-3241",,,,,,,,,,
217,894087961872425,"(718) 238-2100",,1060912758231579,,,,,,,,
218,896837821919114,"(646) 395-4534",564742220711597,1155205412613057,781836024471454,,,,,,,
219,898864287712317,"(917) 592-9323",,550639993191378,,rec4FzkZUn0iNv0rU,,,,,,
220,842323758211755,"(212) 523-6491",,775642325697758,,,,,,,,
221,843528306148758,"(718) 217-0126",,1308196365475201,,,,,,,,
222,858808717862931,"(212) 842-8831",561148298054173,998151779788022,850259382865797,,,,,,,
223,869088980926062,"(212) 663-3000",,899826943268588,,,2042,,,,,
224,871276858579561,"(718) 875-2191",,,,,,,,,,
225,875283516813907,"(914) 761-0600",,1260362559796750,,recERZUryFCLCmH2p,340,,,,,
226,877585854903181,"(800) 869-9549",852109915963296,831874032989869,,,,,,,,
227,878152686288081,"(646) 276-5910",,"1271796728231431,1191469119701878",,,,,,,,
228,892569535126490,"(201) 460-1600",,1158759157820535,,,,,,,,
229,899500549900682,"(212) 760-9800",859141805722434,"865954914172697,729819108773188",,,,,,,,
230,906124092352617,"(646) 505-4390",1312695594585888,1090033410306276,724662437776878,,,,,,,
231,847570665921272,"(212) 222-8030",,1269213379965326,,,,,,,,
232,852568932014888,"(212) 673-9328",,589265063758770,,,,,,,,
233,869945483283646,"(914) 761-0600",,1217365969513100,,,"2142 or 2143",,,,,
234,875507696030229,"(914) 287-0739",,992957231897387,,,,Helpline,,,,
235,880907948910042,"(212) 358-8044",939450579574156,1124735196190933,,,,,,,,
236,880385099178589,"(212) 626-7383",,1267289355151812,,,,,,,,
237,884687832197119,"(914) 989-1540",,878265177488162,,,,,,,,
238,909474513199814,"(212) 294-8100",,753881045700684,,,,,,,,
239,913045701943478,"(914) 287-6113",,923999939595541,,,,,,,,
240,922856894129170,"(914) 813-6441",,962900623913056,,,,,,,,
241,923627599145439,"(800) 906-9887",,779339624756606,866922804423485,,,,,,,
242,859854129542417,"(914) 231-3237",,594579557870542,,,,,,,,
243,863931667195463,"(800) 544-0304",,,,,,,,,,
244,863120394316737,"(845) 634-0076",,,,,,,,,,
245,871160022530687,"(914) 562-6711",,944976351051041,,,,cell,,,,
246,876671128368411,"(212) 717-8888",,1203465702858620,,,,,,,,
247,883164703652351,"(718) 731-3114",,1147705615071897,,,,,,,,
248,884626270698487,"(212) 408-6447",1236472041118282,1151487379935411,774788058651420,,,,,,,
249,885909433526466,"(914) 505-6142",,1250787331434938,,,3,,,,,
250,887655578966616,"(212) 273-5272",1304313664181912,"1288178816196946,991868453384068",,,,,,,,
251,865162677191334,"(212) 871-5301",,1281730196978815,,,,,,,,
252,886135179708593,"(914) 227-9318",,659598091313548,,,,,,,,
253,889138051174000,"(914) 779-0031",,1119672043446510,,,,,,,,
254,897066353998421,"(646) 713-2732",857035800051204,949462934858305,,,,,,,,
255,905078980297168,"(212) 206-5200",,582404943926369,,,,,,,,
256,933127730613617,"(212) 289-5300",604286463973708,"592617644766948,764670078154564,979647759133794,887505557148962,818205341298030",875189273598571,,,,,,,
257,875723948585454,"(646) 745-9122",,913495435605886,,,,,,,,
258,881475226834229,"(212) 273-5272",930952826074629,1143448616335218,999420709614592,,,,,,,
259,884793010254084,"(212) 233-6037",1157439885702996,1145192161147031,1308744014948525,,,,,,,
260,902460920708433,"(212) 769-4400",1160980520314476,1243032936986058,,,,,,,,
261,919197563606308,"(212) 644-3320",981831536235200,851324842437370,858525228630280,,,,,,,
262,929563793253978,"(646) 713-2754",1200511949065685,949462934858305,,,,,,,,
263,938318263388040,"(718) 652-5500",803273260259437,895897993855079,608478388100121,,,,,,,
264,945236319112691,"(516) 733-7045",783848140153866,,926566663310552,,,,,,,
265,953129348295807,"(212) 683-6700",,"1299966772928860,1063459575997908",,,1170,,,,,
266,954275487484485,"(212) 442-3086",,865486474700577,,,,,,,,
267,887982365412282,"(212) 842-8831",561148298054173,619599394487325,850259382865797,,,,,,,
268,890624610636670,"(212) 218-0481",940883776000708,1143432217558001,798994226105048,,,,,,,
269,894968669101358,"(212) 687-1234",,"1261701871106227,1113339829525706",,,,,,,,
270,898842574081173,"(646) 672-5077",877157950664285,872321036841122,1299477450227528,,,,,,,
271,905809732344344,"(866) 653-4427",,1073254137157159,,,,,,,,
272,910591738606762,"(914) 632-2804",,782267624918280,,,1148,,,,,
273,930906764780885,"(866) 735-1234",,875627478974399,,,,,,,,
274,941524237713523,"(212) 535-5235",1313811808076784,1264942737150905,940635116893810,,,,,,,
275,901773923779681,"(914) 263-5210",,,,,,,,,,
276,904954366117014,"(646) 794-2035",,1210604705530709,,,,,,,,
277,915897563436802,"(877) 797-7299",,"848330157196899,1175389810228890",,,,,,,,
278,925884348453654,"(212) 233-6037",,1261123757547801,,,,,,,,
279,927467421613186,"(212) 879-7400",,600135038960416,,,,,,,,
280,933399633089109,"(212) 632-4608",,"1077341156049049,1299306345384176",,,,,,,,
281,951896497474314,"(866) 584-7389",,1008498020135532,,,,,,,,
282,959748493066942,"(888) 690-9570",,1279542912229691,,,,,,,,
283,958208151578401,"(212) 998-9800",,1157865767601907,,,,,,,,
284,973262116396783,"(212) 613-5000",,"1227805757052460,802543237937238",,,,,,,,
285,974256483571744,"(718) 251-3700",1258249932231072,,,,,,,,,
286,909184666935775,"(914) 563-8368",,1196073958400903,,,,,,,,
287,912165790914098,"(914) 948-1500",,1201949109066241,,,,,,,,
288,936295913818873,"(914) 864-0588",,1279087106048740,,,,,,,,
289,940025562772061,"(718) 892-5520","793686677552335,856148060589960","1148416635808831,1203292248460080",1237041489023557,,,,,,,
290,940113092219097,"(718) 449-5000",,821251992076057,,,2257,,,,,
291,939101045497128,"(718) 267-6910",878704477770045,665503981563170,828071650886930,,,,,,,
292,958056495301779,"(866) 956-5400",,924734829034925,,,2,,,,,
293,961316513459220,"(212) 369-5523",,1013782748708059,,,,,,,,
294,961613698737700,"(877) 805-5845",,1150218177163134,,,,,,,,
295,970331199447719,"(212) 969-8464",,830884025300190,,,,,,,,
296,973048330116539,"(718) 606-9712",,1090068972800338,,,,,,,,
297,924104356447759,"914-761-0600 x2143",,,,recgw8TJQ9snMePp4,,,,,,
298,923113257284691,"(866) 653-4427",1151472742702655,1073254137157159,,,,,,,,
299,939180792836656,"(800) 837-5565",,1226671765894576,,,,office,,,,
300,945066579726397,"(908) 273-8400",780043939873286,980311998959939,,,,,,,,
301,944865759683051,"1(855) 332-7799",,1257352985791981,,,,,,,,
302,976959028911498,"(914) 696-0738",,1169883829298447,,,,,,,,
303,975745652465415,"(212) 203–4760",844364176767799,625862012895176,,,302,,,,,
304,973161705216288,"(800) 56-SENIOR",1056584562594595,855181083326261,1098856670939907,,,,,,,
305,978774408774346,"(914) 522-0022",,1130960987420980,,,,,,,,
306,976396516929335,914-222-5116,,627733787707334,,,,,,,,
307,988824700474415,"(212) 920-5967",,950276035895444,,,,,,,,
308,993998041715828,"(914) 682-1480",,609901449758872,,,,,,,,
309,946044114777058,"(914) 752-8205",,1092487167368004,,,,,,,,
310,947211911095759,"(212) 473-1474",745545957016997,647963469199800,621590574293234,,,,,,,
311,947850805673902,"(914) 636-4200",,1306565861277471,,,,,,,,
312,950651487644294,"(212) 741-2247",,1107517585026390,,,,,,,,
313,965031904402236,"(914) 479-5200",,1183965065246467,,,,,,,,
314,967537996903928,"(914) 288-5229",,1215223295083959,,,,,,,,
315,964093103655057,"(212) 568-5030",,1277195383446930,,,,,,,,
316,996241475228602,"(212) 342-9735",,943189738216572,,,,,,,,
317,998355037014838,"(212) 927-5600",1175734426903224,1247905330263033,,,111,,,,,
318,996336481967979,"(800) 567-3646",,1232107467923366,,,,,,,,
319,941281116455568,"(973) 801-6063",,637789679159005,,,,,,,,
320,942456039150589,"(212) 787-7120","686559333444510,1182178575582068",852591308861622,,,,,,,,
321,948635916005516,"(212) 991-0003",,1061291481423864,796026064627918,,,,,,,
322,973157846510573,"(845) 424-4470",,545735833730297,,,2,,,,,
323,977144619464111,"(800) 971-0016",,1277328910091903,,,,,,,,
324,980143642587210,"(212) 581-3490",,1256987994244947,,,,,,,,
325,984358794830648,"(718) 340-4412",,1163635550532432,,,,,,,,
326,1000855809770843,"(212) 609-1900",,1271204612274121,,,,,,,,
327,999473083949618,"(646) 505-4488",,912087287310872,,,,,,,,
328,1009983396218574,"(212) 579-3539",,,,,,,,,,
329,953499454354789,"(914) 761-0600",,1147084205975419,,,230,,,,,
330,981997316960259,"(212) 769-4327",,1106906665297264,,,,,,,,
331,976858699590362,"(718) 268-1412",966914096445103,616027474928772,854389601348497,,,,,,,
332,984462671444449,"(212) 577-3300",592006797094234,1288051650495794,,,,,,,,
333,1020848632870628,"(800) 544-0304",,,,,,,,,,
334,960980821578445,"(646) 395-4260",,1095268672603108,781836024471454,,,,,,,
335,985336284577506,"(914) 478-3700",,859261006217011,,,,,,,,
336,981955137220066,"(800) 333-4114",820448574506867,678225650204200,,,,,,,,
337,996322951902597,"(718) 892-5520",856148060589960,,,,,,,,,
338,1010063553152090,"(718) 224-0566",1286900051399672,832016928597027,776754734758664,,,,,,,
339,1005487151098202,"(908) 241-8300",599306518734171,902915716647397,,,,,,,,
340,1010601931610856,"(212) 448-6224",,,,,,,,,,
341,1013510748368807,"1(800) 887-4673",,1257888729107302,,,,,,,,
342,1019781296777997,"(718) 522-2122",,983906763425133,,,,,,,,
343,1034340052076074,"(212) 870-5000",,,,,,,,,,
344,1030364882603753,"(914) 437-5955",,1289293867285970,,,,,,,,
345,1025617029827544,"(800) 544-0304",,,,,,,,,,
346,1027962465990811,"(914) 666-4228",,1269430735797847,,,,,,,,
347,1061408127915601,"(917) 775-1199",1010634024590412,1168278429230315,,,,,,,,
348,1081157382197934,"(914) 995-5972",,800282930025758,,,,,,,,
349,1089166955636887,"(212) 229-5682",595166933017642,1109860177950808,882170858209681,,,,,,,
350,1094658663094659,"(914) 262-3682",,938841885181310,,,,,,,,
351,1041608668461119,"(212) 453-9519",,1201612629668842,,,,,,,,
352,1043712164296858,"(212) 877-7525",589921434208803,934871686281700,,,,,,,,
353,1043329810818787,"(914) 963-5118",,1102529379016907,,,,,,,,
354,1053545479364272,"(877) 819-9147",,"639799693024150,1273182297854066,961129687220865",,,,,,,,
355,1054426816640994,"(855) 239-0019",,767280654488239,,,,,,,,
356,1072293496393094,"(877) 212-4222",,962527824453291,,,,,,,,
357,1073228221828292,"(914) 681-1800",,,,,,,,,,
358,1080338271859498,"(646) 505-5708",,836152397915732,,,,,,,,
359,1080998288598265,"(914) 241-0770",,775129095879874,,,,,,,,
360,1089327306725078,"(914) 995-7272",,726964458915620,,,,,,,,
361,1095470244940987,"(646) 754-2277",910746664162625,1197949764240847,1088122643739149,,,,,,,
362,1109654065242959,"(212) 369-5523",,1078136644723933,,,,,,,,
363,1051185535430439,"(914) 761-0600 x143",,945752833105371,,,,,,,,
364,1049856550473262,"(716) 406-4655",,1193096074780780,,,,,,,,
365,1055077467037842,"(914) 263-7716",,1014486277073254,,,,,,,,
366,1051677779208174,"(914) 948-2932",,1195859334581308,,,,,,,,
367,1086674481818674,"(212) 987-5120",,1264727299118618,,,,,,,,
368,1082688720298358,"(212) 659-8552",,795976065646204,,,,,,,,
369,1084171257401774,"(914) 739-2244",,867670607442498,,,5214,,,,,
370,1098031386765087,"(212) 362-3662",657741214801376,960617758768539,859311048444171,,,,,,,
371,1100595324045699,"(914) 995-2000",,923646230075508,,,,,,,,
372,1102095914534738,"(888) 572-8566",897643592121126,938471611520186,,,,,,,,
373,1107176460876669,"(718) 993-7104",,,,,,,,,,
374,1124701643634907,"(212) 566-7855",840514443838048,,,,,,,,,
375,1067289555851807,"(212) 242-4140",,1111403286785411,,,X251,,,,,
376,1065689190498008,"(917) 305-7700",,777878575131334,,,,,,,,
377,1080773681073798,"(212) 977-4600",1230252559669970,655477513239628,,,,,,,,
378,1089446791508155,"(914) 215-1968",,969591362936554,,,,,,,,
379,1107297795302467,"(212) 218-0503",,"623429254053582,1181470161325641",,,"option 0",,,,,
380,1118602068378559,"(877) 652-1148",638454976676154,635767014777690,,,,,,,,
381,1117573030692744,"(212) 568-5031",,1277195383446930,,,,,,,,
382,1119269001487233,"1(800) 567-3646",,886515346401663,,,,,,,,
383,1119956223653677,"(212) 218-0438",,1229260991425809,,,,,,,,
384,1128068817208098,"(212) 982-4124",1148019099417774,1125800033041427,,,,,,,,
385,1131100545612628,"(212) 316-7735",,1241027936084868,,,,,,,,
386,1097862475451062,"(800) 567-1692",,888456338601707,,,,,,,,
387,1100778712020935,"(347) 662-2440",945515049623119,1050345041596883,,,,,,,,
388,1105065196815752,"(718) 484-5639",668507123937673,1119307712797759,1167195867217331,,,,,,,
389,1106245770992949,"(800) 775-8387",833764577839227,1148763515532091,597471677543523,,,,,,,
390,1110385106581796,"(718) 321-8194",946178298934653,1129429578221496,685028959367331,,,,,,,
391,1121289716707263,1-877-574-8529,,822669918947087,,,,,,,,
392,1118773524261889,"(212) 875-5375",600077058426789,641800255430222,805627125800715,,,,,,,
393,1121050199373564,"(914) 337-1338",,1189715623722716,,,,,,,,
394,1122959542860669,"914-761-0600 x2142",,,,recGZMS89tvMVmo0V,,,,,,
395,1122307373790275,"(646) 370-5642",1218399656701078,607491556351537,940635116893810,,,,,,,
396,1127142123974030,"(914) 633-2675",,828175339740471,,,,,,,,
397,1131495687937402,"(914) 761-0600 x310",,852387643645016,,,,,,,,
398,1131121820107153,"(212) 980-1700",,"922570750485340,1244030712574348",,,,,,,,
399,1143588266707680,"(212) 595-1888",,813571933574740,,,,,,,,
400,1144894478279526,"(914) 834-4933",,1124284512464992,,,,,,,,
401,1080365321426156,"(301) 657-2248",,643787403693759,,,,,,,,
402,1094802474701755,"(212) 334-3324",,1087963110530465,,,,,,,,
403,1100948996979897,"(212) 712-0200",637170263897132,1337566135151280,553501090665356,,,,,,,
404,1101665190861984,"(212) 925-6625",1008148626311184,962519259999999,945435139317598,,229,,,,,
405,1114193737893828,"(718) 581-1000",1249390679707688,941809353186859,1098856670939907,,,,,,,
406,1115763759666645,"(646) 576-8669",908721052299840,768475791536235,1202577900100445,,,,,,,
407,1120236919330798,"(212) 273-0490",,1117909921413991,,,,,,,,
408,1127353776044997,"(718) 542-0006",1152994247095026,1132626808243715,879467317357730,,,,,,,
409,1127376173747334,1-800-272-3900,,671244311648067,,,,,,,,
410,1138151168298067,"(212) 876-2638",1242406932516432,1164530061458458,813326452731155,,,,,,,
411,1145338820284234,"(212) 273-5272",639449550055644,1142867068784057,999420709614592,,,,,,,
412,1153510485802142,"(718) 787-1100",651750585468528,749277676940883,,,,,,,,
413,1094435385725307,"(212) 442-3103",,1161880617276485,,,,,,,,
414,1114624706826072,"(212) 417-3888",991296539851115,1109362982511146,,,,,,,,
415,1115075307162181,"(212) 203-8036",,1193042326559791,,,,,,,,
416,1121640365968039,"(212) 581-2910",,644357335957019,,,,,,,,
417,1125498681311971,"(212) 630-1853",,934360842753019,1170967448889542,,,,,,,
418,1128164531867061,"(917) 826-6278",989921779096527,868979199647621,,,,,,,,
419,1128515640697725,"(212) 423-3289",,1080670404294287,,,,,,,,
420,1138498950663098,"(914) 683-7530",,855849468189520,,,,,,,,
421,1145474595596336,"(212) 860-3148",,909531836331413,,,,,,,,
422,1148592964811433,"(212) 535-7710",1211776986922808,962264766401803,1275566162794288,,,,,,,
423,1150717829642233,"(914) 682-1480",,1153448061575610,,,648,,,,,
424,1158500319962356,"1(877) 261-8871",,964058957510307,,,,,,,,
425,1160979552886079,"(212) 687-5030",,1120678962480781,,,463,,,,,
426,1098802239046056,"(212) 417-3839",991296539851115,1130400742595772,1303487432314987,,,,,,,
427,1103845008771790,"(718) 542-0006",,1132626808243715,,,,,,,,
428,1128762562999775,"(212) 243-3670",972498722527865,727746373311059,919573592529568,,,,,,,
429,1132756091918877,"(212) 218-0447",,679316262960090,,,,,,,,
430,1134164728573907,"(914) 925-5320",,632484546642124,,,,,,,,
431,1138943674330460,"(914) 708-9841",,689580955851277,,,,cell,,,,
432,1149916861813349,"(646) 505-4444",,886002483710503,,,,,,,,
433,1150702256939137,"(917) 656-0558",568630493978873,1253214211998009,,,,,,,,
434,1154919485073036,"(914) 636-6200",,650409579169663,,,,,,,,
435,1159036923019159,"(718) 722-6000",774273106095161,,926566663310552,,,,,,,
436,1174293700721645,"(855) 800-4683",,1141695401299772,,,,,,,,
437,1112218543731803,"(914) 668-9124",,"755136437715114,607345388834247",,,22,,,,,
438,1115977126881176,"(718) 454-2100",1239316263027446,828222998498950,645730693279777,,136,,,,,
439,1128138006187300,"(516) 642-4798",,1012363399092830,,,,,,,,
440,1146775943975111,"(914) 357-8084",,669619303185507,,,,,,,,
441,1148397911105880,914-428-4220,,881897740733384,,,,,,,,
442,1168763045102687,"(212) 222-7300",,916134569938827,,,,,,,,
443,1168708032347321,"(212) 873-6600",621483052059786,1028031377774559,923109536688861,,,,,,,
444,1177385215314132,"(212) 541-5996",769619830768525,"856540091057743,671412938379029",983279313641184,,,,,,,
445,1174749031887385,"(914) 358-2000",,555360101755779,,,,,,,,
446,1180851557883688,"(212) 684-5344",,662290598368678,,,,,,,,
447,1140236227763481,"(914) 573-5569",,647229496315746,,,,,,,,
448,1148987270703767,"(212) 687-0188",913322059376271,901066062072005,,,,,,,,
449,1155760614038028,"(914) 681-1249",,1219895967348154,,,,,,,,
450,1155073786008965,"(905) 531-9789",986076717425676,1064626459240121,,,,,,,,
451,1170024339255780,"(212) 772-4490",561779752822615,1344051922955818,,,,,,,,
452,1168965348029088,"(646) 412-0600",,"844405703995740,650697226576535",,,,,,,,
453,1171165992654808,"(212) 870-4682",,"1191469119701878,1271796728231431",,,,,,,,
454,1173180035979255,"(212) 239-2251",670929657094775,629330886498169,,,,,,,,
455,1186346032225073,"(646) 874-8683",,666160522829291,,,,,,,,
456,1183181876248255,"(800) 544-0304",1106697137818738,1307397345920479,1167195867217331,,,,,,,
457,1182235656872948,"(888) 280-8226",656345793757227,1118996510178375,,,,,,,,
458,1125706579524232,"(800) 627-5717",,1250503896058178,,,,,,,,
459,1129368496050475,"(917) 847-9900",,1226671765894576,,,,cell,,,,
460,1141004778938528,"(908) 497-3950",1081850790467536,869422949711757,,,,,,,,
461,1145143899367450,"(914) 582-0796",,636494090986396,,,,,,,,
462,1149034166829265,"(201) 892-9692",,1304713068423859,,,,,,,,
463,1179817197676985,"(914) 263-5210",,868014343262210,,,,,,,,
464,1183567675629524,"(646) 395-8083",1143936190869986,1087602119004985,1120914840730487,,,,,,,
465,1183996528159268,"(718) 596-8789",,1229958599094903,,,,,,,,
466,1188424253705335,"(646) 326-5994",1080980334266782,960228911790200,,,,,,,,
467,1199805634236579,"(914) 693-7700",1217088351329439,,,,,,,,,
468,1156561623394655,"(212) 581-2910",,976238227660785,,,1125,,,,,
469,1166163874621165,"(212) 335-9007",,813642754389966,,,,,,,,
470,1177629503271093,"(212) 663-3000",873392952410289,1228720163916900,1010051820509387,,1372,,,,,
471,1178064784808101,"(347) 309-6033",,1235328331316271,,,,,,,,
472,1180766220018823,"(888) 603-9191",,545735833730297,,,,,,,,
473,1178997443558007,"(718) 863-8833",,914898037644455,,,,,,,,
474,1187435639779273,"(212) 434-2000",657361025169638,1327603866686607,1316318060699368,,,,,,,
475,1194428081935565,"(212) 696-1550",1071945974194624,629288783459442,1116923382250023,,,,,,,
476,1175412403635544,"1(800) 227-2345",,839158671206438,,,,,,,,
477,1203914228897654,"(212) 396-6964",834032044609787,1201583321309745,751944288598510,,,,,,,
478,1209412013333739,"(888) 235-5826",,1261034223345738,,,,,,,,
479,1213798608856801,"(212) 417-3889",731499650370942,1109362982511146,,,,,,,,
480,1218080962607558,"(212) 423-9665",1304705637644101,870520437466443,940635116893810,,,,,,,
481,1157567112473548,"1(866) 586-8044",,978727758513830,,,,,,,,
482,1161711049545701,"(914) 253-6860",,,,,,,,,,
483,1184506857002876,"(914) 428-4140",,1240262444839301,,,,,,,,
484,1182562626860534,"(914) 428-4507",,1264560206833433,,,312,,,,,
485,1219056005908876,"(800) 532-5274",545582499398807,646672113492683,,,,,,,,
486,1223298989673747,"(631) 853-8200",,1196279776508741,,,,,,,,
487,1220215952032500,"(914) 242-7433",,650947090756768,,,,,,,,
488,1227937685929228,"(914) 668-9124",,869977772572425,,,,,,,,
489,1170363414364281,"(212) 730-1442",,833708272440161,,,32,,,,,
490,1167190457320337,"(718) 422-7393",,1202003470308319,,,,,,,,
491,1172502082395416,"(914) 239-8264",,662053153004389,,,,,,,,
492,1193938352010588,"(914) 764-3014",,1066263438111374,,,,,,,,
493,1202655158822384,"(844) 532-6669",,1094294586712871,,,,,,,,
494,1212229874575931,"(212) 305-7382",,1194049297811679,,,,,,,,
495,1218728178643114,"(212) 260-6200",1211523035276152,"1197386597844620,1283877760992968",1298442639123920,,,,,,,
496,1236355961989830,"(212) 273-5304",1102077225658071,1290801142635486,999420709614592,,,,,,,
497,1234327436511098,"(888) 614-5400",,997384431827648,,,,,,,,
498,1179699628550260,"(212) 799-7205",,684649127511411,,,,,,,,
499,1179023264803097,"(212) 947-3211",,1218662248579999,,,,,,,,
500,1194647666288235,"(800) 675-0391",1242042751047449,1275378296799320,"1311274178917071,1293251363005201",,,,,,,
501,1203101293367892,"(914) 962-0997",,1063182605278845,,,,,,,,
502,1230743641325544,"(212) 252-2015",,909892769629730,,,,,,,,
503,1230870544718391,"(212) 696-1030",,1189124293941749,,,,,,,,
504,1238917470213019,"(800) 677-1116",,1255781308313872,,,,,,,,
505,1242364634099244,"(212) 423-9665",1304705637644101,949896723161271,940635116893810,,,,,,,
506,1188667239903746,"(631) 721-3604",,,,,,,,,,
507,1192953329195488,"(914) 787-7400",,888464653240277,,,,,,,,
508,1196111546467169,"(917) 492-1019",,1304456190659449,,,,,,,,
509,1209027815338439,"(917) 997-3977",1197800617706787,649311344195271,,,,,,,,
510,1215653065279338,"(718) 638-6910",,1206865188941552,,,,,,,,
511,1221250537563568,"(914) 668-4350",,1168651622416736,,,,,,,,
512,1224954904365931,"(203) 343-1932",,1164516472526850,,,,,,,,
513,1232693793553802,"(866) 665-1713",,1183723038408337,,,,,,,,
514,1235024221443523,"(800) 813‑4673",,954772931172809,,,,,,,,
515,1239814947010570,"(212) 787-7710",1187778800902833,1336043764520811,1273153354756247,,,,,,,
516,1248698563233972,"(973) 252-9800",,1241384952119080,,,,,,,,
517,1248884348759020,,,,,,,,,,,
518,1257757845975565,"(212) 288-1831",,782938477439239,,,,,,,,
519,1203085986302192,"(718) 752-9833",697325863842099,1335605835095590,,,,,,,,
520,1210336578480685,"(212) 787-7120",1182178575582068,807781285922296,,,506,,,,,
521,1222744716525272,"(212) 305-6100",,584037093110292,,,,,,,,
522,1226588119065450,"(646) 370-5978",,1232906762960956,,,,,,,,
523,1232479289309431,"(718) 224-7888",786555442968834,938961765281346,685028959367331,,,,,,,
524,1245944667568992,"914-761-0600, ext. 2317",,1161101279343612,,,,,,,,
525,1246135799460196,"(212) 932-4864",,1234039610795036,,,,,,,,
526,1227678808451178,"(212) 477-6444",804057057119015,781635249160488,,,,,,,,
527,1233318263292572,"1 (800) 621-HOPE ",,1254802786086522,1208219125277798,,,,,,,
528,1232685467096181,"(914) 941-9415",,807256162893695,,,,,,,,
529,1234249647149572,"(914) 984-5343",,1282944752309630,,,,,,,,
530,1242448392717275,"(718) 518-2465",,866884149771351,,,,,,,,
531,1243644132902868,"(914) 813-6442",,1263303943455451,,,,,,,,
532,1252560433654868,"(917) 305-7999",,777878575131334,,,TTY,,,,,
533,1283549482595881,"(855) 732-4500",,1287996806329445,,,,,,,,
534,1284965322356340,"(212) 233-5032",,1088474245342263,,,,,,,,
535,1221606486953953,"(888) 744-7900",923407231856048,,926566663310552,,,,,,,
536,1226053434663014,"(914) 366-3937",,1004269911149631,,,,,,,,
537,1236666454824027,"(914) 309-9441",,913190098910503,,,,,,,,
538,1253809126642434,"(914) 681-0200",,,,,,,,,,
539,1257693866320676,1-866-868-8695,,638311592110417,,,,,,,,
540,1269542982566838,"(212) 218-0506",,889290953225814,,,,,,,,
541,1270418240534661,"(212) 769-4400",1089297167490921,781635249160488,,,,,,,,
542,1274646555790731,"(212) 736-7385",,1283332656253529,,,,,,,,
543,1271659781029151,"(212) 355-5206",885139826284948,1026935441827200,,,,,,,,
544,1280829032163526,877–819–9147,,881761004286809,,,,,,,,
545,1284066901222265,"(212) 252-2350",784800444976062,969903806987451,,,,,,,,
546,1257643832006638,"(914) 813-6441",,840030666232520,,,,,,,,
547,1260469478260780,"(212) 410-0033",,884103943459443,,,,,,,,
548,1264445479148921,"(914) 703-4844",,944976351051041,,,,office,,,,
549,1277152323038921,"(914) 632-9600",,568545427254648,,,,,,,,
550,1288124841484406,"(914) 864-5645",,599698402386779,,,,,,,,
551,1289623818455761,"(212) 453-9542",1166676498043777,587434079564381,934538978948043,,,,,,,
552,1269360271212634,"(917) 532-7936",,781367055440863,,,,,,,,
553,1278373314284758,"(914) 428-4507",,,,,,,,,,
554,1278901027631528,"(212) 877-0888",,867179253373388,,,,,,,,
555,1284967067298147,"(914) 262-6555",,,,,,,,,,
556,1285440487842205,"(212) 769-6263",946288203514985,1243533464065853,,,,,,,,
557,1291266517439032,"(212) 273-5272","875912436812678,792071260366274",1181459905867825,999420709614592,,,,,,,
558,1303878558683146,"(718) 592-5757",1114814832620769,1300575732417581,854389601348497,,236,,,,,
559,1298614051577895,"(212) 744-8080",,1259922028949843,,,,,,,,
560,1309152599619615,"(212) 636-6000",,1332086045056594,,,,,,,,
561,1307508907633677,"(212) 680-9562",770656150916599,577119440814762,1320241290206172,,,,,,,
562,1308884611777017,"(212) 956-0855",784828668663007,980285269693573,1179556252611577,,,,,,,
563,1243737524074413,"(800) 222-3737",808841261990530,972931787567383,1122239228792861,,,,,,,
564,1267006672398501,"(914) 739-6700",,875403809995974,,,,,,,,
565,1269788011979782,"(800) 277-4680","1248664167371555,641535127444773","970737263301233,1061527495042237",,,,,,,,
566,1272040877370789,"(718) 888-6884",1003476291614985,939872204189528,"1311274178917071,1293251363005201",,,,,,,
567,1277494274897203,"(914) 960-5236",,637659756878948,,,,,,,,
568,1273769326487579,"(212) 732-3656",769404684056511,633842245420873,929828904477796,,,,,,,
569,1282235343373441,"(888) 500-6472",,805036440045659,,,,,,,,
570,1282117879952079,"(212) 535-7710",1211776986922808,,1275566162794288,,,,,,,
571,1284790787206670,"(203) 861-9833",,784080264183843,,,,,,,,
572,1297867897705430,"(929) 208-5937",,,,,,,,,,
573,1295207466809678,"(914) 412-4884",,1295698396831869,,,,,,,,
574,1304543105871368,"(212) 614-5536",1159983662799826,1018081544703448,979198190503025,,,,,,,
575,1265504111539942,"(212) 579-3539",911852996585160,1189113237018242,,,,,,,,
576,1275388700455417,"(718) 981-6226","822331158504021,1166381524871046","790614912591800,918399294039588",1010580337283883,,,,,,,
577,1282695348538994,"(866) 390-6491",,965316533810564,,,,,,,,
578,1277684382042532,"(914) 231-3237",,883376399970656,,,,,,,,
579,1286994761497347,"(914) 920-5081",,781635249160488,,,,,,,,
580,1296046574197823,"(212) 746-4365",,998308295059947,,,,,,,,
581,1301207595415818,"(516) 581-7258",,,,recF9UP1yPgQcn6Ws,,,,,,
582,1297635808574998,"(212) 222-0152",811911463255568,1150675709722671,,,,,,,,
583,1313483683156484,"(646) 745-4318",,638311592110417,,,,,,,,
584,1313515072072285,"(646) 794-2097",,1251567811006539,,,,,,,,
585,1319303990342231,1-800-771-7755,,993598333919805,,,,,,,,
586,1327558543154001,"(212) 687-5030",,"1210357886180971,1167152764322572",,,471,,,,,
587,1326390678901346,"(877) 577-9337",,1199367281369419,,,,,,,,
588,1334376350290842,"(914) 287-7200",,1288869394363879,,,,,,,,
589,1269690421322012,"(212) 799-2723",923381638372747,1026935441827200,,,,,,,,
590,1272580447108754,"(800) 567-3646",,,,,,,,,,
591,1293959755724313,"(212) 595-9533 x381",,805296494431920,,,,,,,,
592,1298628210772828,"(914) 345-3113",,766329040815982,,,,,,,,
593,1309002671500522,"(212) 362-3662",,625928363836513,,,,,,,,
594,1322162073767565,"(212) 595-8983",684977594666329,1193482002785457,,,,,,,,
595,1322695515358480,"(914) 925-8203",,962155089881489,,,,,,,,
596,1330875032406181,"(347) 296-8200",,,,,,,,,,
597,1330912186990853,"(212) 979-0611",1084416941008565,1129703563295415,,,,,,,,
598,1337176452841879,"(914) 864-2999",,1150860186675827,,,,,,,,
599,1336548473904706,"(914) 864-5645",,,,recLEpvZy4Mnuq4s9,,,,,,
600,1340381736836616,"(866) 267-0947",,648525876344618,,,,,,,,
601,1279540666574393,"(201) 837-9090","792178334018646,888888544923370,1296402255519103",633851278206049,,,,,,,,
602,1288076657738150,"(914) 582-0796",,958961597722765,,,,,,,,
603,1298035643432214,"(888) 245-8333",,975722961848397,,,,,,,,
604,1304100492650843,"(646) 873-0712",,906057727348234,,,,,,,,
605,1310023550797193,"(718) 410-1441",861782754706397,913396682142826,1167195867217331,,,,,,,
606,1334772655775155,"(646) 962-9222",,742345692201969,,,,,,,,
607,1339305463724338,"(212) 842-0080",859169562955552,1246286170157896,,,,,,,,
608,1347942831150250,"(914) 762-1600",,609793261225466,,,,,,,,
