ID,schedule_recordid,schedule_id,service_id,location_id,schedule_x_phones,weekday,opens_at,closes_at,holiday,start_date,end_date,original_text,Schedule_closed,flag
1,542843689156312,170,"987007032021851,570068555050262,768832404265850,1266877916484133,831554257615200",848686188808388,,,9:00AM,5:00PM,,,,,,,,2020-07-01T05:27:08.000000Z,2020-07-01T05:27:08.000000Z
2,541049857727175,391,,946396771118356,,,9:00AM,5:00PM,,,,,,,,2020-07-01T05:27:08.000000Z,2020-07-01T05:27:08.000000Z
3,556775175698025,50,1287178898963916,,,,10:30AM,3:00PM,,,,,,,,2020-07-01T05:27:08.000000Z,2020-07-01T05:27:08.000000Z
4,592146566922528,13,"853468345123345,1106083468244471,780286718217610,785698484366760,810358604812792",,,,9:00AM,5:00PM,,,,,,,,2020-07-01T05:27:08.000000Z,2020-07-01T05:27:08.000000Z
5,592106590927990,88,856023638190230,,,,12:30PM,1:30PM,,,,,,,,2020-07-01T05:27:08.000000Z,2020-07-01T05:27:08.000000Z
6,597458689446427,359,"927643315007217,902098981922569,1290043633447090,1138943294791040,1181830707554784,1153502278841700",1101386810121427,,,8:30AM,5:30PM,,,,,,,,2020-07-01T05:27:08.000000Z,2020-07-01T05:27:08.000000Z
7,600743088526043,126,"1153962275208345,807848846460860,611590713528319",,,,5:30PM,7:00PM,,,,,,,,2020-07-01T05:27:08.000000Z,2020-07-01T05:27:08.000000Z
8,601427652072887,337,"615988503257217,918238055415108,1028365853402776,1035362732313948,586062612640149,924435449967844,966657126572943,767682966554088,948956237360164",629348329513757,,,8:00AM,5:00PM,,,,,,,,2020-07-01T05:27:08.000000Z,2020-07-01T05:27:08.000000Z
9,554499668370440,203,1090898575973829,1091888223201074,"recgL2Q3NmbYCfG36,recGNdnuINxFXitLP",,9:00AM,5:00PM,,,,,,,,2020-07-01T05:27:08.000000Z,2020-07-01T05:27:08.000000Z
10,568614343543607,273,850523592271025,1146632771763115,,,8:30AM,5:00PM,,,,,,,,2020-07-01T05:27:08.000000Z,2020-07-01T05:27:08.000000Z
11,568535831537843,22,607894816484467,,,,12:30PM,2:15PM,,,,,,,,2020-07-01T05:27:08.000000Z,2020-07-01T05:27:08.000000Z
12,575613458279114,295,"1259349665237657,1189947540122655,969095511875672,1147407982912051,1208776169183354,739078424499970,580520440912412",964869638930274,,,8:00AM,6:00PM,,,,,,,,2020-07-01T05:27:08.000000Z,2020-07-01T05:27:08.000000Z
13,585933393087354,52,565809012321458,,,,10:00AM,2:00PM,,,,,,,,2020-07-01T05:27:08.000000Z,2020-07-01T05:27:08.000000Z
14,587544010010943,351,"1213230585541920,1219686317955585,1133165843084453,1052254032756894,1253744104425599,777260696695053,1300660045853572,807525744099302,874199505765345,1187200756463947,943779508068444,1296433586474206,924655410570415,794796274007587,916436632015801,602650991439185",594960886051316,,,9:45AM,6:00PM,,,,,,,,2020-07-01T05:27:08.000000Z,2020-07-01T05:27:08.000000Z
15,595037108371835,277,1267727721478414,1146632771763115,,,9:00AM,6:00PM,,,,,,,,2020-07-01T05:27:08.000000Z,2020-07-01T05:27:08.000000Z
16,598752576659212,340,637113061667348,629348329513757,,,8:00AM,5:00PM,,,,,,,,2020-07-01T05:27:08.000000Z,2020-07-01T05:27:08.000000Z
17,598863931807682,115,"1265325284377461,740916631620812,1248912869636667,961458582690801,660868979951197,1321094180433140",,,,9:00AM,5:00PM,,,,,,,,2020-07-01T05:27:08.000000Z,2020-07-01T05:27:08.000000Z
18,620495825705625,51,1287178898963916,,,,10:30AM,2:30PM,,,,,,,,2020-07-01T05:27:08.000000Z,2020-07-01T05:27:08.000000Z
19,554058492941520,179,"1273613208251491,786302163414865",928012146500435,,,10:00AM,6:00PM,,,,,,,,2020-07-01T05:27:08.000000Z,2020-07-01T05:27:08.000000Z
20,578888268971743,60,"657511678545226,688139575815288,810344496794884,821980999983631,1115196970236426,738209311024775,1100791575997951,1225863118799944",,,,9:00AM,5:00PM,,,,,,,,2020-07-01T05:27:08.000000Z,2020-07-01T05:27:08.000000Z
21,587218394770946,317,"667209917494721,1176014704120176,936510517377927,775820607481251,951768857764331","856126341619748,1123014911424110",,,8:30AM,4:30PM,,,,,,,,2020-07-01T05:27:08.000000Z,2020-07-01T05:27:08.000000Z
22,587111670709851,315,"761018228722418,679830596478752,645384002034771,1135056817241313,644648091160119,1224317983369922",1186014650404910,,,8:00AM,4:30PM,,,,,,,,2020-07-01T05:27:08.000000Z,2020-07-01T05:27:08.000000Z
23,605106466070807,161,"783798317190015,757050460311671,771378282180941,647361700663696,1336511977669058,656905764489449,1332741706053106",572381295862246,,,10:00AM,6:00PM,,,,,,,,2020-07-01T05:27:08.000000Z,2020-07-01T05:27:08.000000Z
24,615195958300567,329,617081192222015,927124137825677,recK1YsAFrJn1qq5g,,7:00PM,9:00PM,,,,,,,,2020-07-01T05:27:08.000000Z,2020-07-01T05:27:08.000000Z
25,620540776659347,184,"906107564923489,1282973947484780",1295311939008541,,,9:00AM,3:00PM,,,,,,,,2020-07-01T05:27:08.000000Z,2020-07-01T05:27:08.000000Z
26,573957674876281,240,"884244585280076,767255821745825,641610186670486,989819878149890,658231090559812,947357493854904,1173963793862866,970377297500925,1107634998787398",977589590864235,,,9:00AM,9:00PM,,,,,,,,2020-07-01T05:27:08.000000Z,2020-07-01T05:27:08.000000Z
27,584619367978739,11,"1183383601010590,1240040646031640,1139270346999526,963237379779513",,,,10:00AM,6:00PM,,,,,,,,2020-07-01T05:27:08.000000Z,2020-07-01T05:27:08.000000Z
28,601024770885061,20,"1244747959773878,1171417382872545",,,,9:00AM,4:00PM,,,,,,,,2020-07-01T05:27:08.000000Z,2020-07-01T05:27:08.000000Z
29,606181263945469,387,"1164661927797269,1106419147216738",1282660521731521,,,8:30AM,4:00PM,,,,,,,,2020-07-01T05:27:08.000000Z,2020-07-01T05:27:08.000000Z
30,623621986722153,77,"825451959778479,1282686227944763",,,,"24 hours",,,,,,,,,2020-07-01T05:27:08.000000Z,2020-07-01T05:27:08.000000Z
31,600730005000820,220,"657179015884472,1134764669826308",1179174778771993,,,10:00AM,2:00PM,,,,,,,,2020-07-01T05:27:08.000000Z,2020-07-01T05:27:08.000000Z
32,644550844370242,293,727116699390008,964869638930274,,,8:00AM,6:00PM,,,,,,,,2020-07-01T05:27:08.000000Z,2020-07-01T05:27:08.000000Z
33,620597234198028,118,775927218674309,,,,2:00PM,4:00PM,,,,,,,,2020-07-01T05:27:08.000000Z,2020-07-01T05:27:08.000000Z
34,637262321593026,262,1311595168931297,987030255962297,,,3:00PM,7:30PM,,,,,,,,2020-07-01T05:27:08.000000Z,2020-07-01T05:27:08.000000Z
35,642319256352941,163,"978182683421582,759682631849783,754621632893339,902951823980164,945841786673442,1154397851156755,886267440482873,1252264089140599,1187463498588025,908926837435227,1228495289369706",1154195373907801,,,7:30AM,10:00PM,,,,,,,,2020-07-01T05:27:08.000000Z,2020-07-01T05:27:08.000000Z
36,646160018921336,138,"1071110285565782,595461104582359,1244526695505882","610894518918920,1069725146672559","recOLjPpm55MieWAY,recH0uQMScxSsuQ5l",,9:00AM,6:00PM,,,,,,,,2020-07-01T05:27:08.000000Z,2020-07-01T05:27:08.000000Z
37,655204523101840,350,"865253695035282,1210697117152571,1194701188927394,998912206496705,775356580769657,872625169605396",1185969381076176,,,9:00AM,5:00PM,,,,,,,,2020-07-01T05:27:08.000000Z,2020-07-01T05:27:08.000000Z
38,602018276076140,323,849003153117298,952434908769061,,,10:00AM,12:00PM,,,,,,,,2020-07-01T05:27:08.000000Z,2020-07-01T05:27:08.000000Z
39,619611122248463,198,"956817646477291,822106893088278,609582364629457,1060160690284572,800106312438349,743182672086208,995363917586083",1002753920993717,,,9:00AM,6:00PM,,,,,,,,2020-07-01T05:27:08.000000Z,2020-07-01T05:27:08.000000Z
40,641591436499223,306,1107300725870426,968722175760593,,,8:30AM,5:00PM,,,,,,,,2020-07-01T05:27:08.000000Z,2020-07-01T05:27:08.000000Z
41,669960004909347,339,"1259349665237657,1189947540122655,969095511875672,1147407982912051,1208776169183354,739078424499970,580520440912412",629348329513757,,,8:00AM,6:00PM,,,,,,,,2020-07-01T05:27:08.000000Z,2020-07-01T05:27:08.000000Z
42,621588457199048,209,"699058261887909,990367220887588",741750394643085,,,9:00AM,5:00PM,,,,,,,,2020-07-01T05:27:08.000000Z,2020-07-01T05:27:08.000000Z
43,627392607680449,157,,1273044419277442,"recI2UV9EfFrQUbqD,recq5qwX4PKLWlVxi",,7:00AM,2:00PM,,,,,,,,2020-07-01T05:27:08.000000Z,2020-07-01T05:27:08.000000Z
44,640276804195373,12,"1182157958552306,670644496333952,814817282883148,813051911788426",,,,7:00AM,6:00PM,,,,,,,,2020-07-01T05:27:08.000000Z,2020-07-01T05:27:08.000000Z
45,656982606700787,44,873611419029370,,,,10:00AM,2:00PM,,,,,,,,2020-07-01T05:27:08.000000Z,2020-07-01T05:27:08.000000Z
46,677370702202489,39,862476176486863,,,,8:30AM,4:30PM,,,,,,,,2020-07-01T05:27:08.000000Z,2020-07-01T05:27:08.000000Z
47,672436089248275,23,"1145399925529779,1075486612088837",,,,9:30AM,12:00PM,,,,,,,,2020-07-01T05:27:08.000000Z,2020-07-01T05:27:08.000000Z
48,675698187786947,235,895467915545937,680609348421278,,,"24 Hours",,,,,,,,,2020-07-01T05:27:08.000000Z,2020-07-01T05:27:08.000000Z
49,674198790176107,70,1248931277100420,,,,7:00AM,4:00PM,,,,,,,,2020-07-01T05:27:08.000000Z,2020-07-01T05:27:08.000000Z
50,621996763448625,301,637113061667348,1282458965799792,,,8:00AM,5:00PM,,,,,,,,2020-07-01T05:27:08.000000Z,2020-07-01T05:27:08.000000Z
51,647305599401067,56,640103169037193,,,,9:00AM,4:00PM,,,,,,,,2020-07-01T05:27:08.000000Z,2020-07-01T05:27:08.000000Z
52,668533478103148,113,951270390830894,,,,10:00AM,2:00PM,,,,,,,,2020-07-01T05:27:08.000000Z,2020-07-01T05:27:08.000000Z
53,668143820192889,365,1164006971785156,905037841940941,,,4:00PM,6:00PM,,,,,,,,2020-07-01T05:27:08.000000Z,2020-07-01T05:27:08.000000Z
54,675697250328431,55,567631577251008,,,,10:00AM,3:00PM,,,,,,,,2020-07-01T05:27:08.000000Z,2020-07-01T05:27:08.000000Z
55,688366505677747,268,1098880366371154,1299927078956313,,,4:00PM,7:00PM,,,,,,,,2020-07-01T05:27:08.000000Z,2020-07-01T05:27:08.000000Z
56,625872062383437,135,974562561948426,,,,8:00AM,4:00PM,,,,,,,,2020-07-01T05:27:08.000000Z,2020-07-01T05:27:08.000000Z
57,645766619371641,24,"1145399925529779,1075486612088837",,,,9:30AM,12:00PM,,,,,,,,2020-07-01T05:27:08.000000Z,2020-07-01T05:27:08.000000Z
58,656180073780206,385,"573528188325499,1238532588650595,757654002604408,860779231100127,1128285304774272,1163310698125750",688457108968845,,,8:30AM,4:00PM,,,,,,,,2020-07-01T05:27:08.000000Z,2020-07-01T05:27:08.000000Z
59,665724877149799,377,850523592271025,803276717045236,,,9:00AM,6:00PM,,,,,,,,2020-07-01T05:27:08.000000Z,2020-07-01T05:27:08.000000Z
60,682372519823224,381,"1213230585541920,1219686317955585,1133165843084453,1052254032756894,1253744104425599,777260696695053,1300660045853572,807525744099302,874199505765345,1187200756463947,943779508068444,1296433586474206,924655410570415,794796274007587,916436632015801,602650991439185",999755198000719,,,9:00AM,5:00PM,,,,,,,,2020-07-01T05:27:08.000000Z,2020-07-01T05:27:08.000000Z
61,686273477676422,251,"942312969809968,921815945825806,1181081521839444,1096755308957020,1119079742925957,890398981649041,543629082697964,1241974546153013,787452341993968,1235636405349063,674557198522049,1122242214354849",1170113060894673,,,8:30AM,8:00PM,,,,,,,,2020-07-01T05:27:08.000000Z,2020-07-01T05:27:08.000000Z
62,692011508244789,211,1176014704120176,1262539583552576,,,8:30AM,5:00PM,,,,,,,,2020-07-01T05:27:08.000000Z,2020-07-01T05:27:08.000000Z
63,691575783329891,269,1098880366371154,1299927078956313,,,10:00AM,12:00PM,,,,,,,,2020-07-01T05:27:08.000000Z,2020-07-01T05:27:08.000000Z
64,717231166133554,263,"1311595168931297,950454120432775,1048291243097604,1298911741733382,824288922961198,1180623233814950,1056286703581712",987030255962297,,,9:00AM,5:30PM,,,,,,,,2020-07-01T05:27:08.000000Z,2020-07-01T05:27:08.000000Z
65,736089112142715,313,"1216690927743518,881475888864647,914537946909052",1091435530922324,"recO9VxnZXBgXg9Wn,recug9x2Nx11W96Ed",,9:00AM,5:00PM,,,,,,,,2020-07-01T05:27:08.000000Z,2020-07-01T05:27:08.000000Z
66,743786809520784,83,"830080281630476,1137250454182986,822696272964380,1111524873166786,856596013009881,1348541466880314",,,,10:00AM,6:00PM,,,,,,,,2020-07-01T05:27:08.000000Z,2020-07-01T05:27:08.000000Z
67,761526422726808,192,"956817646477291,822106893088278,609582364629457,1060160690284572,800106312438349,743182672086208,995363917586083",770635363010046,,,9:00AM,6:00PM,,,,,,,,2020-07-01T05:27:08.000000Z,2020-07-01T05:27:08.000000Z
68,773644966794633,107,1145687738484263,,,,8:00AM,12:00PM,,,,,,,,2020-07-01T05:27:08.000000Z,2020-07-01T05:27:08.000000Z
69,777400646901906,197,"956817646477291,822106893088278,609582364629457,1060160690284572,800106312438349,743182672086208,995363917586083",1002753920993717,,,9:00AM,2:00PM,,,,,,,,2020-07-01T05:27:08.000000Z,2020-07-01T05:27:08.000000Z
70,776532681871781,151,592511260613384,984058750613797,"recogl6DPWcReHQzA,recTU9pAZSp9urZg9",,7:45AM,5:45PM,,,,,,,,2020-07-01T05:27:08.000000Z,2020-07-01T05:27:08.000000Z
71,721996054721985,228,,1189388637168303,,,9:00AM,5:00PM,,,,,,,,2020-07-01T05:27:08.000000Z,2020-07-01T05:27:08.000000Z
72,762020382657935,35,958581554726772,,,,8:00AM,5:00PM,,,2019-09-11T05:30:00.000Z,,,,,2020-07-01T05:27:08.000000Z,2020-07-01T05:27:08.000000Z
73,774772066237737,204,"859897161557047,747822750998769,1121979483597520",1000709017081839,,,9:00AM,3:30PM,,,,,,,,2020-07-01T05:27:08.000000Z,2020-07-01T05:27:08.000000Z
74,773649767743777,241,"884244585280076,767255821745825,641610186670486,989819878149890,658231090559812,947357493854904,1173963793862866,970377297500925,1107634998787398",977589590864235,,,9:00AM,5:00PM,,,,,,,,2020-07-01T05:27:08.000000Z,2020-07-01T05:27:08.000000Z
75,778728885186196,17,1243674394135496,,,,9:00AM,5:00PM,,,,,,,,2020-07-01T05:27:08.000000Z,2020-07-01T05:27:08.000000Z
76,791026998160033,167,,1147455525775238,,,7:00AM,10:00PM,,,,,,,,2020-07-01T05:27:08.000000Z,2020-07-01T05:27:08.000000Z
77,731523024235409,66,1080060911179544,,,,8:30AM,7:00PM,,,,,,,,2020-07-01T05:27:08.000000Z,2020-07-01T05:27:08.000000Z
78,733422375074097,63,734280780069484,,,,9:00AM,12:00PM,,,,,,,,2020-07-01T05:27:08.000000Z,2020-07-01T05:27:08.000000Z
79,748280935504877,6,,,,,,,,,,,,,,2020-07-01T05:27:08.000000Z,2020-07-01T05:27:08.000000Z
80,757306317490407,37,585908349000516,,,,8:30AM,4:30PM,,,,,,,,2020-07-01T05:27:08.000000Z,2020-07-01T05:27:08.000000Z
81,761457899568459,308,1072375211967855,643145676043430,,,6:15PM,6:45PM,,,,,,,,2020-07-01T05:27:08.000000Z,2020-07-01T05:27:08.000000Z
82,768066879976330,68,1190183438277072,,,,6:30AM,8:00AM,,,,,,,,2020-07-01T05:27:08.000000Z,2020-07-01T05:27:08.000000Z
83,779960367654816,71,1248931277100420,,,,9:00AM,4:00PM,,,,,,,,2020-07-01T05:27:08.000000Z,2020-07-01T05:27:08.000000Z
84,777701460078348,369,596474071852609,909942619088980,,,9:00AM,8:00PM,,,,,,,,2020-07-01T05:27:08.000000Z,2020-07-01T05:27:08.000000Z
85,779790908267690,147,"1199983060673417,642012149083751",818839794992906,,,9:00AM,5:00PM,,,,,,,,2020-07-01T05:27:08.000000Z,2020-07-01T05:27:08.000000Z
86,747215045766739,18,971066029264975,,,,6:30PM,9:00PM,,,,,,,,2020-07-01T05:27:08.000000Z,2020-07-01T05:27:08.000000Z
87,747443860105703,302,637113061667348,1282458965799792,,,9:00AM,1:00PM,,,,,,,,2020-07-01T05:27:08.000000Z,2020-07-01T05:27:08.000000Z
88,755877120889008,230,"775111969675006,836738857450646,937486843530248,911181735974447",994012462825446,,,10:00AM,4:00PM,,,,,,,,2020-07-01T05:27:08.000000Z,2020-07-01T05:27:08.000000Z
89,781968150048609,142,,789258912445477,,,9:00AM,5:00PM,,,,,,,,2020-07-01T05:27:08.000000Z,2020-07-01T05:27:08.000000Z
90,784780548511844,354,1298968199365502,1291451614834077,,,10:00AM,12:00PM,,,,,,,,2020-07-01T05:27:08.000000Z,2020-07-01T05:27:08.000000Z
91,790762956605328,244,"970377297500925,1127640457224641,762171918332918,899139018547334,678882337307747,785647685413221,833788770520302",1104646684650585,,,9:00AM,5:00PM,,,,,,,,2020-07-01T05:27:08.000000Z,2020-07-01T05:27:08.000000Z
92,799792178245127,288,"632654541686281,923438177610839,881381167741606",947434898715713,,,8:00AM,4:00PM,,,,,,,,2020-07-01T05:27:08.000000Z,2020-07-01T05:27:08.000000Z
93,800336135953730,81,963890389048330,,,,3:00PM,6:00PM,,,,,,,,2020-07-01T05:27:08.000000Z,2020-07-01T05:27:08.000000Z
94,806655987955880,245,"869725690004657,748177592722248",946508354826345,,,9:00AM,5:00PM,,,,,,,,2020-07-01T05:27:08.000000Z,2020-07-01T05:27:08.000000Z
95,745214673411437,136,"671724061345975,933469008966389,596938254485583,580209857140665,1148617267210635,1088727091600389",,reccDyfL91OOqHgQ2,,"24 Hours",,,,,,,,,2020-07-01T05:27:08.000000Z,2020-07-01T05:27:08.000000Z
96,774143429809246,117,1107889620148311,,,,,,,,,,,,,2020-07-01T05:27:08.000000Z,2020-07-01T05:27:08.000000Z
97,789043683491652,123,"1013626780767014,830099986846686,1191542329896840,942712017441428,910741093310618,1225791609508431,579430499829276,623630268141505,873979070344056,1332764177181120,1272292641029297,672539129008408,1080520592440176,827029786281023",,,,10:00AM,6:00PM,,,,,,,,2020-07-01T05:27:08.000000Z,2020-07-01T05:27:08.000000Z
98,802405581688320,333,"1125350403679270,576262745925884,1150307807148693,1208786629108154,825628435745785,1211369825885952",1098817401970888,,,9:00AM,5:00PM,,,,,,,,2020-07-01T05:27:08.000000Z,2020-07-01T05:27:08.000000Z
99,819527791411716,332,"634028809032783,1024397676156151,1279217562065520",920572231138004,,,9:00AM,5:00PM,,,,,,,,2020-07-01T05:27:08.000000Z,2020-07-01T05:27:08.000000Z
100,823443167132501,141,,835677959674778,,,9:00AM,5:00PM,,,,,,,,2020-07-01T05:27:08.000000Z,2020-07-01T05:27:08.000000Z
101,777551828972187,74,"847425752356331,800290835408679",,,,2:30PM,5:45PM,,,,,,,,2020-07-01T05:27:08.000000Z,2020-07-01T05:27:08.000000Z
102,799390782148011,242,"970377297500925,1127640457224641,762171918332918,899139018547334,678882337307747,785647685413221,833788770520302",1104646684650585,,,9:00AM,8:00PM,,,,,,,,2020-07-01T05:27:08.000000Z,2020-07-01T05:27:08.000000Z
103,803785847917866,214,"978590256683513,647772152541651,647183151936796,1305546200651894,838774263465115,1298309949522497,1128282500996664,883344454564664,948283799474714,875517215179569",931886810745529,,,8:30AM,11:30AM,,,,,,,,2020-07-01T05:27:08.000000Z,2020-07-01T05:27:08.000000Z
104,813982796684360,146,615519347288251,876397346396032,,,9:00AM,5:00PM,,,,,,,,2020-07-01T05:27:08.000000Z,2020-07-01T05:27:08.000000Z
105,828558772845010,47,"1090262984895790,977586749835410",,,,8:30AM,5:00PM,,,,,,,,2020-07-01T05:27:08.000000Z,2020-07-01T05:27:08.000000Z
106,776932249812148,195,"956817646477291,822106893088278,609582364629457,1060160690284572,800106312438349,743182672086208,995363917586083",770635363010046,,,9:30AM,7:00PM,,,,,,,,2020-07-01T05:27:08.000000Z,2020-07-01T05:27:08.000000Z
107,795731873911297,218,"980808579975931,797815960840049",931886810745529,,,1:00PM,3:00PM,,,,,,,,2020-07-01T05:27:08.000000Z,2020-07-01T05:27:08.000000Z
108,809498043335821,8,,,recFFaPKhVwzJCGBw,,10:00AM,4:00PM,,,,,,,,2020-07-01T05:27:08.000000Z,2020-07-01T05:27:08.000000Z
109,821589713313328,169,1098880366371154,1019389671178070,,,3:00PM,7:00PM,,,,,,,,2020-07-01T05:27:08.000000Z,2020-07-01T05:27:08.000000Z
110,838436995923944,392,1090898575973829,1318390042587758,recSLN6d0JJgz31rm,,9:00AM,5:00PM,,,,,,,,2020-07-01T05:27:08.000000Z,2020-07-01T05:27:08.000000Z
111,782763514132873,267,1098880366371154,1299927078956313,,,9:00AM,12:00PM,,,,,,,,2020-07-01T05:27:08.000000Z,2020-07-01T05:27:08.000000Z
112,793579841100199,164,,916631371752727,,,9:00AM,5:00PM,,,,,,,,2020-07-01T05:27:08.000000Z,2020-07-01T05:27:08.000000Z
113,798704743007649,42,768961725734908,,,,8:30AM,5:00PM,,,,,,,,2020-07-01T05:27:08.000000Z,2020-07-01T05:27:08.000000Z
114,808587444827952,247,,585101162574385,,,10:00AM,5:00PM,,,,,,,,2020-07-01T05:27:08.000000Z,2020-07-01T05:27:08.000000Z
115,827996522503929,294,"615988503257217,1280256361717353,918238055415108,1028365853402776,1035362732313948,586062612640149,924435449967844,966657126572943,767682966554088,948956237360164",964869638930274,,,8:00AM,6:00PM,,,,,,,,2020-07-01T05:27:08.000000Z,2020-07-01T05:27:08.000000Z
116,826011901306447,357,"1273613208251491,786302163414865",1246140596600748,,,10:00AM,6:00PM,,,,,,,,2020-07-01T05:27:08.000000Z,2020-07-01T05:27:08.000000Z
117,835936447569443,131,830080281630476,,,,1:00PM,4:00PM,,,,,,,,2020-07-01T05:27:08.000000Z,2020-07-01T05:27:08.000000Z
118,849922591487683,205,"859897161557047,747822750998769,1121979483597520",1000709017081839,,,8:30AM,8:00PM,,,,,,,,2020-07-01T05:27:08.000000Z,2020-07-01T05:27:08.000000Z
119,851787190372436,376,850523592271025,803276717045236,,,9:00AM,7:00PM,,,,,,,,2020-07-01T05:27:08.000000Z,2020-07-01T05:27:08.000000Z
120,864730590452624,221,1098880366371154,902044061825216,,,4:00PM,7:00PM,,,,,,,,2020-07-01T05:27:08.000000Z,2020-07-01T05:27:08.000000Z
121,801629935030181,297,,1282458965799792,,,8:30AM,5:00PM,,,,,,,,2020-07-01T05:27:08.000000Z,2020-07-01T05:27:08.000000Z
122,808903707383571,383,928788698938707,897673459565497,,,7:00AM,11:00AM,,,,,,,,2020-07-01T05:27:08.000000Z,2020-07-01T05:27:08.000000Z
123,832596400468443,201,"753253159497862,597642797256208,1087270111823708,857913961326886",936934819762396,,,2:00PM,5:00PM,,,,,,,,2020-07-01T05:27:08.000000Z,2020-07-01T05:27:08.000000Z
124,833118659201120,271,1098880366371154,1299927078956313,,,9:00AM,12:00PM,,,,,,,,2020-07-01T05:27:08.000000Z,2020-07-01T05:27:08.000000Z
125,846602095558224,367,,979563581148756,"recYizQP4MCksQdBh,rec0mYKpC10YtUvlE,recsHKoAJd8bqUCnc",,6:00AM,2:00PM,,,,,,,,2020-07-01T05:27:08.000000Z,2020-07-01T05:27:08.000000Z
126,855840227548974,322,596474071852609,873273529728080,,,9:00AM,9:00PM,,,,,,,,2020-07-01T05:27:08.000000Z,2020-07-01T05:27:08.000000Z
127,856292695140924,176,"850523592271025,1255893170172420,1022185739742814",1090162375763715,,,8:30AM,8:00PM,,,,,,,,2020-07-01T05:27:08.000000Z,2020-07-01T05:27:08.000000Z
128,865906886892733,348,946406110593174,806538913069520,,,6:00PM,9:00PM,,,,,,,,2020-07-01T05:27:08.000000Z,2020-07-01T05:27:08.000000Z
129,859999387383412,144,"713046095331473,1082503758750664,1220807689850937,855252238426842",763729877559385,"rechHfWcwDaZThwmN,recuf1oMZfZ90Of2x",,9:00AM,5:00PM,,,,,,,,2020-07-01T05:27:08.000000Z,2020-07-01T05:27:08.000000Z
130,871634714393410,355,1090898575973829,1283411988337750,"rechuJDcbECndIkgO,recLPZFIg4bfpzn14",,6:00AM,2:00PM,,,,,,,,2020-07-01T05:27:08.000000Z,2020-07-01T05:27:08.000000Z
131,878447457899091,345,617081192222015,"979563581148756,1240567562394258",recUeCtervItg9Gt1,,9:00AM,1:00PM,,,,,,,,2020-07-01T05:27:08.000000Z,2020-07-01T05:27:08.000000Z
132,880791717426221,30,1298968199365502,,,,4:00PM,6:00PM,,,,,,,,2020-07-01T05:27:08.000000Z,2020-07-01T05:27:08.000000Z
133,823008542949204,243,"970377297500925,1127640457224641,762171918332918,899139018547334,678882337307747,785647685413221,833788770520302",1104646684650585,,,9:00AM,7:30PM,,,,,,,,2020-07-01T05:27:08.000000Z,2020-07-01T05:27:08.000000Z
134,818646560557978,130,"916268094765428,1183218830562978,1229484402696374,1267195102722768,988930242117816,1207414557990697,1179313324156762",,,,8:30AM,5:00PM,,,,,"Closed for lunch 12-1PM daily",,,2020-07-01T05:27:08.000000Z,2020-07-01T05:27:08.000000Z
135,822138509409088,217,"980808579975931,797815960840049",931886810745529,,,1:00PM,3:00PM,,,,,,,,2020-07-01T05:27:08.000000Z,2020-07-01T05:27:08.000000Z
136,836900782822377,331,1337570408700851,644198517647426,,,9:00AM,9:00PM,,,,,,,,2020-07-01T05:27:08.000000Z,2020-07-01T05:27:08.000000Z
137,854915524932802,105,1145687738484263,,,,8:00AM,8:00PM,,,,,,,,2020-07-01T05:27:08.000000Z,2020-07-01T05:27:08.000000Z
138,872554493521158,162,"783798317190015,757050460311671,771378282180941,647361700663696,1336511977669058,656905764489449,1332741706053106",572381295862246,,,"24 Hours",,,,,,,,,2020-07-01T05:27:08.000000Z,2020-07-01T05:27:08.000000Z
139,876311376686616,125,"1153962275208345,807848846460860,611590713528319",,,,1:00PM,3:00PM,,,,,,,,2020-07-01T05:27:08.000000Z,2020-07-01T05:27:08.000000Z
140,877973171414369,303,1203671009935370,1293474810072073,,,8:30AM,6:30PM,,,,,,,,2020-07-01T05:27:08.000000Z,2020-07-01T05:27:08.000000Z
141,849762282889895,177,"850523592271025,1255893170172420,1022185739742814",1090162375763715,,,8:30AM,5:00PM,,,,,,,,2020-07-01T05:27:08.000000Z,2020-07-01T05:27:08.000000Z
142,863170635291858,393,,771897230838212,,,8:00AM,8:00PM,,,,,,,,2020-07-01T05:27:08.000000Z,2020-07-01T05:27:08.000000Z
143,864359470475118,133,"789456565791843,910059099567277,859629175967195,1178096298000358,979536491529478,813064675400914,1299121197634961,818563649469922",,,,9:00AM,5:30PM,,,,,,,,2020-07-01T05:27:08.000000Z,2020-07-01T05:27:08.000000Z
144,885227948751306,189,"956658240049666,929396265497963,803655377623585,845999906983085,944036937200998,1195448583131416,928612911758060,1292756176570822,762888373958688",1199611952924070,recuUCtSK6aRX8bOU,,9:00AM,5:00PM,,,,,,,,2020-07-01T05:27:08.000000Z,2020-07-01T05:27:08.000000Z
145,882054301651193,112,"865371846794230,873921955624383,1084298429662110,605446506944549,1087433575244513,1322260694270949,1238586489770478,1104456609971378,908536708739321,958643940332296,908986332318967,758846747979067,1119090357480675,1055696283461218",,,,9:00AM,5:00PM,,,,,,,,2020-07-01T05:27:08.000000Z,2020-07-01T05:27:08.000000Z
146,888042423183025,305,"607074649518713,1209187247938710",836904778271068,,,7:00AM,6:00PM,,,,,,,,2020-07-01T05:27:08.000000Z,2020-07-01T05:27:08.000000Z
147,897487189856933,53,1122897671715969,,,,4:30PM,6:00PM,,,,,,,,2020-07-01T05:27:08.000000Z,2020-07-01T05:27:08.000000Z
148,841350792744889,104,"1292184415850124,917742641898170",,,,9:00AM,5:45PM,,,,,,,,2020-07-01T05:27:08.000000Z,2020-07-01T05:27:08.000000Z
149,841384557417096,364,843621219939860,1182935368999640,,,9:00AM,5:00PM,,,,,,,,2020-07-01T05:27:08.000000Z,2020-07-01T05:27:08.000000Z
150,840380756273952,265,"1017815111476074,1220271139140877,1092577874332799,1135169686375345",1191890430739322,,,"By appointment",,,,,,,,,2020-07-01T05:27:08.000000Z,2020-07-01T05:27:08.000000Z
151,867742554981281,190,1270127715145648,1251056114217612,,,7:00AM,6:00PM,,,,,,,,2020-07-01T05:27:08.000000Z,2020-07-01T05:27:08.000000Z
152,871092289270509,252,"1088296624271784,871063337645437,1098665459896297,757455042685009",768639914164498,,,12:30PM,6:00PM,,,,,,,,2020-07-01T05:27:08.000000Z,2020-07-01T05:27:08.000000Z
153,889948989559604,106,1145687738484263,,,,10:00AM,2:00PM,,,,,,,,2020-07-01T05:27:08.000000Z,2020-07-01T05:27:08.000000Z
154,895016590852441,261,1311595168931297,987030255962297,,,9:00AM,12:00PM,,,,,,,,2020-07-01T05:27:08.000000Z,2020-07-01T05:27:08.000000Z
155,900620545310091,26,"1192518431630550,794527613963060",,,,11:00AM,2:00PM,,,,,,,,2020-07-01T05:27:08.000000Z,2020-07-01T05:27:08.000000Z
156,884338031728165,49,647808349539409,,,,10:00AM,12:00PM,,,,,,,,2020-07-01T05:27:08.000000Z,2020-07-01T05:27:08.000000Z
157,900372337520002,191,"1108884623053766,1277069302008536",885824420758755,,,8:30AM,5:30PM,,,,,,,,2020-07-01T05:27:08.000000Z,2020-07-01T05:27:08.000000Z
158,901698481561498,150,653858529595915,1229901678210145,,,9:00AM,1:00PM,,,,,,,,2020-07-01T05:27:08.000000Z,2020-07-01T05:27:08.000000Z
159,918886934091220,128,1252929483881761,,,,"Following church service",,,,,,,,,2020-07-01T05:27:08.000000Z,2020-07-01T05:27:08.000000Z
160,857395816743172,100,"730763164086236,1285350837219213,561778285748604",,,,8:00AM,5:00PM,,,,,,,,2020-07-01T05:27:08.000000Z,2020-07-01T05:27:08.000000Z
161,862251806175777,31,801873048546872,,,,5:30PM,6:30PM,,,,,,,,2020-07-01T05:27:08.000000Z,2020-07-01T05:27:08.000000Z
162,863395801700959,76,1285397708822108,,,,"24 Hours",,,,,,,,,2020-07-01T05:27:08.000000Z,2020-07-01T05:27:08.000000Z
163,878694033728814,225,"657179015884472,1134764669826308",685766591979438,,,10:00AM,2:00PM,,,,,,,,2020-07-01T05:27:08.000000Z,2020-07-01T05:27:08.000000Z
164,890039510897571,160,"765387458092097,750465787434275,862423770633741,1234340144717096",1315826372203677,,,"24 hours",,,,,,,,,2020-07-01T05:27:08.000000Z,2020-07-01T05:27:08.000000Z
165,906429357237950,378,,791197553917784,,,10:30AM,6:00PM,,,,,,,,2020-07-01T05:27:08.000000Z,2020-07-01T05:27:08.000000Z
166,910273761873267,36,777481511640778,,,,8:15AM,4:45PM,,,,,,,,2020-07-01T05:27:08.000000Z,2020-07-01T05:27:08.000000Z
167,931233978224989,111,993349225663598,,,,9:00AM,5:30PM,,,,,,,,2020-07-01T05:27:08.000000Z,2020-07-01T05:27:08.000000Z
168,926816513853435,382,928788698938707,897673459565497,,,9:45AM,6:00PM,,,,,,,,2020-07-01T05:27:08.000000Z,2020-07-01T05:27:08.000000Z
169,870046452254228,390,,939050372857166,"recSsJf6FN0xZVgu3,receEn3FqNt3NRbvS",,6:00AM,2:00PM,,,,,,,,2020-07-01T05:27:08.000000Z,2020-07-01T05:27:08.000000Z
170,887181369602868,280,"770135966287034,831138417529715,1211572108731192",1116781625364190,,,9:00AM,5:00PM,,,,,,,,2020-07-01T05:27:08.000000Z,2020-07-01T05:27:08.000000Z
171,897023077002665,224,993349225663598,556992607571593,,,9:00AM,6:00PM,,,,,,,,2020-07-01T05:27:08.000000Z,2020-07-01T05:27:08.000000Z
172,897607761471269,140,,835677959674778,,,8:00AM,6:00PM,,,,,,,,2020-07-01T05:27:08.000000Z,2020-07-01T05:27:08.000000Z
173,924880377270164,80,1166512271577678,,,,8:30AM,11:00AM,,,,,,,,2020-07-01T05:27:08.000000Z,2020-07-01T05:27:08.000000Z
174,930195989079825,89,1098750358504732,,,,8:00AM,,,,,,,,,2020-07-01T05:27:08.000000Z,2020-07-01T05:27:08.000000Z
175,884617333624034,101,"730763164086236,1285350837219213,561778285748604",,,,8:00AM,2:00PM,,,,,,,,2020-07-01T05:27:08.000000Z,2020-07-01T05:27:08.000000Z
176,905292149512870,94,642284944498747,,,,12:00PM,5:00PM,,,,,,,,2020-07-01T05:27:08.000000Z,2020-07-01T05:27:08.000000Z
177,909213414445109,110,993349225663598,,,,9:00AM,6:30PM,,,,,,,,2020-07-01T05:27:08.000000Z,2020-07-01T05:27:08.000000Z
178,919516814699587,168,1098880366371154,794544831800797,,,4:00PM,7:00PM,,,,,,,,2020-07-01T05:27:08.000000Z,2020-07-01T05:27:08.000000Z
179,892012398827551,97,"936643241913847,667209917494721,936510517377927,1095230986476849,1195217931217458,775820607481251,870219187741961",,,,9:00AM,5:00PM,,,,,,,,2020-07-01T05:27:08.000000Z,2020-07-01T05:27:08.000000Z
180,892622133517119,256,"1153962275208345,807848846460860,611590713528319",906651913636867,,,11:00AM,7:00PM,,,,,,,,2020-07-01T05:27:08.000000Z,2020-07-01T05:27:08.000000Z
181,895454221155573,193,"956817646477291,822106893088278,609582364629457,1060160690284572,800106312438349,743182672086208,995363917586083",770635363010046,,,9:00AM,2:00PM,,,,,,,,2020-07-01T05:27:08.000000Z,2020-07-01T05:27:08.000000Z
182,916456272581834,321,1318218238602449,793256928193231,,,10:00AM,2:00PM,,,,,,,,2020-07-01T05:27:08.000000Z,2020-07-01T05:27:08.000000Z
183,946903396553815,309,,1220017101351760,,,6:30AM,9:45AM,,,,,,,,2020-07-01T05:27:08.000000Z,2020-07-01T05:27:08.000000Z
184,950208089897090,159,"943023691666873,822081621672598",865063089655254,,,9:00AM,5:00PM,,,,,,,,2020-07-01T05:27:08.000000Z,2020-07-01T05:27:08.000000Z
185,961771055926549,279,"859897161557047,735696343430795,747822750998769,784304581015971",1146632771763115,,,9:00AM,3:30PM,,,,,,,,2020-07-01T05:27:08.000000Z,2020-07-01T05:27:08.000000Z
186,899511741518736,166,653858529595915,880015218951352,,,9:00AM,1:00PM,,,,,,,,2020-07-01T05:27:08.000000Z,2020-07-01T05:27:08.000000Z
187,900562936646293,389,"797834103829212,854051618591377,616081055315775,1140920920771303,1195066035930824,765385785732538,577584068562238,1067731380928038,903665589155441,549681153080082",828792720206018,,,1:30PM,3:30PM,,,,,,,,2020-07-01T05:27:08.000000Z,2020-07-01T05:27:08.000000Z
188,903053826297447,368,"1162907800070547,881403344964972","1150129069386124,1286395778585315",,,9:00AM,4:30PM,,,,,,,,2020-07-01T05:27:08.000000Z,2020-07-01T05:27:08.000000Z
189,920999838182205,248,"1088833752301562,871635119190314,1158010282443707,685821962980238,1249659581366985,1234003496832541,1140318024724985,636733000958441,637918031832415",1159564548417950,,,8:00AM,7:00PM,,,,,,,,2020-07-01T05:27:08.000000Z,2020-07-01T05:27:08.000000Z
190,924548406180044,28,"1174068491618790,642601279257974",,,,9:00AM,12:00PM,,,,,,,,2020-07-01T05:27:08.000000Z,2020-07-01T05:27:08.000000Z
191,928689553150002,342,1134361757901839,856110821321208,,,9:00AM,5:00PM,,,,,,,,2020-07-01T05:27:08.000000Z,2020-07-01T05:27:08.000000Z
192,948180855277876,274,850523592271025,1146632771763115,,,8:30AM,8:00PM,,,,,,,,2020-07-01T05:27:08.000000Z,2020-07-01T05:27:08.000000Z
193,920128365723695,344,,1240567562394258,rec6aDfNPgItj8lK3,,8:30AM,4:30PM,,,,,,,,2020-07-01T05:27:08.000000Z,2020-07-01T05:27:08.000000Z
194,924051846766211,32,1175089962860672,,,,9:00AM,11:00AM,,,,,,,,2020-07-01T05:27:08.000000Z,2020-07-01T05:27:08.000000Z
195,922694115907703,207,"850523592271025,617097787641398,1121979483597520",1000709017081839,,,8:30AM,5:00PM,,,,,,,,2020-07-01T05:27:08.000000Z,2020-07-01T05:27:08.000000Z
196,940897095189363,352,"1213230585541920,1219686317955585,1133165843084453,1052254032756894,1253744104425599,777260696695053,1300660045853572,807525744099302,874199505765345,1187200756463947,943779508068444,1296433586474206,924655410570415,794796274007587,916436632015801,602650991439185",594960886051316,,,7:00AM,11:00AM,,,,,,,,2020-07-01T05:27:08.000000Z,2020-07-01T05:27:08.000000Z
197,952322142188080,212,"978590256683513,647772152541651,647183151936796,1305546200651894,838774263465115,1298309949522497,1128282500996664,883344454564664,948283799474714,875517215179569",931886810745529,,,8:30AM,11:30AM,,,,,,,,2020-07-01T05:27:08.000000Z,2020-07-01T05:27:08.000000Z
198,951328657288514,194,"956817646477291,822106893088278,609582364629457,1060160690284572,800106312438349,743182672086208,995363917586083",770635363010046,,,9:30AM,2:00PM,,,,,,,,2020-07-01T05:27:08.000000Z,2020-07-01T05:27:08.000000Z
199,930574528621838,91,"1198504077729641,796710603642968,954908524616299,1243674394135496,598601043584489,1068357766582058,1281816879491049",,,,9:00AM,5:00PM,,,,,,,,2020-07-01T05:27:08.000000Z,2020-07-01T05:27:08.000000Z
200,937440662643840,188,950151604773646,"956369396938800,956135951962872",,,8:30AM,3:30PM,,,,,,,,2020-07-01T05:27:08.000000Z,2020-07-01T05:27:08.000000Z
201,938693448950476,372,,1199654488652628,,,9:30AM,5:00PM,,,,,,,,2020-07-01T05:27:08.000000Z,2020-07-01T05:27:08.000000Z
202,959580066759367,2,,,,,10:00AM,2:30PM,,,,,,,,2020-07-01T05:27:08.000000Z,2020-07-01T05:27:08.000000Z
203,986926461476700,259,"853798812414411,1108884623053766,1277069302008536",778459456343468,,,8:30AM,5:30PM,,,,,,,,2020-07-01T05:27:08.000000Z,2020-07-01T05:27:08.000000Z
204,989925731426078,291,,964869638930274,,,8:30AM,3:30PM,,,,,,,,2020-07-01T05:27:08.000000Z,2020-07-01T05:27:08.000000Z
205,993941911612725,210,813497895890135,1162558264395905,,,9:30AM,5:00PM,,,,,,,,2020-07-01T05:27:08.000000Z,2020-07-01T05:27:08.000000Z
206,998448826610226,54,931334254553785,,,,9:00AM,12:00PM,,,,,,,,2020-07-01T05:27:08.000000Z,2020-07-01T05:27:08.000000Z
207,940374540509771,314,617081192222015,"818820237164190,1091435530922324",recUeCtervItg9Gt1,,9:00AM,11:00AM,,,,,,,,2020-07-01T05:27:08.000000Z,2020-07-01T05:27:08.000000Z
208,976209607538308,290,"920973469831730,1318218238602449,1007199538654431",1133664511724903,,,10:00AM,2:00PM,,,,,,,,2020-07-01T05:27:08.000000Z,2020-07-01T05:27:08.000000Z
209,1007276077218464,15,565227181581504,,,,4:00PM,6:00PM,,,,,,,,2020-07-01T05:27:08.000000Z,2020-07-01T05:27:08.000000Z
210,974372456525124,5,,,recJPqSnLXW08nfJL,,8:00AM,8:00PM,,,,,,,,2020-07-01T05:27:08.000000Z,2020-07-01T05:27:08.000000Z
211,973584384940208,338,"1259349665237657,1189947540122655,969095511875672,1147407982912051,1208776169183354,739078424499970,580520440912412",629348329513757,,,8:00AM,8:00PM,,,,,,,,2020-07-01T05:27:08.000000Z,2020-07-01T05:27:08.000000Z
212,1001321103570109,38,1223965805414362,,,,10:00AM,4:30PM,,,,,,,,2020-07-01T05:27:08.000000Z,2020-07-01T05:27:08.000000Z
213,1009737201726225,87,896288673327409,,,,12:00PM,,,,,,,,,2020-07-01T05:27:08.000000Z,2020-07-01T05:27:08.000000Z
214,1016645181977967,249,"1088833752301562,871635119190314,1158010282443707,685821962980238,1249659581366985,1234003496832541,1140318024724985,636733000958441,637918031832415",1159564548417950,,,8:00AM,8:00PM,,,,,,,,2020-07-01T05:27:08.000000Z,2020-07-01T05:27:08.000000Z
215,968633845824283,132,577390293811162,,,,9:30AM,5:00PM,,,,,,,,2020-07-01T05:27:08.000000Z,2020-07-01T05:27:08.000000Z
216,977558904020139,45,960051770169079,,,,10:00AM,12:00PM,,,,,,,,2020-07-01T05:27:08.000000Z,2020-07-01T05:27:08.000000Z
217,993619337592407,307,1072375211967855,812882827630009,,,5:15PM,5:45PM,,,,,,,,2020-07-01T05:27:08.000000Z,2020-07-01T05:27:08.000000Z
218,1027215361422768,129,"937906584225930,961164325265072",,,,9:00AM,11:00AM,,,,,,,,2020-07-01T05:27:08.000000Z,2020-07-01T05:27:08.000000Z
219,1035182743655741,253,"1088296624271784,871063337645437,1098665459896297,757455042685009",768639914164498,,,12:30PM,4:00PM,,,,,,,,2020-07-01T05:27:08.000000Z,2020-07-01T05:27:08.000000Z
220,1048017825983621,41,768961725734908,,,,8:30AM,7:00PM,,,,,,,,2020-07-01T05:27:08.000000Z,2020-07-01T05:27:08.000000Z
221,1047678134294030,388,"1164661927797269,1106419147216738",1282660521731521,,,8:00AM,12:00PM,,,,,,,,2020-07-01T05:27:08.000000Z,2020-07-01T05:27:08.000000Z
222,1058805278682671,19,"1244747959773878,1171417382872545",,,,9:00AM,5:00PM,,,,,,,,2020-07-01T05:27:08.000000Z,2020-07-01T05:27:08.000000Z
223,1060463085599565,103,"599402007780126,907595418658961,845758882609427,1216556310653957,1180091016211141,984528775573917,586827752329383,789715981823462,915711679952561",,,,8:00AM,5:00PM,,,,,,,,2020-07-01T05:27:08.000000Z,2020-07-01T05:27:08.000000Z
224,1063950960307708,78,612611049847328,,,,Nights,Mornings,,,,,,,,2020-07-01T05:27:08.000000Z,2020-07-01T05:27:08.000000Z
225,1070408158016466,300,"1259349665237657,1189947540122655,969095511875672,1147407982912051,1208776169183354,739078424499970,580520440912412",1282458965799792,,,8:00AM,8:00PM,,,,,,,,2020-07-01T05:27:08.000000Z,2020-07-01T05:27:08.000000Z
226,1084017663290159,318,"940202748401268,813553671875388,806428640646955,1109436994306012,718050681265809,1224083578603659,1214476217655096","647497712481280,1053529725692782,931728525653879",,,9:00AM,5:30PM,,,,,,,,2020-07-01T05:27:08.000000Z,2020-07-01T05:27:08.000000Z
227,1098963078748844,296,,1282458965799792,,,8:30AM,9:00PM,,,,,,,,2020-07-01T05:27:08.000000Z,2020-07-01T05:27:08.000000Z
228,1040004903404957,108,"838392358604924,1157781613265181",,,,"24 Hours",,,,,,,,,2020-07-01T05:27:08.000000Z,2020-07-01T05:27:08.000000Z
229,1042246873120846,215,"978590256683513,647772152541651,647183151936796,1305546200651894,838774263465115,1298309949522497,1128282500996664,883344454564664,948283799474714,875517215179569",931886810745529,,,1:00PM,4:00PM,,,,,,,,2020-07-01T05:27:08.000000Z,2020-07-01T05:27:08.000000Z
230,1054407756179482,155,,833655491101686,,,8:30AM,4:30PM,,,,,,,,2020-07-01T05:27:08.000000Z,2020-07-01T05:27:08.000000Z
231,1059813935264051,336,727116699390008,629348329513757,,,8:00AM,6:00PM,,,,,,,,2020-07-01T05:27:08.000000Z,2020-07-01T05:27:08.000000Z
232,1072738284399785,312,938870799038889,1204227139966741,recs8oHjskRZYt9op,,8:00AM,6:00PM,,,,,,,,2020-07-01T05:27:08.000000Z,2020-07-01T05:27:08.000000Z
233,1093418067022998,119,775927218674309,,,,9:00AM,11:00AM,,,,,,,,2020-07-01T05:27:08.000000Z,2020-07-01T05:27:08.000000Z
234,1099909899297811,237,1237806236278461,938406735971229,,,,,,,,,,,,2020-07-01T05:27:08.000000Z,2020-07-01T05:27:08.000000Z
235,1113885469544387,239,"884244585280076,767255821745825,989819878149890,658231090559812,947357493854904,1173963793862866,970377297500925,1107634998787398,1127640457224641,762171918332918,678882337307747,785647685413221,833788770520302",1321118518935089,,,8:00AM,2:00PM,,,,,,,,2020-07-01T05:27:08.000000Z,2020-07-01T05:27:08.000000Z
236,1058170814905410,16,"955710918748274,1289508652850921,602724412494897,1106771248483191,893746684671899",,,,10:00AM,3:00PM,,,,,,,,2020-07-01T05:27:08.000000Z,2020-07-01T05:27:08.000000Z
237,1075131025312672,216,"980808579975931,797815960840049",931886810745529,,,1:00PM,4:00PM,,,,,,,,2020-07-01T05:27:08.000000Z,2020-07-01T05:27:08.000000Z
238,1100300519244756,349,,1289140698414142,,,"24 Hours",,,,,,,,,2020-07-01T05:27:08.000000Z,2020-07-01T05:27:08.000000Z
239,1109708466726726,67,1080060911179544,,,,8:30AM,12:00PM,,,,,,,,2020-07-01T05:27:08.000000Z,2020-07-01T05:27:08.000000Z
240,1118971527369692,304,605774245554167,1161706256775181,,,9:00AM,5:00PM,,,,,,,,2020-07-01T05:27:08.000000Z,2020-07-01T05:27:08.000000Z
241,1080167812313489,85,777479494055010,,,,9:30AM,7:00PM,,,,,,,,2020-07-01T05:27:08.000000Z,2020-07-01T05:27:08.000000Z
242,1080981189328944,27,"852851666991889,680052874958118",,,,8:30AM,12:30PM,,,,,,,,2020-07-01T05:27:08.000000Z,2020-07-01T05:27:08.000000Z
243,1087732244328529,362,,1154084082448020,,,9:00AM,5:00PM,,,,,,,,2020-07-01T05:27:08.000000Z,2020-07-01T05:27:08.000000Z
244,1107831955306053,43,"1224104445658687,1249294483746869,576988108950338",,,,7:00AM,1:00PM,,,,,,,,2020-07-01T05:27:08.000000Z,2020-07-01T05:27:08.000000Z
245,1127790854320730,202,"895973468150097,1174727442443930",843095304494507,,,8:00AM,4:00PM,,,,,,,,2020-07-01T05:27:08.000000Z,2020-07-01T05:27:08.000000Z
246,1106120630749215,199,"956817646477291,822106893088278,609582364629457,1060160690284572,800106312438349,743182672086208,995363917586083",1002753920993717,,,9:00AM,8:00PM,,,,,,,,2020-07-01T05:27:08.000000Z,2020-07-01T05:27:08.000000Z
247,1115292082523782,143,"990258942674234,804988563046565,668729683192909,822297863188980,1108768153867457,784134299150571,607885233270947,1080087105483732",950009053464384,,,10:00AM,2:30PM,,,,,,,,2020-07-01T05:27:08.000000Z,2020-07-01T05:27:08.000000Z
248,1122650673825457,292,,964869638930274,,,8:30AM,5:00PM,,,,,,,,2020-07-01T05:27:08.000000Z,2020-07-01T05:27:08.000000Z
249,1126042040218943,158,834460550368169,1058560288612968,,,8:30AM,12:00PM,,,,,,,,2020-07-01T05:27:08.000000Z,2020-07-01T05:27:08.000000Z
250,1136144186376874,246,"1235636405349063,674557198522049,1122242214354849,910692115764601,774338968156105",868710877316469,,,9:00AM,5:00PM,,,,,,,,2020-07-01T05:27:08.000000Z,2020-07-01T05:27:08.000000Z
251,1132999168848737,384,1176014704120176,847752209986828,,,8:30AM,5:00PM,,,,,,,,2020-07-01T05:27:08.000000Z,2020-07-01T05:27:08.000000Z
252,1136707297418763,73,1052463055100883,,,,"24 hours",,,,,,,,,2020-07-01T05:27:08.000000Z,2020-07-01T05:27:08.000000Z
253,1140428136957660,281,,1235846186580133,,,10:00AM,4:00PM,,,,,"Shopping and donation hours",,,2020-07-01T05:27:08.000000Z,2020-07-01T05:27:08.000000Z
254,1078769706102153,96,642284944498747,,,,1:00PM,4:00PM,,,,,,,,2020-07-01T05:27:08.000000Z,2020-07-01T05:27:08.000000Z
255,1086583396819017,366,1098880366371154,636804178113511,,,10:00AM,12:00PM,,,,,,,,2020-07-01T05:27:08.000000Z,2020-07-01T05:27:08.000000Z
256,1095419747725144,324,"667209917494721,1176014704120176,936510517377927,775820607481251",979447652621070,,,8:00AM,5:00PM,,,,,,,,2020-07-01T05:27:08.000000Z,2020-07-01T05:27:08.000000Z
257,1098590993104545,185,"838994053401205,1172561205584676,648224105090520,1239721554358448,1052496292978459",1147823510376197,,,9:00AM,5:00PM,,,,,,,,2020-07-01T05:27:08.000000Z,2020-07-01T05:27:08.000000Z
258,1100182510854387,109,"635136975520891,605860875832060,1197999240060381,1163350819971430,960651180984847",,,,"24 hours",,,,,,,,,2020-07-01T05:27:08.000000Z,2020-07-01T05:27:08.000000Z
259,1101290539053259,180,,1112335428289741,,,8:15AM,3:15PM,,,,,,,,2020-07-01T05:27:08.000000Z,2020-07-01T05:27:08.000000Z
260,1134877289644712,298,"615988503257217,1280256361717353,918238055415108,1028365853402776,1035362732313948,586062612640149,924435449967844,966657126572943,767682966554088,948956237360164",1282458965799792,,,8:00AM,6:00PM,,,,,,,,2020-07-01T05:27:08.000000Z,2020-07-01T05:27:08.000000Z
261,1147502693326005,373,,602791638266539,,,8:30AM,4:00PM,,,,,,,,2020-07-01T05:27:08.000000Z,2020-07-01T05:27:08.000000Z
262,1148690830051336,29,1298050850536077,,,,10:00AM,2:00PM,,,,,,,,2020-07-01T05:27:08.000000Z,2020-07-01T05:27:08.000000Z
263,1090682465701888,371,,1199654488652628,,,9:00AM,7:00PM,,,,,,,,2020-07-01T05:27:08.000000Z,2020-07-01T05:27:08.000000Z
264,1094678156609302,238,"884244585280076,767255821745825,989819878149890,658231090559812,947357493854904,1173963793862866,970377297500925,1107634998787398,1127640457224641,762171918332918,678882337307747,785647685413221,833788770520302",1321118518935089,,,8:00AM,8:00PM,,,,,,,,2020-07-01T05:27:08.000000Z,2020-07-01T05:27:08.000000Z
265,1120182591462010,360,1098880366371154,1340365653627144,,,2:00PM,5:00PM,,,,,,,,2020-07-01T05:27:08.000000Z,2020-07-01T05:27:08.000000Z
266,1120594852165211,356,"1273613208251491,786302163414865",1246140596600748,,,10:00AM,8:00PM,,,,,,,,2020-07-01T05:27:08.000000Z,2020-07-01T05:27:08.000000Z
267,1140587781886213,311,,694216969315685,,,8:00AM,4:30PM,,,,,,,,2020-07-01T05:27:08.000000Z,2020-07-01T05:27:08.000000Z
268,1146330288608786,58,"647232963972591,1114943570667214",,,,11:00AM,1:00PM,,,,,,,,2020-07-01T05:27:08.000000Z,2020-07-01T05:27:08.000000Z
269,1155614982637715,254,"1088296624271784,871063337645437,1098665459896297,757455042685009",1052799655566995,,,10:00AM,1:30PM,,,,,,,,2020-07-01T05:27:08.000000Z,2020-07-01T05:27:08.000000Z
270,1104318529410522,4,,,recdMpjMjuZJ49mep,,6:00AM,2:00PM,,,,,,,,2020-07-01T05:27:08.000000Z,2020-07-01T05:27:08.000000Z
271,1114212408169049,165,1106825602268001,"1282604214927911,812651859569539",recm0h31LlZFUCiG3,,"24 Hours",,,,,,,,,2020-07-01T05:27:08.000000Z,2020-07-01T05:27:08.000000Z
272,1116823258971812,229,"775111969675006,836738857450646,937486843530248,911181735974447",994012462825446,,,10:30AM,4:00PM,,,,,,,,2020-07-01T05:27:08.000000Z,2020-07-01T05:27:08.000000Z
273,1128449542578572,287,"632654541686281,923438177610839,881381167741606",947434898715713,,,6:30AM,6:00PM,,,,,,,,2020-07-01T05:27:08.000000Z,2020-07-01T05:27:08.000000Z
274,1133644382136224,206,"859897161557047,747822750998769,1121979483597520",1000709017081839,,,8:30AM,5:00PM,,,,,,,,2020-07-01T05:27:08.000000Z,2020-07-01T05:27:08.000000Z
275,1152519788404891,327,,1108000021700211,,,9:00AM,1:00PM,,,,,,,,2020-07-01T05:27:08.000000Z,2020-07-01T05:27:08.000000Z
276,1166119041430511,79,1201397185768590,,,,9:00AM,12:30PM,,,,,,,,2020-07-01T05:27:08.000000Z,2020-07-01T05:27:08.000000Z
277,1170974328064768,183,"906107564923489,1282973947484780",1295311939008541,,,9:00AM,6:00PM,,,,,,,,2020-07-01T05:27:08.000000Z,2020-07-01T05:27:08.000000Z
278,1168145184682128,172,1267727721478414,1090162375763715,,,9:00AM,3:30PM,,,,,,,,2020-07-01T05:27:08.000000Z,2020-07-01T05:27:08.000000Z
279,1142549507368182,347,946406110593174,806538913069520,,,9:00AM,5:00PM,,,,,,,,2020-07-01T05:27:08.000000Z,2020-07-01T05:27:08.000000Z
280,1140008964398815,227,"858697878378487,943922015489393,787765929715080",884179044911706,,,9:00AM,5:00PM,,,,,,,,2020-07-01T05:27:08.000000Z,2020-07-01T05:27:08.000000Z
281,1142698126123180,236,"1108884623053766,1277069302008536",835499994326344,,,8:30AM,5:30PM,,,,,,,,2020-07-01T05:27:08.000000Z,2020-07-01T05:27:08.000000Z
282,1170304963711598,99,981580900656027,,,,7:00PM,7:00AM,,,,,,,,2020-07-01T05:27:08.000000Z,2020-07-01T05:27:08.000000Z
283,1177629354463342,326,"1048327823635547,895703387545823",688746232722666,,,9:30AM,5:30PM,,,,,,,,2020-07-01T05:27:08.000000Z,2020-07-01T05:27:08.000000Z
284,1172938193660785,232,"1140570813901169,627629263527494,1243832082519507,705771849785076,841132371028942,581022793280171",947853021041099,,,5:00PM,,,,,,,,,2020-07-01T05:27:08.000000Z,2020-07-01T05:27:08.000000Z
285,1183059385696004,48,651504031814159,,,,2:00PM,4:00PM,,,,,,,,2020-07-01T05:27:09.000000Z,2020-07-01T05:27:09.000000Z
286,1125054424161461,330,1337570408700851,644198517647426,,,9:00AM,5:00PM,,,,,,,,2020-07-01T05:27:09.000000Z,2020-07-01T05:27:09.000000Z
287,1139987753978502,14,964012421803449,,,,9:00AM,5:00PM,,,,,,,,2020-07-01T05:27:09.000000Z,2020-07-01T05:27:09.000000Z
288,1149548494065862,283,943841633351922,1262159504249540,,,11:00AM,3:00PM,,,,,,,,2020-07-01T05:27:09.000000Z,2020-07-01T05:27:09.000000Z
289,1150084771473447,84,777479494055010,,,,9:30AM,4:30PM,,,,,,,,2020-07-01T05:27:09.000000Z,2020-07-01T05:27:09.000000Z
290,1151611571588267,363,,992745211312122,,,8:30AM,4:30PM,,,,,,,,2020-07-01T05:27:09.000000Z,2020-07-01T05:27:09.000000Z
291,1159408019708687,320,1318218238602449,793256928193231,,,6:00PM,8:00PM,,,,,,,,2020-07-01T05:27:09.000000Z,2020-07-01T05:27:09.000000Z
292,1179201057626161,181,"1210007334289332,832898052878964,645815813705213,1178673163145313,1119572087741816,994497447759686,1070895654294162,1182990804618783,1244196225355763,590895767819582,1096928318806733,646395612481753",911858349594317,,,9:00AM,5:00PM,,,,,,,,2020-07-01T05:27:09.000000Z,2020-07-01T05:27:09.000000Z
293,1180459083504396,186,"1172793580060024,569770427910971,1229131972445514,1311031611561841,1086482131081597,688871630742360,1166105214343141","1282997809596504,608497828316445",,,9:00AM,5:00PM,,,,,,,,2020-07-01T05:27:09.000000Z,2020-07-01T05:27:09.000000Z
294,1132668267986999,1,,,,,6:00PM,8:00PM,,,,,,,,2020-07-01T05:27:09.000000Z,2020-07-01T05:27:09.000000Z
295,1186410017519358,289,"920973469831730,1318218238602449,1007199538654431",1133664511724903,,,2:00PM,7:00PM,,,,,,,,2020-07-01T05:27:09.000000Z,2020-07-01T05:27:09.000000Z
296,1199959158515631,182,724876636641588,614054990318357,,,8:30AM,4:30PM,,,,,,,,2020-07-01T05:27:09.000000Z,2020-07-01T05:27:09.000000Z
297,1143293406823524,40,1249532731729968,,,,8:00AM,6:00PM,,,,,,,,2020-07-01T05:27:09.000000Z,2020-07-01T05:27:09.000000Z
298,1165555818915699,325,"1048327823635547,895703387545823",688746232722666,,,9:30AM,8:00PM,,,,,,,,2020-07-01T05:27:09.000000Z,2020-07-01T05:27:09.000000Z
299,1165940675626241,59,834460550368169,,,,8:30AM,5:00PM,,,,,,,,2020-07-01T05:27:09.000000Z,2020-07-01T05:27:09.000000Z
300,1172146638038771,122,"895973468150097,1174727442443930",,,,8:00AM,3:00PM,,,,,,,,2020-07-01T05:27:09.000000Z,2020-07-01T05:27:09.000000Z
301,1193430541047450,379,,791197553917784,,,10:30AM,2:30PM,,,,,,,,2020-07-01T05:27:09.000000Z,2020-07-01T05:27:09.000000Z
302,1202170493625306,250,"942312969809968,921815945825806,1181081521839444,1096755308957020,1119079742925957,890398981649041,543629082697964,1241974546153013,787452341993968,1235636405349063,674557198522049,1122242214354849",1170113060894673,,,8:30AM,5:00PM,,,,,"Monday, Tuesday, Thursday, Friday",,,2020-07-01T05:27:09.000000Z,2020-07-01T05:27:09.000000Z
303,1206931858644432,7,,,,,,,,,,,,,,2020-07-01T05:27:09.000000Z,2020-07-01T05:27:09.000000Z
304,1149591818853041,272,"657179015884472,1134764669826308",805806723754090,,,10:00AM,2:00PM,,,,,,,,2020-07-01T05:27:09.000000Z,2020-07-01T05:27:09.000000Z
305,1170631815352558,145,"713046095331473,1082503758750664,1220807689850937,855252238426842",641740493818315,rec4M03pb7VR2lStT,,9:00AM,5:00PM,,,,,,,,2020-07-01T05:27:09.000000Z,2020-07-01T05:27:09.000000Z
306,1184678318205498,86,1241641820248132,,,,7:00AM,,,,,,,,,2020-07-01T05:27:09.000000Z,2020-07-01T05:27:09.000000Z
307,1201313382171851,278,"859897161557047,735696343430795,747822750998769,784304581015971",1146632771763115,,,8:30AM,5:00PM,,,,,,,,2020-07-01T05:27:09.000000Z,2020-07-01T05:27:09.000000Z
308,1197713243335218,208,"850523592271025,617097787641398,1121979483597520",1000709017081839,,,8:30AM,8:00PM,,,,,,,,2020-07-01T05:27:09.000000Z,2020-07-01T05:27:09.000000Z
309,1203598271271102,375,"733244062080278,953130575650955,814382562390416,1215438821283570,1146357672886284",803526594539754,,,"24 hours",,,,,,,,,2020-07-01T05:27:09.000000Z,2020-07-01T05:27:09.000000Z
310,1210971762312640,116,920716842267245,,,,9:00AM,5:00PM,,,,,,,,2020-07-01T05:27:09.000000Z,2020-07-01T05:27:09.000000Z
311,1176087327224268,361,"1052874613014434,566502197729713,571969699128717,855116520932040,610489256524292,782799413098806,605724148465394,1183786146199295,1290396892728753",1183011241112934,,,9:00AM,5:00PM,,,,,,,,2020-07-01T05:27:09.000000Z,2020-07-01T05:27:09.000000Z
312,1180879869816632,316,,1146981306227913,recC3bGGqzdMpt7nN,,9:00AM,3:00PM,,,,,,,,2020-07-01T05:27:09.000000Z,2020-07-01T05:27:09.000000Z
313,1180568407412895,95,642284944498747,,,,10:00AM,4:00PM,,,,,,,,2020-07-01T05:27:09.000000Z,2020-07-01T05:27:09.000000Z
314,1182760890335527,93,871817666202986,,,,8:15AM,9:45AM,,,,,,,,2020-07-01T05:27:09.000000Z,2020-07-01T05:27:09.000000Z
315,1184118914852207,21,607894816484467,,,,6:00PM,8:00PM,,,,,,,,2020-07-01T05:27:09.000000Z,2020-07-01T05:27:09.000000Z
316,1210205332989072,9,887937499803617,,,,9:30AM,5:30PM,,,,,,,,2020-07-01T05:27:09.000000Z,2020-07-01T05:27:09.000000Z
317,1218206458520016,266,1295568882348530,1348564381004436,,,8:00AM,4:00PM,,,,,,,,2020-07-01T05:27:09.000000Z,2020-07-01T05:27:09.000000Z
318,1222464336020541,275,850523592271025,1146632771763115,,,9:00AM,3:30PM,,,,,,,,2020-07-01T05:27:09.000000Z,2020-07-01T05:27:09.000000Z
319,1223815259564202,175,"859897161557047,747822750998769,784304581015971",1090162375763715,,,8:30AM,8:00PM,,,,,,,,2020-07-01T05:27:09.000000Z,2020-07-01T05:27:09.000000Z
320,1166531381919312,299,"1259349665237657,1189947540122655,969095511875672,1147407982912051,1208776169183354,739078424499970,580520440912412",1282458965799792,,,8:00AM,6:00PM,,,,,,,,2020-07-01T05:27:09.000000Z,2020-07-01T05:27:09.000000Z
321,1170433044969408,200,"753253159497862,597642797256208,1087270111823708,857913961326886",936934819762396,,,9:00AM,1:00PM,,,,,,,,2020-07-01T05:27:09.000000Z,2020-07-01T05:27:09.000000Z
322,1208529596434588,98,1125749101520857,,,,7:00PM,8:00PM,,,,,,,,2020-07-01T05:27:09.000000Z,2020-07-01T05:27:09.000000Z
323,1209165521563443,102,1077603109327544,,rec2czt7Kz2rtSWlr,,6:00AM,2:30PM,,,,,,,,2020-07-01T05:27:09.000000Z,2020-07-01T05:27:09.000000Z
324,1215238565328490,152,,817854864378068,,,9:00AM,5:00PM,,,,,,,,2020-07-01T05:27:09.000000Z,2020-07-01T05:27:09.000000Z
325,1178533554069502,114,"805800258888513,837954913596387,911320628244521,1252702593988888,942923225062781,867793861079810,860988302609734,801481287749333,931637209705712,955750891211425",,recw5cL3ykop6Y0S9,,10:00AM,3:00PM,,,,,,,,2020-07-01T05:27:09.000000Z,2020-07-01T05:27:09.000000Z
326,1229918560173750,75,"847425752356331,800290835408679",,,,6:30AM,9:45AM,,,,,,,,2020-07-01T05:27:09.000000Z,2020-07-01T05:27:09.000000Z
327,1234489072118727,222,796887413251668,556992607571593,,,8:30AM,5:00PM,,,,,,,,2020-07-01T05:27:09.000000Z,2020-07-01T05:27:09.000000Z
328,1221091850952095,72,"1258855549014937,1124787894447866",,,,9:00AM,5:00PM,,,,,,,,2020-07-01T05:27:09.000000Z,2020-07-01T05:27:09.000000Z
329,1250551652902957,328,"1162907800070547,881403344964972","1286395778585315,1150129069386124",,,9:00AM,5:00PM,,,,,,,,2020-07-01T05:27:09.000000Z,2020-07-01T05:27:09.000000Z
330,1199926477647156,319,"940202748401268,813553671875388,806428640646955,1109436994306012,718050681265809,1224083578603659,1214476217655096","931728525653879,1053529725692782,647497712481280",,,10:00AM,3:00PM,,,,,,,,2020-07-01T05:27:09.000000Z,2020-07-01T05:27:09.000000Z
331,1202819882057306,148,"1191507987013016,672042329600890,893345439899253,807542367996268,1277276480508566,1184329050770191,893656046937448,665682144219766,593910008000184","625764854102357,916613468118556,612166168856784,926855982380347,1338999388183746,545659771156125",,,"24 hours",,,,,,,,,2020-07-01T05:27:09.000000Z,2020-07-01T05:27:09.000000Z
332,1202312403680116,134,"789456565791843,910059099567277,859629175967195,1178096298000358,979536491529478,813064675400914,1299121197634961,818563649469922",,,,9:00AM,8:00PM,,,,,,,,2020-07-01T05:27:09.000000Z,2020-07-01T05:27:09.000000Z
333,1256920432035968,127,"1153962275208345,807848846460860,611590713528319",,,,9:00AM,11:00AM,,,,,,,,2020-07-01T05:27:09.000000Z,2020-07-01T05:27:09.000000Z
334,1270512922612605,171,1267727721478414,1090162375763715,,,8:30AM,5:00PM,,,,,,,,2020-07-01T05:27:09.000000Z,2020-07-01T05:27:09.000000Z
335,1206135641605542,374,"733244062080278,953130575650955,814382562390416,1215438821283570,1146357672886284",803526594539754,,,8:30AM,5:00PM,,,,,,,,2020-07-01T05:27:09.000000Z,2020-07-01T05:27:09.000000Z
336,1208613104287382,310,,1220017101351760,,,2:30PM,5:45PM,,,,,,,,2020-07-01T05:27:09.000000Z,2020-07-01T05:27:09.000000Z
337,1229690477859335,255,"1153962275208345,807848846460860,611590713528319",906651913636867,,,8:00AM,4:00PM,,,,,,,,2020-07-01T05:27:09.000000Z,2020-07-01T05:27:09.000000Z
338,1232282827720859,358,"1273613208251491,786302163414865",1246140596600748,,,10:00AM,2:00PM,,,,,,,,2020-07-01T05:27:09.000000Z,2020-07-01T05:27:09.000000Z
339,1236014074213679,223,993349225663598,556992607571593,,,9:00AM,8:00PM,,,,,,,,2020-07-01T05:27:09.000000Z,2020-07-01T05:27:09.000000Z
340,1236548249618145,139,"1071110285565782,595461104582359,1244526695505882","610894518918920,1069725146672559","recOLjPpm55MieWAY,recH0uQMScxSsuQ5l",,6:00PM,,,,,,,,,2020-07-01T05:27:09.000000Z,2020-07-01T05:27:09.000000Z
341,1239359074339438,231,"775111969675006,836738857450646,937486843530248,911181735974447",994012462825446,,,1:00PM,4:00PM,,,,,,,,2020-07-01T05:27:09.000000Z,2020-07-01T05:27:09.000000Z
342,1272942074938025,178,"953668428109766,1147909066828937,978169761735866,885835927138322,875542904723327,963779263900815,1105456695695453,1212544141593855,682308202362189",1106602330344467,,,8:00AM,6:00PM,,,,,,,,2020-07-01T05:27:09.000000Z,2020-07-01T05:27:09.000000Z
343,1281502720636268,124,"1314823770834798,881012847859169,820685180498221,772580143837637,1123886368027680",,,,8:00AM,5:00PM,,,,,,,,2020-07-01T05:27:09.000000Z,2020-07-01T05:27:09.000000Z
344,1234973155607630,90,1270590689586287,,,,"24 Hours",,,,,,,,,2020-07-01T05:27:09.000000Z,2020-07-01T05:27:09.000000Z
345,1238194930050189,233,"1140570813901169,627629263527494,1243832082519507,705771849785076,841132371028942,581022793280171",947853021041099,,,9:00AM,8:00PM,,,,,,,,2020-07-01T05:27:09.000000Z,2020-07-01T05:27:09.000000Z
346,1240071387530616,46,1300980508291929,,,,9:00AM,5:00PM,,,,,,,,2020-07-01T05:27:09.000000Z,2020-07-01T05:27:09.000000Z
347,1245900033225592,257,1287738688707705,813250237828389,,,10:00AM,5:00PM,,,,,,,,2020-07-01T05:27:09.000000Z,2020-07-01T05:27:09.000000Z
348,1272598751590026,353,"1313580838903453,920302771339848,1293112150353032,939239658768708",834887345290440,,,9:00AM,5:00PM,,,,,,,,2020-07-01T05:27:09.000000Z,2020-07-01T05:27:09.000000Z
349,1276905600276103,346,,818820237164190,"recbMFD8q0Y3UmYLy,recl7fh1GiVQwIktr",,6:00AM,2:00PM,,,,,,,,2020-07-01T05:27:09.000000Z,2020-07-01T05:27:09.000000Z
350,1290585332942139,219,1098880366371154,757770995905648,,,4:00PM,7:00PM,,,,,,,,2020-07-01T05:27:09.000000Z,2020-07-01T05:27:09.000000Z
351,1291723002835070,270,1098880366371154,1299927078956313,,,1:00PM,3:00PM,,,,,,,,2020-07-01T05:27:09.000000Z,2020-07-01T05:27:09.000000Z
352,1238589018393619,34,965489694318451,,,,1:00PM,3:00PM,,,,,,,,2020-07-01T05:27:09.000000Z,2020-07-01T05:27:09.000000Z
353,1251235179498072,64,"1305017069566679,772454821683547",,,,8:00AM,4:00PM,,,,,,,,2020-07-01T05:27:09.000000Z,2020-07-01T05:27:09.000000Z
354,1261160479251726,285,943841633351922,947434898715713,,,11:00AM,4:00PM,,,,,,,,2020-07-01T05:27:09.000000Z,2020-07-01T05:27:09.000000Z
355,1265751400070604,334,,629348329513757,,,8:30AM,6:30PM,,,,,,,,2020-07-01T05:27:09.000000Z,2020-07-01T05:27:09.000000Z
356,1281999112214963,370,596474071852609,909942619088980,,,9:00AM,4:00PM,,,,,,,,2020-07-01T05:27:09.000000Z,2020-07-01T05:27:09.000000Z
357,1280853309594026,153,,1183432963433388,,,8:30AM,4:30PM,,,,,,,,2020-07-01T05:27:09.000000Z,2020-07-01T05:27:09.000000Z
358,1283475567989779,341,637113061667348,629348329513757,,,9:00AM,1:00PM,,,,,,,,2020-07-01T05:27:09.000000Z,2020-07-01T05:27:09.000000Z
359,1297995567053982,82,888900193677833,,,,9:00AM,5:00PM,,,,,,,,2020-07-01T05:27:09.000000Z,2020-07-01T05:27:09.000000Z
360,1237143296501911,380,,1186823261288379,rec9XCr8X86WfGhWn,,9:00AM,4:00PM,,,,,,,,2020-07-01T05:27:09.000000Z,2020-07-01T05:27:09.000000Z
361,1246945203240826,25,"1166106416739636,1220865966040605",,,,10:00AM,2:00PM,,,,,,,,2020-07-01T05:27:09.000000Z,2020-07-01T05:27:09.000000Z
362,1257681816817040,57,958476585509237,,,,12:00PM,,,,,,,,,2020-07-01T05:27:09.000000Z,2020-07-01T05:27:09.000000Z
363,1259025264194553,264,"1017815111476074,1220271139140877,1092577874332799,1135169686375345",1191890430739322,,,9:30AM,4:00PM,,,,,,,,2020-07-01T05:27:09.000000Z,2020-07-01T05:27:09.000000Z
364,1303318889724324,65,1080060911179544,,,,8:30AM,5:00PM,,,,,,,,2020-07-01T05:27:09.000000Z,2020-07-01T05:27:09.000000Z
365,1305096827911095,173,"859897161557047,747822750998769,784304581015971",1090162375763715,,,9:00AM,3:30PM,,,,,,,,2020-07-01T05:27:09.000000Z,2020-07-01T05:27:09.000000Z
366,1309930863286628,10,662641889613680,,,,8:30AM,5:00PM,,,,,,,,2020-07-01T05:27:09.000000Z,2020-07-01T05:27:09.000000Z
367,1321570127371250,196,"956817646477291,822106893088278,609582364629457,1060160690284572,800106312438349,743182672086208,995363917586083",1002753920993717,,,9:15AM,2:00PM,,,,,,,,2020-07-01T05:27:09.000000Z,2020-07-01T05:27:09.000000Z
368,1257079363804425,174,"859897161557047,747822750998769,784304581015971",1090162375763715,,,8:30AM,5:00PM,,,,,,,,2020-07-01T05:27:09.000000Z,2020-07-01T05:27:09.000000Z
369,1260109472339648,33,1107243553438801,,,,9:00AM,4:30PM,,,,,,,,2020-07-01T05:27:09.000000Z,2020-07-01T05:27:09.000000Z
370,1277898146406252,213,"978590256683513,647772152541651,647183151936796,1305546200651894,838774263465115,1298309949522497,1128282500996664,883344454564664,948283799474714,875517215179569",931886810745529,,,1:00PM,3:00PM,,,,,,,,2020-07-01T05:27:09.000000Z,2020-07-01T05:27:09.000000Z
371,1279269183820818,258,1287738688707705,813250237828389,,,11:00AM,4:00PM,,,,,,,,2020-07-01T05:27:09.000000Z,2020-07-01T05:27:09.000000Z
372,1282825972480356,69,1190183438277072,,,,4:45PM,5:45PM,,,,,,,,2020-07-01T05:27:09.000000Z,2020-07-01T05:27:09.000000Z
373,1292960782415135,92,871817666202986,,,,2:30PM,4:00PM,,,,,,,,2020-07-01T05:27:09.000000Z,2020-07-01T05:27:09.000000Z
374,1293458865219367,154,,1161498401444320,,,9:00AM,5:00PM,,,,,,,,2020-07-01T05:27:09.000000Z,2020-07-01T05:27:09.000000Z
375,1300776409918544,260,1311595168931297,987030255962297,,,7:00AM,12:00PM,,,,,,,,2020-07-01T05:27:09.000000Z,2020-07-01T05:27:09.000000Z
376,1306830164729601,335,,629348329513757,,,8:30AM,4:30PM,,,,,,,,2020-07-01T05:27:09.000000Z,2020-07-01T05:27:09.000000Z
377,1316965531777415,187,887937499803617,935220481179962,,,9:30AM,9:00PM,,,,,,,,2020-07-01T05:27:09.000000Z,2020-07-01T05:27:09.000000Z
378,1322088797774961,286,943841633351922,947434898715713,,,11:00AM,6:00PM,,,,,,,,2020-07-01T05:27:09.000000Z,2020-07-01T05:27:09.000000Z
379,1325594859556595,3,,,,,12:30PM,4:20PM,,,,,,,,2020-07-01T05:27:09.000000Z,2020-07-01T05:27:09.000000Z
380,1268157148852129,386,"573528188325499,1238532588650595,757654002604408,860779231100127,1128285304774272,1163310698125750",688457108968845,,,8:30AM,12:00PM,,,,,,,,2020-07-01T05:27:09.000000Z,2020-07-01T05:27:09.000000Z
381,1271715775560973,276,1267727721478414,1146632771763115,,,9:00AM,5:00PM,,,,,,,,2020-07-01T05:27:09.000000Z,2020-07-01T05:27:09.000000Z
382,1276016050822057,121,"1282487813090005,616047069998063,993493444765030,1141624870158332,1147690047097756,1280474482709655,588693422814528,821536701651146,619922899003410,1135905810909481,563588572334023,627760898509669,834471316045858,723134469644452,789912082269332,1342596886767460",,,,9:00AM,5:00PM,,,,,,,,2020-07-01T05:27:09.000000Z,2020-07-01T05:27:09.000000Z
383,1290053544853219,343,,1240567562394258,rec6aDfNPgItj8lK3,,11:00AM,2:00PM,,,,,,,,2020-07-01T05:27:09.000000Z,2020-07-01T05:27:09.000000Z
384,1296414037325068,284,1224237784751973,947434898715713,,,6:30AM,6:00PM,,,,,,,,2020-07-01T05:27:09.000000Z,2020-07-01T05:27:09.000000Z
385,1307968476831403,137,920928473432747,790873813272838,,,8:30AM,4:00PM,,,,,,,,2020-07-01T05:27:09.000000Z,2020-07-01T05:27:09.000000Z
386,1305220417627664,282,1224237784751973,1262159504249540,,,7:00AM,6:00PM,,,,,,,,2020-07-01T05:27:09.000000Z,2020-07-01T05:27:09.000000Z
387,1278852440623209,156,,902696829688820,,,10:00AM,6:30PM,,,,,,,,2020-07-01T05:27:09.000000Z,2020-07-01T05:27:09.000000Z
388,1315075616326203,149,653858529595915,"955920420939787,948736838709158",,,9:00AM,1:00PM,,,,,,,,2020-07-01T05:27:09.000000Z,2020-07-01T05:27:09.000000Z
389,1317865313753055,120,775927218674309,,,,9:30AM,11:30AM,,,,,,,,2020-07-01T05:27:09.000000Z,2020-07-01T05:27:09.000000Z
390,1331183827495972,234,,1284966614626832,,,9:00AM,5:30PM,,,,,,,,2020-07-01T05:27:09.000000Z,2020-07-01T05:27:09.000000Z
391,1337367582999056,226,,875107767611380,,,8:30AM,5:30PM,,,,,,,,2020-07-01T05:27:09.000000Z,2020-07-01T05:27:09.000000Z
392,1349869848955998,62,1095230986476849,,,,8:30AM,4:00PM,,,,,,,,2020-07-01T05:27:09.000000Z,2020-07-01T05:27:09.000000Z
393,1353902664253088,61,"839260018674017,850061472824026,872556751746749,812376267113321,1197691835069647",,,,9:00AM,6:00PM,,,,,,,,2020-07-01T05:27:09.000000Z,2020-07-01T05:27:09.000000Z
