id,location_id,service_id,organization_id,contact_id,service_at_location_id,number,extension,type,language,description,department,Priority
542296892934993,1279229683648851,1225681361275050,1203024767725850,,,"(202) 540-9862",,voice,,"Conway Health and Resource Center - Dental",,
544641670975391,1168801998093900,,,,,"(202) 727-1488",,voice,,,,
556928447868249,1216896137119914,,651560814879498,,,"(301) 441-2368",,voice,,,,
559258828473048,943694322277545,640700715075294,818433220295218,,,"(571) 421-2211",,voice,,"Front Desk",,
570709070569781,908423552645976,"1280199390097891,1124712566709259,758678154564108,927525077065562,1154673214411715,856388971104613",785453766981777,,,"(202) 885-5600",,voice,,,,
575551018765010,669512480103420,896329421364349,1235669446637932,,,"(202) 682-6599",,voice,,,,
598405631139486,1192687808287205,,,,,"(202) 698-3377",,voice,,,,
603002809602031,538977790426516,1247609265512489,,,,"(202) 675-9375",,voice,,,,
548927498605853,,643973730285080,828308705468984,,,"(202) 434-2190",,voice,,"AARP Long-Term Care Helpline",,main
547284703219745,1117622155194782,647744623033900,,,,"(202) 727-2833",,voice,,,,
563160269315454,590104892784839,,,,,"(202) 576-8000",,voice,,,,
566592544841330,1235077423167985,,1213929827285708,,,"(202) 745-8685",,voice,,,,
586573323321695,637109273390087,"1317004978451196,1172189593592063,875783576771374",824101881058300,,,"(202) 396-2809",,voice,,,,
559390238010481,"1118601745413208,1166119497090312",1128788656579219,1084960450614161,,,"(202) 525-3042",,voice,,"Urgent wellness appointment line",,
559833184546723,"1182283909073233,587809760292730",1155437863225575,,,,"(202) 635-1041",,voice,,,,
565850138365250,1006643802398414,,818433220295218,,,"(301) 431-4177",,voice,,Employment,,
568081390715166,978435202763698,"768420867308238,1117943724533651,567586810350969,1301180940473100,762286614552841",1253396496217869,,,"(202) 562-5576",,voice,,,,
577294934954499,603618233221428,,1126607081226356,,,"(301) 881-3700",,voice,,,,
584179742880194,1207740090664609,"969104577757425,598047692449891,1231068953747206,874713157662589,977353834463418,659435743428113,565370307901606",1058892834992313,,,"(202) 889-5802",,voice,,,,
586495561196370,1193878881902253,,1280943812182660,,,"(202) 842-1731",,voice,,,,
596791445605697,902244835227859,"569326528063960,1205629989379688,863951605194335,757969294952221",862024217673800,,,"(202) 678-2341",,voice,,,,
598691018582932,1219450960862351,,619974574898067,,,"(202) 610-7147",,fax,,,,
618473990534826,1160077532191340,,,,,"(202) 398-3018",,fax,,,,
626911642105346,557042258022055,"621922475876912,610393181590401",965244460063048,,,"(866) 942-0143",,voice,,,,
572400485246118,1215072401279141,,603346266051726,,,"Phone No: (202) 797-8806 Ext: 1041",,voice,,,,
588185589794897,1252910195472458,,,,,"(202) 673-3232",,voice,,,,
622940899708096,1091301498101680,585745505232672,,,,"(301) 765-5430",,voice,,,,
620158677580757,857483351214468,,1203024767725850,,,"(202) 232-7356",,voice,,,,
633644037584273,826462308173307,,593542128006992,,,"(202) 387-2222",,voice,,,,
634316335663560,1101683690019372,1200334283969211,,,,"(202) 889-2102",,voice,,,,
632750765830372,1125282502738313,1279930862215019,,,,"(703) 271-0941",,fax,,,,
639520656814563,"918553319355477,1318371479368083","1262768275437970,826724564530855",558598955804152,,,"(301) 255-4204",,voice,,,,
578454598221286,623817892479347,1077886511267517,865637769620382,,,"(202) 723-5377",,voice,,,,
583264602471139,716573413368445,,,,,"(703) 838-8085",,voice,,,,
598028639348599,850977498591612,,,,,"(202) 645-4500",,voice,,,,
605405418135498,"897641479895673,890802848970199,836560118683353","1258369939351491,595082261115094,1246702555861620",1048888394985463,,,"(202) 462-7275",,voice,,,,
615442459696007,901594639817796,"1089414876670662,974973185011225,830345150121911,973083960423797",1108475181801971,,,"(202) 876-5690",,voice,,,,
630734728050609,1331109090254077,,1130582994663717,,,"(202) 767-0450",,voice,,,,
631265950358185,831473206652840,,863547285733670,,,"(301) 386-9400",,voice,,,,
632373547189012,1191500192034471,,,,,"(800) 787-0243",,voice,,,,
647964073550297,553317561400491,897612626354041,,,,"(202) 806-4564",,voice,,,,
649917070803582,1173183937901099,,,,,"(240) 764-7431",,fax,,,,
620846306271235,604721858303896,"744532051423737,1146482188745759,1129022337432214,1124640120854271,1125987342546107,1194872069892643,1245580607395005,912868472017219,917340488183103,989379893295634",832081175822927,,,"(202) 939-1380",,fax,,,,
627893071958181,665537720302910,936010727694695,,,,"(202) 543-5796",,voice,,,,
643337118990625,901570423713957,900282135782367,1117145062751748,,,1-877-508-6667,,voice,,,,
647471512217416,987681737906027,1089668903464175,,,,"(202) 588-0059",,fax,,,,
601992910461545,"1231381914283530,970983517110031","603580181050118,853929141214417,594569394092610,1066076138766405,1279704727295628,635411099042905,1020471555082436,1105850415319204,746078248071882,1080000450333930",1169767322641878,,,"(202) 667-7006",,voice,,,,
624586719112928,1089626392255953,783958686086923,1140779289251086,,,"(202) 635-9050",,voice,,,,
627241711055030,855789547158426,,,,,"(202) 292-4440",,voice,,,,
659031397106285,1133890153315802,772373540242764,,,,"(202) 328-9680",,voice,,,,
662418344265107,1274248047601637,,818433220295218,,,"(410) 732-7777",,voice,,Membership,,
635968293558987,854230368107837,,,,,"(202) 724-8707",,voice,,,,
636488902942562,967842377045809,"583988896816188,1132229411458875,620569007037808,872951114825988",757749510901012,,,"(202) 526-3020",,voice,,,,
639723068072357,1183173298558849,1122765390786822,,,,"(202) 434-2099",,voice,,"AARP Senior Medicare Patrol (SMP)",,
641734990450902,873890719454689,,921466109394130,,,"(202) 269-7000",,,,,,
661172727532291,"1255140834443689,898537800432105,671699874900293,945974432326654,777544006426049,1229706459709655,1159744769911269,957520333540238,780622753430249","568848745429108,637056281967653,654079377709904,798441899320042,1188051468871668,1085691019894863,868432737886085,1140724818955853",1284952943863665,,,"(202) 469-4699",,voice,,"Unity Patient Scheduling Center ",,
663123188337760,"1160077532191340,1207740090664609","969104577757425,598047692449891,1231068953747206,874713157662589,977353834463418,659435743428113,565370307901606",1058892834992313,,,"(202) 470-1534",,textphone,,,,
680363538565742,1142441892698286,1226514003731413,619974574898067,,,"(202) 291-2160",,fax,,,,
627977115724206,1091350492556485,1243657038645919,1297467042568288,,,"(202) 331-1495",,voice,,,,
636390444955781,"623911698639626,1281917418518969","1063814078946036,963084111494175",1275858156254689,,,"(202) 529-8701",,voice,,"Ward 5 location",,
644017795337557,541907027325035,1279531428850596,1189940866829310,,,"1 (800) 217-4273",,voice,,"Toll free",,
658416119153851,1171401871170354,761729408560878,1001381268835594,,,"(703) 444-7009",,voice,,"Ayuda VA office",,
672725923890616,602400615052275,,1005694830501113,,,"(202) 465-8794",,voice,,"Office line",,
691800564621591,810077928064262,,,,,"(202) 541-6226",,voice,,,,
646466081040521,1035196061179073,,,,,"(202) 727-1288",,voice,,,,
647577480608718,1274660264568428,"968170375832858,899717824024978",1160038998115387,1148149098240458,,"(202) 830-3508",,voice,,"Woodley House Main Line",,
668062653430088,1274248047601637,,818433220295218,,,"(410) 732-2694",,voice,,Employment,,
670208940343738,602400615052275,,,,,"(202) 347-0130",,fax,,,,
686876711128986,910674112866949,,,,,"(301) 530-8500",,voice,,,,
685475234090978,1129247879259176,,,,,"(202) 673-3223",,voice,,,,
691608793849697,624397784374194,"597273584134874,1194227911974076,597275938978540,801918885732334,588450653794139",635265662066015,,,"(202) 312-7140",,voice,,,,
696940363672558,1013981933889035,823996409566009,1087443224313487,,,"(202) 525-4855",,voice,,,,
705994150910452,987580985223381,,,,,"(202) 282-0021",,voice,,,,
706325857726632,1275795457873123,"1118129820102814,1214829481056623,927444702701934",1316999943437051,,,"(202) 373-0330",,voice,,"OIC/DC Training Center",,
712245272441801,557094579799532,,,,,"(202) 673-3215",,voice,,,,
714043165270002,1117622155194782,647744623033900,,,,"(202) 727-2832",,voice,,,,
736956052139959,1255666996034353,"900938870720008,645639147901738",687390186581235,,,"(202) 544-3863",,fax,,"Everyone Home DC Shirley's Place Day Center",,
738691625272988,796898419678236,"634163805498241,1191828341135162,915801395995557,843417621771816,997382439625145,827423614142820,998818821487302,617802974901710,1102573292657410,1005856083111610,1048725052232264",1077524447531259,,,"(202) 889-7900",,voice,,,,
757515780067610,1219450960862351,,619974574898067,,,"(202) 547-8450",,voice,,,,
760850258908085,879688258127018,,786496092449135,,,"(202) 547-6175",,voice,,,,
763123579248149,569762980024499,"643883051065479,1251282400091320,1300815691678453,634331653721930,739110335088609,1125189538542481,1262432728139962,859784781707721,919789306976808,1340874883349935,1117866913583560,1216919996503351,809925333569605,1281760748874328,768577653576222",1151840654132771,,,"(202) 832-4400",,voice,,,,
723916233410324,1288442867873978,"957811011700764,1274090737385222,855485572088952",1235669446637932,904672901037838,,"(202) 562-3800",,voice,,,,
718869495645604,789483190572876,,,,,"(202) 673-3220",,voice,,,,
723557262248714,855494369304069,,966440815617344,,,"(202) 562-3653",,fax,,"Paramount Baptist Church",,
737091514062920,990754403473385,,,,,"(301) 891-8000",,voice,,,,
740585592968807,815051886893035,,,,,"(301) 297-4000",,voice,,,,
751594641558024,1018253357347462,,,,,"(202) 673-3206",,voice,,,,
750363040196300,625247779378848,"647876938997632,1346017134806581,614660449605719,1275024510435821,1228983284901807",811471160167819,,,"(703) 339-5161",,voice,,,,
786636994934480,1190288283777701,,818433220295218,,,"(240) 491-5780",,voice,,Employment,,
791776604694708,624908178427639,,1091742936273498,,,"(202) 673-3320",,voice,,"FEMS main office line",,
727788318770760,950665445636496,,,,,"(202) 895-3870",,fax,,,,
739455623546590,1293267778021809,,909886281557711,,,"(202) 529-1767",,fax,,"CAFB fax",,
753931414310292,1285677988970642,,,,,"(202) 673-3209",,voice,,,,
757275073777446,1263123342132362,"1225103848906322,1260729084144993,1139491183429250,834684082852945,1261259812177504,971894815669980,795879638840285,623904786582994,1226514003731413,1243311965925842,1202321397052978,1235224978747922,937153699338620,1109535799611317,978858266637697",619974574898067,,,"(202) 388-9202",,voice,,,,
760967524914269,765146043026123,"768548905888033,788377494442735",893442799835060,,,"(202) 667-8970",,voice,,"Jubilee Jobs - NW DC Office",,
759645456897847,909420379146552,,976419995372799,,,"(202) 535-1000",,voice,,,,
770218954747061,978433964868542,1205746962140909,828308705468984,,,"(202) 434-2094",,voice,,"AARP Legal Counsel for the Elderly's Self Help Office phone line",,
785075185786370,1091354780708194,,1203024767725850,,,"(202) 373-0548",,voice,,,,
737180542817005,832529372572869,936010727694695,1315578558618439,,,"(202) 686-4850",,voice,,,,
742054620150258,1295522145612055,,1102284383103447,,,"(202) 671-4200",,voice,,"DHS Main Office Line",,
747530458759027,"1134996153077734,1293661242956981",,618748399513081,,,"(301) 608-3508",,fax,,,,
760013196228008,827068480481455,1279930862215019,,,,"(202) 889-7705",,fax,,,,
763321039369095,839573866990556,830825158082806,1206510419155059,,,"(202) 386-7016",,voice,,"Bread for the City RPP Program",,
767434507934353,1061235909513521,"953571703501099,755893450919058,1342355454259613,849877675917053,1312648219687403,926086262623139,584221387739490,1157089206097365",1078800059400169,,,"(202) 724-5626",,voice,,"Department of Aging and Community Living",,
767533541868240,647230404089036,"1332199960888369,1198304800320219,802059293903880",,,,"(301) 333-0500",,voice,,,,
777478975973746,1295303526129555,,738572047054521,,,"(202) 338-3100",,voice,,,,
795844597305597,1096322006760905,,,,,"(202) 645-0755",,voice,,,,
795986882596360,584215858451001,"869422229117923,773172814806209,586532932628487,1207720606469506,781718626017793","1235669446637932,1102961709884725",,,"(202) 399-7093",,voice,,"Shelter Hotline",,
802780426682998,1207740090664609,,1058892834992313,,,"(202) 889-1159",,fax,,,,
804131276272542,803666590300951,,1126607081226356,,,"(301) 838-4200",,voice,,,,
751061458384755,"932502301190120,869647738071923","826324408184019,743196443052437,777147158438789,1188616906512182,1235579050212858",879684021850075,,,"202 - 483 - 5800",,voice,,,,
747283188766841,769953967292170,,,,,"(301) 816-8679",,fax,,,,
766154485856891,1080745784913482,,,,,"(410) 919-1410",,voice,,,,
777650091270925,541907027325035,1279531428850596,1189940866829310,,,"(301) 864-3115",,voice,,,,
777844917986346,759833313909140,,,,,"(202) 399-1349",,fax,,,,
781930986045364,1331394191570751,958235862658517,808240584407061,1021798665730687,,"(703) 799-8830",,voice,,,,
803544912223819,818731653276709,"1173093445425515,595082261115094",1048888394985463,,,"(202) 398-7275",,voice,,,,
807471270870129,995317546520269,"1273412412302024,961847087578752",846586624529740,,,"(202) 483-7003",,voice,,,,
806994129206541,660448310809163,,,,,"(202) 678-8877",,voice,,,,
815987000661681,877840974751997,"823287765002075,1272403811888637,1115773035158894,1097124274962034,1244177955657488,824403148838289,1222343403264201,782329565925103,1280097613047736",1235669446637932,,,"(202) 238-4609",3,4,136,"Main row",,main
822834585491715,622769721428949,,,,,"(202) 673-3228",,voice,,,,
760565278757437,987681737906027,1089668903464175,,,,"(202) 588-1375",,voice,,,,
761730627522865,852062736759123,"1291646983149791,1267670024992885",1119343755243480,,,"(301) 424-1130",,voice,,,,
775266558725152,1293267778021809,"673842557296387,948867860648638",909886281557711,,,"(202) 644-9800",,voice,,"CAFB phone",,
782772375690533,"1284378916833442,816235551756131,1157647595052033,1264887939520326","617717048691003,795647463619947,973325735749516,1245717986328193,761788898992773",790090664353865,,,"(202) 727-2132",,fax,,,,
784662913629758,970983517110031,1066076138766405,1169767322641878,,,"(202) 667-7339",,voice,,"Housing counseling services hotline
Homelessness Prevention Program Number",,
793192253123968,967601719856630,,1275858156254689,,,"(301) 587-0190",,voice,,,,
794839335523778,984130963161577,"1133841580769830,651056882216531",809725005994328,,,"(202) 583-7416",,voice,,,,
794599466381754,1280629114863869,1255828431025209,768872992887477,,,"(202) 645-7111",,voice,,,,
816775581344433,613607303207687,637221801458890,1114290760690506,,,"(202) 678-4300",,voice,,,,
773551335877915,584764537637617,,,,,"(202) 645-4614",,voice,,,,
784457938638703,1261098666898898,"901644988734342,838439633965089",,,,"(202) 506-7264",,voice,,,,
790273098777706,571282409737911,,,,,"(202) 626-0710",,voice,,,,
815051675815970,"744169816237550,636167681957227,920110206749977,753670429342362,944001764606866","957679721511506,880540849737772,741133276923057,1205734509587882",,792860991202744,,"(202) 832-9400",,voice,,,,
826343149445208,1315539978603581,608162049269761,824966357062743,,,"(202) 333-7273",,voice,,HOTLINE,,
828534605497883,1078276338322764,"949725297401271,763106931954514,936906190018086,678336489867060,1102032278098336,1277554928342075,954270986825825,618510425235763",1012774856380370,,,"(202) 889-2213",,,,,,
785558330051645,1320932553563772,988610275937141,1275858156254689,,,"(202) 635-1900",,voice,,,,
798012227756605,940988880402930,"1131528502132736,998910660786600,833463361083754,1003127511248132,1074501090125867,819907567165668,594081408024759",643509042901798,,,"(202) 529-2972",,voice,,,,
801558020367834,825613990987555,"857918942159858,630264519658509,874630142674226,1108750269140523",1126515358200105,,,"(202) 328-5500",,voice,,"WLCH main line",,
804280432043299,1104999420030021,"890827452085799,842898274944169,905929309244389",1061004820715700,,,"(202) 529-3075",,voice,,,,
828720521624019,"867480542956619,1142163554566402","885911212444742,786777987046972,611731051197054,978823191463999,1167108992028451,935921848165742,1223343952721664,868294682470679,1287381779305670",918523571271755,,,"(202) 797-8806",1311,11,"136,139","This is a description.",,
841218777703776,1190992226347185,"785169150627540,1092296589947000,1176207549830608,1307844962163383,606736767772085,945829836126554,823785251815168,1099899521922388,1176655697971687,1206755076792649,1150526426164419",951819432538468,,,"(202) 546-1512",,voice,,,,
850138941420510,1148893965275945,,,,,"(202) 223-9550",,voice,,,,
850149252069185,1013220022014176,,1309623395147627,,,"(202) 727-4218",,voice,,,,
795305573959481,1154007819992809,658900524855990,,,,"(202) 574-6141",,voice,,"United Medical Center Primary Care Scheduling",,
806870939070966,1163405927375948,,680226054600238,,,"(202) 667-8831",,voice,,,,
813038992671432,1247065547409159,"1171107809657948,1293714246926509,619865391321510,1163788260715796,1182835937166583,1101657033380655",880448544501253,,,"(202) 507-4800",,voice,,,,
812603817609541,933666460806255,,1293547606068658,,,"(202) 574-6789",,voice,,"Breathe DC phone
",,
818610335474984,"803666590300951,603618233221428,1085137251641611","1158805154331276,596509168605852,1224495074701354,1247441946122537,1189862050430597,842118695599527,1206515011255222,1249421918700941,956316316250592,943690370414778,1237618325820422,1330460837989046,1176914771702299,1248465838378546,822886605211738,609280054378490",1126607081226356,,,"(301) 816-2633",,voice,,"Main line for JSSA Maryland.",,
822315774778933,680369109388099,1223973175827182,1227863720998927,,,"(703) 379-9195",,fax,,,,
824957746276601,600295822156667,,,,,"(202) 673-3201",,voice,,,,
852459537309170,673635399946198,,1347505314266969,,,"(202) 442-5988",,voice,,,,
856059026674450,644250986023852,,858928431109507,,,"(202) 723-3000",,voice,,,,
802443867007966,1125441162012486,,815771475001330,,,"(202) 772-4300",,voice,,,,
823350359966178,727772454332930,803289389092544,,,,"(800) 433-5255",,voice,,"The Arc of DC",,
825698509389836,1094057138771894,,,,,"(202) 698-1363",,voice,,,,
822453108800582,1317058386900282,,818433220295218,,,"(240) 491-5784",,voice,,Employment,,
826261229525001,940212538195830,,,,,"(301) 585-2120",,voice,,,,
830911807602267,842889096789965,,,,,"(202) 673-3229",,voice,,,,
861539973857515,766212450574576,,619974574898067,,,"(202) 581-0496",,fax,,,,
866552416277092,1270081732081180,,949759665008692,,,"(202) 610-0066",,voice,,,,
814559429952530,1135336670475675,"1239257983465773,1229847373733252",1046365080869798,,,"(202) 682-5825",,voice,,,,
815636513875681,1246425051489068,,,,,"(202) 673-3204",,voice,,,,
829471250078983,604721858303896,"744532051423737,1146482188745759,1129022337432214,1124640120854271,1125987342546107,1194872069892643,1245580607395005,912868472017219,917340488183103,989379893295634",832081175822927,,,"(202) 939-2076",,voice,,,,
829562966078392,812782874544268,,1203024767725850,,,"(202) 735-0979",,voice,,,,
832798923297357,1251263915124950,1099406667463105,,,,"(202) 675-9222",,voice,,,,
846422979621264,800069869376535,,1203024767725850,,,"(202) 844-4000",,voice,,,,
859735189492898,1293436869828060,978561179172265,,,,"(202) 207-2361",,voice,,"Youth Mental Health Services line",,
859928595598571,1114551742239605,,802638496440415,,,"(202) 803-2350",,fax,,"DC Fax",,
861143922515481,693867662447380,1252811207069395,,,,"(202) 546-4900",,voice,,,,
860482618489600,1118017178735628,,,,,"(202) 727-1787",,voice,,,,
861208313743223,635902575070564,,,,,"(202) 673-3203",,voice,,,,
862926899529934,1191500192034471,,,,,"(301) 294-0897",,fax,,,,
817448213696064,1166859805809640,"1185563905796881,1217517912625492",1277014247696961,,,"(202) 462-8686",,voice,,,,
820958216163760,777359034139686,,,,,"(202) 673-3225",,voice,,,,
839097988835862,1209862604521984,,,,,"(202) 673-3210",,voice,,,,
839546521594442,"988814873768650,636848661261240,1312052344982531,849213479290179","925876618282340,667387929525624,810458383121333,905712024453663,867810178957304,1298850689126022,756590434387042,753746449496571,1308027877412141,808149675507884,1208941632060908",876886021673283,,,"(202) 328-6608",,voice,,,,
838732841114220,1269099704638669,"1214461475383160,1215155337816976,944086458634778,1053339592565591,1134632582399004",794184973835515,,,"(202) 452-8926",,voice,,,,
846053195085750,"1094898373646373,1117640220112945","1121716306827418,911538558546594",1235614981567924,,,"(202) 882-1237",,voice,"144,145",,,
853421305644666,802167449988638,,,,,"(202) 554-2926",,voice,,,,
854170424677205,653251900948938,"826575730085111,629441538824999,625010110827987,576233469616692,1183837054694105,1309075999603061,1290826855930269,1245797842459737,1098034582826680,835196230590039,1144935558772710,766179643113383,896834539658723,1098013630156546,810657067829775,817516189087861,1277600718493078",930037496704241,,,"(202) 328-9799",,voice,,,,
869647641173429,770924552273178,992653786137258,,1129441517788145,,"(301) 365-4480",,voice,,"Meredith McConnell's extension",,
881290885953231,967598687864523,,,,,"(202) 698-6373",,voice,,,,
826913634381138,685641446710222,,,,,"(202) 576-7252",,voice,,,,
841294859040664,1250362245990206,970844412851977,834433815510350,,,"(202) 448-1450",,voice,,,,
853258537403223,1154007819992809,"650975829022117,1184398102096366,978362959076613,569658380553026,778216401015612",650527153533264,,,"(202) 574-6000",,voice,,,,
861631826209926,1217520405916264,,937801028419059,,,"(202) 289-3611",,voice,,,,
856079026891300,972271189983680,,,,,"(301) 765-5469",,voice,,,,
859866299193791,1136470398726733,1279930862215019,,,,"(202) 793-2141",,voice,,,,
858170932168553,839573866990556,"1193500689688597,598893344627449,870510285799257,619060926571379,619428544473590",1206510419155059,,,"(202) 561-8587",,voice,,"Bread for the City Southeast Center",,
867166594258636,638609559652847,"987823009683776,862520686520779,1227270113734434,1216093434926302",984055402205420,1151684503102915,,"(571) 748-2674",,voice,,,,
867060900569749,972271189983680,,,,,"(301) 765-5694",,fax,,,,
869180963768724,"1142780236844538,1315539978603581","1013383131036507,1240192310621331,884736702652661,586528011285719",824966357062743,,,"(202) 232-0789",,voice,,,,
880704676850500,1260258325512587,"1164611414305040,650989691735486,1285828968189382,1107517105201722,876445692954802",859831189737185,,,"(202) 364-1419",,voice,,,,
838179226897828,1020706673677182,"1048984129419777,778121485505827,864041028832460,1134389546347902,891245636047663,953570402846759,1049005398980524",802638496440415,,,"(301) 441-1605",,voice,,"MD Phone",,
867033115635976,1288559999306050,851500386737857,,,,"(202) 386-7616",,voice,,,,
867663934577117,623911698639626,,1275858156254689,,,"(202) 289-5693",,fax,,,,
888249723161367,1156298037800579,947021731311865,,,,"(202) 724-7000",,voice,,,,
896721483888468,1006643802398414,,818433220295218,,,"(240) 491-5753",,voice,,Employment,,
893086851634791,"1279229683648851,1068693490671334","573712074661708,915604912347301,1086669106439677,1107196998383990,930118509045826,564257031952303",1203024767725850,,,"(202) 540-9857",,voice,,"Conway Health and Resource Center - Medical",,
899543859617326,1249100999590019,"636366666716828,712328327930380",808240584407061,,,"(703) 619-2964",,voice,,,,
908210314810841,766212450574576,,619974574898067,,,"(202) 581-0490",,voice,,,,
909713164007592,1249696647199145,855469857598617,1290880981505786,,,"(202) 487-8698",,voice,,"We Are Family DC",,
853569892161372,670763981366130,"1092859529383419,853430057787908,985958129077094,834464881233325,795787284434998",698337947812895,,,"(202) 535-2600",,voice,,"DOEE Main Line
",,
851605176249615,950611509071482,,,,,"(703) 777-9622",,voice,,,,
856038833951668,574603403182846,"710118290554444,1055040381486326,622808373738547",1031170884115304,,,"(202) 506-8938",,voice,,,,
863373375723229,967601719856630,,1275858156254689,,,"(301) 588-1126",,fax,,,,
872748541280957,674838894214197,1095680012179849,859831189737185,,,"(202) 248-0496",,voice,,,,
878996924070917,661085324813258,"636366666716828,712328327930380",808240584407061,,,"(703) 347-6042",,voice,,,,
879161402200519,1117118492901641,"1060415349793008,1156215543966047,1050554025156180,929859824925404,965942393503991,645694919920041,1262506217054044,877165496793556",779339057787762,898773495903441,,"(301) 585-6556",,voice,,,,
876071398674393,1076247615804558,833282615728356,540732570709574,,,"(202) 269-6632",,fax,,"Academy of Hope - Northeast Site (Ward 5/Main site)",,
881725280593154,854967346211154,,619974574898067,,,"(202) 388-4332",,fax,,,,
887578586370932,1279229683648851,"915604912347301,1086669106439677,1107196998383990,621585086191000,564257031952303",1203024767725850,,,"(202) 407-7747",,voice,,,,
888705323197821,1269099704638669,"1214461475383160,1215155337816976,944086458634778,1053339592565591,1134632582399004",794184973835515,,,"(202) 835-8376",,fax,,,,
896988123469538,658610517897796,,,,,"(202) 673-3211",,voice,,,,
904121948816629,1300388977460036,1279930862215019,,,,"(301) 439-5944",,voice,,,,
907177707318666,1116757915659329,"1095497824033311,1099208107604478,948838805132982,1281848063989826,952194300736035,841673521697595,1095945124402776,1252999982476801,1171107809657948,770730332028956,1182835937166583,1101657033380655",880448544501253,,,"(202) 462-4788",,voice,,,,
914187484659324,1273232122875210,"665233370065008,1073041672347811",1311337308136967,,,"(202) 319-2225",,voice,,,,
913380729966530,1326321443548696,,808240584407061,,,"(703) 799-7015",,voice,,,,
913766000250514,779234665793356,,,,,"(703) 527-4966",,voice,,,,
865543406152138,748318220525650,,,,,"(202) 243-1188",,voice,,,,
882109019068289,1140130619656796,606430121530643,1315578558618439,,,"(202) 673-9319",,voice,,"Comprehensive Psychiatric Emergency Program",,
910352028410989,1092756194618999,,,,,"(301) 587-5700",,voice,,,,
911880615765765,1281896636126927,,,,,"(202) 673-3208",,voice,,,,
923761408675313,834036632030985,,,,,"(703) 522-1700",,voice,,,,
891644478369558,750119883782411,,818433220295218,,,"(301) 445-3139",,voice,,"Front Desk",,
902299258856691,1243562110622958,1257962156531903,766867144136285,,,"(202) 526-1730",,voice,,,,
920489837074401,1261462848590883,,,,,"(202) 673-3231",,voice,,,,
929204956121811,825454741717939,,1278194418924146,,,"(202) 296-5363",,voice,,,,
929172322087135,1185094328556228,,1275858156254689,,,"(202) 362-2587",,fax,,,,
897457933548600,1191044209171136,,818433220295218,,,"(301) 933-4461",,voice,,Membership,,
901274144392282,1168148392185022,,,,,"(571) 405-5700",,fax,,,,
916276527780066,"1012043594454236,1193198730195892","1152526034865988,855368086683971",638023829270297,,,"(202) 889-3660",,voice,,"Brighter Day Ministries - both locations",,
931173517724084,1183173298558849,"805290013325766,1227451026876891,1146427923405605,954742655318156,1102203467116873,982207553498582,1108394531508208,635645258311778,1160836319132411",828308705468984,,,"(202) 434-2120",,voice,,"AARP Legal Counsel for the Elderly main line",,
936234438645818,778922579379097,936010727694695,,,,"(202) 388-3001",,voice,,,,
946365616469100,977080631663121,"943521538490652,1210758210255628",1077851308935499,,,"(202) 393-3572",22,voice,,,,
912671284681139,994933787004216,,1214030857673383,,,"(202) 727-1101",,voice,,,,
920168916111664,1283768891049166,,1251281769259929,,,"(202) 265-0149",,voice,,,,
925481472586692,819741028296646,,,,,"(202) 832-1984",,fax,,,,
922970555992057,893470451792465,"1191828341135162,915801395995557,843417621771816,997382439625145,827423614142820,998818821487302,617802974901710,1102573292657410,1005856083111610,1048725052232264",,,,"(202) 889-7901",,voice,,,,
925375982749248,1092715705970916,,820630706542898,,,"(202) 895-0238",,voice,,,,
928835842320067,935244522535810,,,,,"(202) 645-4532",,voice,,,,
940298300645105,1214403176463678,667384544326235,,,,"(301) 839-1960",201,voice,,,,
949228272983280,1096962324914778,749482802649696,,,,"(202) 483-8916",,voice,,,,
949206606709939,645373982298053,,808240584407061,,,"(703) 619-2800",,voice,,,,
894795278933148,1143767333255844,,,,,"(202) 673-3213",,voice,,,,
902437860112224,851341569805212,"1272667351561003,1280595935871142,900958041480936,922272298366059",949759665008692,,,"(202) 624-0010",,voice,,,,
922760868577520,841012551878129,"1193500689688597,619060926571379",1206510419155059,,,"(202) 265-2400",,voice,,,,
926719398617836,1117622155194782,647744623033900,,,,"(202) 547-1619",,fax,,,,
937031448061601,769953967292170,,,,,"(301) 468-1740",,voice,,,,
950188346891245,602400615052275,"1176697876442539,1184935193727472",1005694830501113,,,"(202) 733-3643",,voice,,"Services line",,
956993739208745,799734694979867,,605309967915458,,,"(202) 687- 0821",,voice,,,,
931410088645967,891308792501399,1246421144702219,,,,"(202) 726-3623",,fax,,,,
936575749678024,891549215171790,786696636711619,1275681929536705,,,"(202) 289-4480",,voice,,,,
947850987908112,"608530994924722,611309881787759",592279932552007,1115449373062853,,,"(202) 332-5000",,voice,,,,
971705485646754,1156951251699636,,,,,"(202) 673-3202",,voice,,,,
977115125903347,995487732055408,,,,,"(202) 673-3218",,voice,,,,
981087315294873,1320760535782101,,,,,"(202) 636-4225",,voice,,,,
978263582028604,1276182199916444,,747066554934957,,,"(202) 667-7001",,voice,,,,
979091642460386,645897759928377,"1120925823267751,1076835020018645,1107751503709452,1228697695545072",592376182631330,,,"(703) 836-1021",,voice,,,,
980493210959521,584215858451001,"605385202624201,991462076076973,739062573866794,1003036537750667,643156433763559,1107276468708862",,,,"(202) 724-4208",,voice,,,,
919692190244593,891308792501399,1246421144702219,,,,"(202) 726-2203",,voice,,,,
937391277179144,1319844001361667,,818433220295218,,,"(571) 320-1761",,voice,,"Front Desk",,
972752308447427,908942274584388,876118989495452,,,,1-888-884-2327,,voice,,,,
975713005890497,"1202618027693441,953875575104132,1146850101014457","935391639326831,927583086660595,877408991389663,771415038083007,1330210073954058,600311424612877,993277267161005",1287549685614240,,,"(202) 483-8196",,voice,,,,
956487895866825,783704808784700,"1273614384596478,580060602461538,853599380702227,1107477274966494,1229961680483259,1166038612489262,1135119642997578",1281888937730435,,,"(202) 291-4707",,,,"Andromeda Transcultural Health",,
973953459656722,770924552273178,911214413937448,,994255643742772,,"(301) 365-4480",,voice,,"Hayward Mouton's extension",,
989493479963998,"773036230997063,771442194435641","1162124852182078,958276513381633",1277625881451110,,,"(202) 889-7296",,voice,,"Allen Chapel AME",,
945011846421955,"1274248047601637,1319844001361667,750119883782411,1317058386900282,1190288283777701,1006643802398414,1191044209171136,943694322277545","871369531788799,833348686999567,1049343334916651,960670406610559,572649600558239,646181177473340,837177248603522",818433220295218,,,"(866) 765-2272",,voice,,"All centers",,
982982482644302,1288638701381373,1279930862215019,,,,"(202) 722-2288",,fax,,,,
987188839323827,1137892633327650,,644590666868771,,,"(202) 462-4330",,voice,,,,
1002963726330180,1270081732081180,,949759665008692,,,"(202) 610-0669",,fax,,,,
1007137721349348,1120606829940602,"813818370182701,1177461710635594,1304753692724881",1142792103155243,,,"(202) 396-1200",,voice,,,,
1008518183058605,637684733149897,,1275858156254689,,,"(202) 635-9384",,voice,,,,
1005085920729956,938559947702992,"1089414876670662,974973185011225,830345150121911,973083960423797",1108475181801971,,,"(888) 327-8060",,voice,,"Toll free",,
1010841661449489,1273232122875210,"665233370065008,1073041672347811",1311337308136967,,,"(202) 462-5696",,fax,,,,
963927944202202,571421925629438,"1144419665946228,979425998294597,669665309659481,1150603832651756,855260709365984,1331055862752219",948639800544467,,,"(202) 645-3200",,voice,,,,
968314407980003,748854388242171,,900390741392973,,,"(202) 266-6328",,voice,,,,
980201774130262,843887752849047,"787172371237208,569553997851039",667513392468817,,,"(202) 296-8563",,voice,,,,
995041589685555,1266181157379469,"834804986562892,627561586053944,1297938251275210,1153101336983128",1213518469346648,,,"(202) 387-6755",,voice,,,,
1006591780834143,789780848857990,699332863961289,1296086003080295,,,"(301) 330-0222",,voice,,,,
962562063740336,1006643802398414,,818433220295218,,,"(240) 491-5754",,voice,,Membership,,
973346518083317,1140130619656796,"1255828431025209,1183803576061841,756433271745315,876179328673488,811251791719847,765148434335618",884317159187782,,,1-888-793-4357,,voice,,,,
977517741506150,1285941015621805,,,,,"(202) 727-0232",,voice,,,,
979599616798183,1156298037800579,947021731311865,,,,"(202) 673-6993",,fax,,,,
984348128312206,1221541137308778,"1106022191121920,972396791405136,619838171879237",1247526031790659,,,"(202) 783-0519",,fax,,"Asbury United Methodist Church",,
1016106509669888,626384571287639,"1228391315842600,1172610413356554,905246821897219,1166513065360124,937486809669218,886045211613436,962682510401278,1092865667584408",868277751391055,,,"(202) 355-5155",,voice,,,,
1016548724212832,1091301498101680,,,,,"(301) 765-5497",,fax,,,,
1032393853403968,1062849514501246,,803246513313364,,,"(202) 550-4547",,voice,,,,
1029280015850838,902244835227859,,862024217673800,,,"(202) 678-2879",,fax,,,,
1034077089191792,909412769598597,,,,,"(202) 715-7708",,voice,,,,
1060506027185222,1095290768316947,,,,,"(202) 399-1385",,voice,,,,
1068215014993087,969410719625582,,,,,"(202) 243-1184",,voice,,,,
1096440350605668,580105202701779,,1189929745395085,,,"(202) 726-0800",,voice,,,,
1100666782984005,1134258246707073,"846114903100076,769155518616587,815900335838427,989132061763461",921180108977126,,,"(202) 541-6200",,voice,,,,
1048242169885571,844015447975705,,960893870849573,,,"(202) 882-7345",,voice,,,,
1059660097233808,1319160943243149,,626697805700987,,,"(703) 207-9204",,fax,,,,
1060587537813356,1263123342132362,,619974574898067,,,"(202) 388-9209",,fax,,,,
1066729741752517,977080631663121,"895263756347270,702296325594248,709150850319193,831230865396411,1220731362295108",,,,"(202) 706-7150",,voice,,"Main line to Asian Pacific American Legal Resource Center",,
1073935801154814,1255666996034353,"900938870720008,645639147901738",687390186581235,,,"(202) 544-3150",,voice,,"Everyone Home DC Shirley's Place Day Center",,
1092060675701868,621313880084833,,671975015184031,,,"(202) 724-5454",,voice,,,,
1101005748395701,1118558741921381,,1126607081226356,,,"(703) 204-9100",,voice,,,,
1106241836882097,855494369304069,,966440815617344,,,"(202) 562-6339",,voice,,"Paramount Baptist Church",,
1045712042993666,1013981933889035,823996409566009,,,,"(202) 525-4864",,voice,,,,
1051806239516021,851341569805212,,949759665008692,,,"(202) 624-0062",,fax,,,,
1052461018117943,"597782883329806,1130366462113469,572575030404839,1155644945880700","757996066878670,1276572352527456","765268136875870,1180009592526991",,,"(202) 347-8870",,voice,,,,
1069909195786978,1269501575509775,,926810814518189,,,"(703) 696-3510",,voice,,,,
1072093385240767,840683017480302,"1191745074402257,635982208196027,1179791140220795,1229999806342320,1179146027456024,857757181402658,790000784900182",1193385899950220,,,"(202) 396-0534",,voice,,,,
1074430828244129,"1134996153077734,1293661242956981","677821283847495,825698319066110,858728937671038",618748399513081,,,"(301) 608-3508",,fax,,,,
1079677800252129,1098092408059985,,,,,"(202) 939-5946",,voice,,,,
1083658249155092,1116308991917029,,1209774179868983,,,"(202) 467-4949",,fax,,,,
1090861022746788,802247163324047,"1299749997616354,806763348310571",968246809109996,,,"(202) 483-7008",,voice,,,,
1088107308667966,1197859127148279,,1316999943437051,,,"(202) 373-0052",,fax,,"OIC/DC Headquarters",,
1107705262473705,1116308991917029,"892274678523551,882977120503000,956603811443415",1209774179868983,,,"(202) 467-4900",,voice,,,,
1111328264235587,1286290424953168,,885909108792595,,,"(202) 637-7000",,voice,,,,
1116098433846421,1218401963055584,"940893098849307,933051063868149,837604202154040,1203534029319840,880643153888927,1231073685933274,1246366130479163,1171496076891511",923928818796358,,,"(202) 730-1700",,voice,,"DDS Main Line",,
1060154582249250,804162820575251,,,,,"(202) 741-4100",,voice,,,,
1066187996447838,666585505385556,"725328222364770,830255620342454,674097006531397,1089573809572411,1337736663266538,689392643888484",889057390402463,,,"(202) 626-0700",,voice,,"YWCA Main Line",,
1072819491635928,1221541137308778,"1106022191121920,972396791405136,619838171879237",1247526031790659,,,"(202) 628-0009",,voice,,"Asbury United Methodist Church",,
1080998373720902,"1299568679392516,834393407905740","1019809336799909,854557082490435",992550837539148,,,"(202) 234-6855",,voice,,"Main Line",,
1109152836345796,"1202618027693441,953875575104132,1146850101014457","935391639326831,927583086660595,877408991389663,771415038083007,916595636524322,912682382040353,1222212212143407,1171041183154896,1330210073954058,1102764489219960,570279198497703,834474801815094,600311424612877,1135984147096642,615102245607234,1073305429578122,1281873572081806,819105625973846,1149133594765984",,,,"(844) 796-2797",,voice,,"Appointment Line",,
1116968298179926,572608168009697,,894973668784309,,,"(800) 833-3722",,voice,,,,
1126681676431855,"1295065323399805,1241825498211259,883870204820767","882832254990502,1198461656471923",1187309405282204,,,"(202) 462-3375",,voice,,"Mazique Parent Child Resource Center",,
1126024346389387,890225932378329,,,,,"(202) 724-4752",,voice,,,,
1072565027493258,1020706673677182,,802638496440415,,,"(301) 345-1609",,fax,,"MD Fax",,
1095754374566662,1276820526849172,,896693842803738,,,"(202) 667-9100",,voice,,,,
1095633478052311,591956672701732,"1232667842792865,1212568722090763,815127350806373,660488487868159",752311766026273,,,"(202) 638-0750",,voice,,,,
1109526456712488,980257350381118,,,,,"(202) 461-3701",,voice,,,,
1109642130925841,908942274584388,1097124274962034,,,,"(202) 476-4733",,voice,,,,
1133308717989660,853177830631548,,1203024767725850,,,"(202) 563-1060",,voice,,,,
1102679371180518,678805469856026,1195264768754640,1189940866829310,,,"(202) 635-5953",,voice,,"Anchor Counseling Services",,
1104215723708170,1300354176059967,"622678818794830,788869158854905,684120515696887,1024506699237541",1150393600767860,,,"(202) 783-7343",,voice,,,,
1108154365033397,1204439644410266,,,,,"(202) 673-3224",,voice,,,,
1134958514650887,1205691016832902,"1162872937044136,656227428086310,890897735410541,1109422900006648,1099503418949118,1011096322447568,767973914805055,605021814890791,631018985097612,951898939560579",1068988531733400,,,"(202) 610-9600",,voice,,,,
1135764345852302,861950181964621,,1058892834992313,,,"(202) 234-0792",,fax,,,,
1085461853649281,577218861870418,,,,,"(703) 742-8800",,voice,,,,
1092073669696951,616726566011959,"834804986562892,627561586053944,1297938251275210,1153101336983128",1213518469346648,,,"(202) 518-0466",,voice,,,,
1114336771577497,888565255284134,,,,,"(202) 673-3219",,voice,,,,
1109846594575137,1289696854137570,"635447872052057,608659423860858",,,,"(202) 547-7777",,voice,,"Runaway and Homeless Youth (RHY) Hotline
Safe Place Hotline",,
1115681868338239,"1139106965939659,893134611210108,1173183937901099","1135547983717044,659175264242163,1136496312754304,638870700632782,929579985962021,1156988661828912,1333335607705891,911241036881136,1317811461953516,1266964744981497,967262538035937,1172430599453041,795565312115643,1188657221119765,897674219161316,1074220347849802,1275451737359298,914571037644850",1280943812182660,,,"(202) 745-7118",,voice,,,,
1121679495003948,"827272218664674,896075604878271","850231451296174,1081615978709955,1053054069738308,983357706289803,1185047725805350",1265547770857863,,,"(202) 842-1112",,voice,,,,
1124985451723317,1272787330877007,,,,,"(202) 889-0643",,voice,,,,
1144288488748359,"1170496916271417,1216455345037992","761729408560878,1108270050321045",1001381268835594,,,"(202) 387-4848",,voice,,,,
1146495953663471,959526986815629,,,,,"(202) 727-8857",,voice,,,,
1151010168997160,1317058386900282,,818433220295218,,,"(240) 821-5816",,voice,,Membership,,
1096852564302348,"1284378916833442,816235551756131,1157647595052033,1264887939520326","617717048691003,795647463619947,973325735749516,1245717986328193,761788898992773",790090664353865,,,"(202) 628-1161",,voice,,"Legal Aid Intake Line",,
1097984872952581,1256876059595748,,,,,"(202) 541-6100",,voice,,,,
1102340656948959,1327111523498666,"690963495070781,1110339029289646",949931067639251,,,"(202) 561-5941",,voice,,"Outreach Center",,
1112567550907101,933666460806255,"848660009135175,942680278683430",1293547606068658,,,"(202) 373-5728",,fax,,"Breathe DC fax",,
1116950121770810,1268130794771257,"896329421364349,891803649812249",1315578558618439,,,"(202) 727-8473",,voice,,,,
1122235764859744,1245305987898697,"763809067838037,1214338575557271,778515041064471,804348455722045,605278265206856,862710749221593,827054024656401",808240584407061,,,"(703) 768-7106",,voice,,,,
1132088699124837,1012693305656130,1222229505999659,,,,"(202) 727-0321",,voice,,,,
1158493544476192,1168148392185022,,,,,"(571) 226-8380",,voice,,,,
1163868881985071,1191044209171136,,818433220295218,,,"(240) 491-5772",,voice,,Employment,,
1166477086569448,693037857857932,"1183846216660530,974276139813148,824258346211268",884317159187782,,,"(202) 745-0073",,voice,,,,
1110793776365198,1250565194691665,998881009851013,,651477640046471,,"(202) 885-9613",,voice,,,,
1111386297219382,1220403887966540,,,,,"(202) 281-2583",,voice,,,,
1110274733413246,1044411535350668,"643521097828873,720253176536744",1303478330484169,,,"(202) 234-0707",,voice,,,,
1112712309802840,877576876041734,,,,,"(202) 673-3212",,voice,,,,
1124039217062205,903980033462689,,,,,"(202) 673-3214",,voice,,,,
1132773036383590,"999180107217935,646112200857058",,,,,"(202) 635-5580",,voice,,,,
1135869268365723,861950181964621,,1151742654940869,,,"(202) 265-8200",,voice,,,,
1150870558073575,870176486464739,,1198399473786797,,,"(202) 797-8806 ext 1311",,voice,,,,
1157571163600573,834393407905740,"1019809336799909,854557082490435",,,,"(888) 793-4357",,voice,,"Access Line",,
1158115170488508,1132222085127471,,,,,"(202) 673-3221",,voice,,,,
1135810201984804,"1319160943243149,583377819980477",614870969341256,626697805700987,,,"(703) 207-9173",,voice,,,,
1141131007429621,1327111523498666,,949931067639251,,,"(202) 561-0336",,fax,,,,
1142308194747714,1319844001361667,640700715075294,818433220295218,,,"(571) 320-1759",,voice,,Membership,,
1139180973783304,1118558741921381,"1158805154331276,596509168605852,1247441946122537,1189862050430597,842118695599527,1206515011255222,1249421918700941,956316316250592,943690370414778,1237618325820422,1330460837989046,1176914771702299,1248465838378546,822886605211738,609280054378490",1126607081226356,,,"(703) 896-7918",,voice,,"Main line for JSSA in Virginia.",,
1147096443382603,938559947702992,"1089414876670662,974973185011225,830345150121911,973083960423797",1108475181801971,,,"(202) 678-8060",,voice,,,,
1156806596272909,1005588549680598,,1172656271433522,,,"(202) 939-2400",,voice,,"DC Spanish Catholic Center Main Line",,
1168415490122375,634604766992517,,876886021673283,,,"(202) 234-8000",,voice,,,,
1179022638898392,1327111523498666,,949931067639251,,,"(202) 561-4178",,voice,,Office,,
1177666044577543,1153279049261324,"704832527436297,800852356091403,1006868535209989,837150649376459",928333992201735,,,"(202) 248-2877",,voice,,"Intake line for Mamatoto Village",,
1129938377899457,1160077532191340,"969104577757425,598047692449891,1231068953747206,874713157662589,977353834463418,659435743428113,565370307901606",1058892834992313,,,"(202) 388-0033",,voice,,,,
1149894742840771,1133890153315802,772373540242764,,,,"(202) 299-0827",,fax,,,,
1146425277651391,815051886893035,,,,,"(301) 297-4050",,fax,,,,
1151399440563980,1115108116176359,,,,,"(202) 673-3230",,voice,,,,
1151752297667520,1288638701381373,1279930862215019,940973163563518,,,"(202) 722-2280",,voice,,,,
1160971142352136,754005286138744,852293839945847,864865232678877,,,"(202) 698-8037",,voice,,,,
1158800870011801,1142441892698286,1226514003731413,619974574898067,,,"(202) 464-9200",,voice,,,,
1167803343546664,1089626392255953,783958686086923,1140779289251086,,,"(202) 635-9053",,voice,,,,
1164110952382008,982525680938497,,1263332778268621,,,"(202) 745-8000 ext 4999",,voice,,,,
1174026290084055,1199113598082869,,808240584407061,,,"(571) 249-7069",,voice,,,,
1178661645350236,1200713312530612,,,,,"(202) 541-6255",,voice,,,,
1181986088272447,885249502385725,,876886021673283,,,"(202) 328-6609",,voice,,,,
1184578093873610,1078875042301972,,818433220295218,,,"(301) 431-4185",,voice,,Membership,,
1187982557400502,759315113269853,,1345471385548761,,,"(202) 442-7200",,voice,,"DHCD Main Office",,
1193175617045499,839573866990556,659284177800711,1206510419155059,639238471633901,,"(202) 587-0530",,voice,,"Bread for the City Women Empowered Program",,
1142710446777555,623911698639626,"938270944825871,1210054763234429",1275858156254689,,,"(202) 289-5690",,voice,,,,
1165271968937872,853629829456714,"768947684418255,1044391885826553,943628495908545,1053662246534838,972287284892047",,,,"(202) 234-9404",,voice,,,,
1178392713153997,1328529263083601,"844054055268446,1252250942824064",1151822564676160,,,"(202) 543-4200",,voice,,,,
1149001768953790,752192406551414,833282615728356,540732570709574,,,"(202) 373-0246",,voice,,"Academy of Hope - Southeast Site (Ward 8)",,
1156892343181937,813552424554778,,,,,202-467-2737,,voice,,,,
1167561956030763,841012551878129,"1038206932789964,634163805498241",,,,"(202) 386-7020",,voice,,"Bread for the City medical clinic",,
1177311797726755,1117618456680683,,,,,"(202) 673-3207",,voice,,,,
1178761443643448,1277068906014383,,968658581917911,,,"(202) 724-5622",,voice,,,,
1179556796046409,1166859805809640,"1185563905796881,1217517912625492",1277014247696961,,,"(202) 462-9280",,fax,,,,
1185225575410111,957991424832394,,,,,"(202) 939-7627",,voice,,,,
1184404603277324,1288607908643209,573712074661708,948945946067736,,,"(202) 393-1909",,voice,,,,
1196738584247168,1293267778021809,1247040460584228,,,,"(202) 644-9854",,voice,,"CAFB Urban Garden",,
1200503896234036,1185094328556228,,1275858156254689,,,"(202) 244-7400",,voice,,,,
1210580535996678,923156776542484,,,,,"(202) 673-3216",,voice,,,,
1165380776647481,867088492370349,,,,,"(202) 645-4525",,voice,,,,
1182686505051799,1021458214239224,,1115745782915962,,,"(202) 537-4000",,voice,,,,
1190783233284841,1061235909513521,"953571703501099,971959192041438",,,,"(202) 541-3950",,voice,,"Adult Protective Services 24-hour Hotline",,
1191702661711519,1102714062099449,,1158824400866164,,,"(202) 387-9000",,voice,,,,
1189488131981611,760606739511356,,,,,"(301) 434-8985",,voice,,"SCC Montgomery County Clinic Main Line",,
1206883817519147,636884985267395,,,,,"(202) 673-3222",,voice,,,,
1230985268000782,1129396857159702,,,,,"(202) 282-3139",,voice,,,,
1232556632719554,1275795457873123,"1118129820102814,1214829481056623,927444702701934",1316999943437051,,,"(202) 373-0336",,fax,,"OIC/DC Training Center",,
1172177232023251,882293888224112,,,,,"(703) 525-5420",,voice,,,,
1172138644991750,966006768634994,,,,,"(202) 562-6860",,voice,,,,
1174506743482431,680369109388099,1223973175827182,1227863720998927,,,"(703) 820-7111",,voice,,,,
1172848424638721,1205691016832902,"869422229117923,773172814806209",,,,"1 (800) 535-7252",,voice,,"DCâ€™s Emergency Shelter Hotline",,
1179945779338876,727772454332930,,1160781889033598,,,"(202) 636-2950",,voice,,,,
1184962032433288,1172909242301924,,650479626662564,,,"(202) 543-3217",,voice,,"NCCF DC HQ Main Line",,
1189639205230727,1175190163226960,,1287549685614240,,,"(202) 727-0338",,voice,,,,
1189857685741304,1153279049261324,"704832527436297,800852356091403,1006868535209989,837150649376459",928333992201735,,,"(202) 248-3434",,voice,,"Main line for Mamatoto Village",,
1209710749230135,655506922521028,,756302075618471,,,"(202) 833-7500",,voice,,,,
1218674683375495,895829905770410,,1311337308136967,,,"(202) 713-0475",,voice,,,,
1223134124049564,841663889311858,,970698645664636,,,"(202) 442-4400",,voice,,,,
1226678411668237,1199753303956769,,,,,202-708-1935,,voice,,,,
1238463739690587,1327111523498666,"690963495070781,1110339029289646",949931067639251,,,"(202) 561-4024",,fax,,"Outreach Center",,
1237143401259837,796898419678236,634163805498241,,,,"(202) 253-5712",,voice,,"Mobile Unit",,
1184501601994959,840736701093471,,796592710173553,,,"(202) 347-0511",,voice,,,,
1197141445963888,1175999961148897,1221652904126057,608190497391626,,,"(202) 829-0420",,voice,,,,
1200466336568415,1239287635408868,"768548905888033,788377494442735",893442799835060,,,"(202) 758-3710",,voice,,,,
1218448147974406,573970502850349,761729408560878,1001381268835594,,,"(240) 594-0600",,voice,,"Ayuda MD office",,
1231521383051622,"819741028296646,759833313909140,826158382123021","1084455155861412,1200983719344738,811112269491730,1114942083297484,1125858260716274,886500049202807,1236006015638372",,,,"(202) 832-6577",,voice,,,,
1236412898692410,1078276338322764,"949725297401271,763106931954514,936906190018086,678336489867060,1102032278098336,1277554928342075,954270986825825,618510425235763",1012774856380370,,,"(202) 889-1425",,,,,,main
1247682248307577,1123778264785628,,,,,"(202) 671-3122",,voice,,,,
1251476863987863,840683017480302,,,,,"(202) 396-0703",,fax,,,,
1251808425125087,1274752047885511,,,,,"(202) 727-5012",,voice,,,,
1258650829388896,1116757915659329,"1095497824033311,1099208107604478,948838805132982,1281848063989826,952194300736035,841673521697595,1095945124402776,1252999982476801,1171107809657948,770730332028956,1182835937166583,1101657033380655",880448544501253,,,"(202) 667-3706",,fax,,"Main fax number",,
1232851016707551,1076247615804558,833282615728356,540732570709574,,,"(202) 373-0246",,voice,,"Academy of Hope - Southeast Site (Ward 8)",,
1232762831983940,839539921735392,1262274366963110,,,,"(202) 524-4344",,voice,,,,
1256771226850950,970983517110031,,1169767322641878,,,"(202) 462-5305",,fax,,,,
1257181434931228,991046422392107,561831919465625,1287549685614240,,,"(844) 370-6201",,voice,,,,
1263058924924978,783199676002765,1182824915404630,884317159187782,,,"(202) 737-6191",,voice,,,,
1271584803828941,1132814241177816,576738057093594,973627436997143,,,"(202) 727-9493",,voice,,,,
1271927775319103,589160218536849,,997370365137611,,,"(202) 561-3000",,voice,,,,
1272082521328526,891549215171790,,,,,"(202) 289-4595",,fax,,,,
1206875724336268,835433332785416,828873851944462,,,,"(240) 764-8274",,voice,,,,
1216806933209657,1182708981110979,,1329764475795847,,,"(202) 442-5955",,voice,,,,
1226769545722069,827068480481455,1279930862215019,,,,"(202) 889-7702",,voice,,,,
1227269834367647,"801824083496989,752194277966513",,,,,"(202) 698-4350",,voice,,,,
1231443874540010,1085137251641611,"869411193408138,637788539576170",1126607081226356,,,"(301) 587-9666",,voice,,,,
1231763818775348,785947788193097,,,,,"(202) 673-3217",,voice,,,,
1236223012315706,767072193495401,1296135146920487,1153150741927521,,,"(202) 296-4455",,voice,,,,
1238591955779914,"910542962335929,1333682431246522","791536876977084,981268426186337,1297071446315488,919786369196164,1158436268672418",902975658133732,,,"(202) 462-7500",,voice,,,,
1244051999348200,854967346211154,1243311965925842,619974574898067,,,"(202) 388-4300",,voice,,,,
1242839866303012,909337693416412,1133566646559856,808240584407061,,,"(703) 765-0909",,voice,,,,
1240707187387947,1315539978603581,,824966357062743,,,"(202) 328-1371",,textphone,,,,
1243475313199035,1077472017140637,1079413184215525,,,,"(301) 740-2523",,voice,,"MD Spanish Catholic Center Main Line",,
1247225331194827,826158382123021,,,,,"(202) 889-3374",,fax,,,,
1253458613028760,1154007819992809,658900524855990,,,,"(202) 574-6055",,voice,,"United Medical Center PCC Office",,
1264076541077279,833804515841086,"1257701331454062,770158427613270,642098651199985",585623863455965,,,"(202) 265-1410",,voice,,,,
1287730619502180,1233404465582125,,,,,"(202) 673-7440",,voice,,,,
1290441749934994,898004780647297,"573712074661708,915604912347301,1185359834982349",1203024767725850,,,"(202) 398-5520",,voice,,,,
1229125012382256,"1103047411510967,1214902198182923","1287524810502357,1161898129373780,1012823920759090,623995531339898,1118072829940673,1118941099925179,1083170236781208,1257354181828621,914742928477842,1156322445305197,796791181677810,858888948104571,1265678209789686,594606264685919,757989986692540,1128704737609004,1272557250166706,1210250305509510,1217211341955511,1113342189645613,906124615204603,540866542533436","1315578558618439,1148831835061989",,,"(202) 232-6100",,,,,,
1231862036595702,623386708908164,,,,,"(202) 698-1175",,voice,,,,
1246516779314247,640477199284806,,,,,"(202) 292-4431",,voice,,,,
1246475069981458,950665445636496,,,,,"(202) 895-3860",,voice,,,,
1256965892026432,1146962447647430,"834804986562892,627561586053944,1297938251275210,1153101336983128",1213518469346648,,,"(202) 518-0456",,voice,,,,
1268374693593038,865540109803591,,,,,"(202) 673-3226",,voice,,,,
1280513272736158,920613426512187,,,,,"(202) 526-4233",,voice,,,,
1283716947329592,1190288283777701,,818433220295218,,,"(240) 670-4847",,voice,,Membership,,
1284130907349474,633948475356537,,,,,"(202) 730-0004",,voice,,"Mazique Parent Child Resource Center",,
1288279633292554,610843915418170,"1079995367180066,980051444166145,604818206550536,1093343173920146,1257314642932231,1204018684568425,1174738273256108,680562197957511,676934928364883,1178657807139643",863547285733670,,,"(240) 532-7000",,voice,,,,
1296945786549621,1198692764026642,,,,,"(301) 530-3725",,voice,,,,
1298811338000200,683981038233399,,1235669446637932,,,"(202) 610-5900",,voice,,,,
1300680852398273,584215858451001,"605385202624201,991462076076973,739062573866794,1003036537750667,643156433763559,1107276468708862",,,,"(202) 546-0017",,voice,,,,
1258144831022858,1089431432526337,,,,,"(301) 262-4342",,voice,,,,
1265146554354445,1091227224514735,1126118557955040,,,,"(202) 722-4544",,voice,,,,
1268767777910385,1114551742239605,"1048984129419777,778121485505827,864041028832460,1134389546347902,891245636047663,953570402846759,1049005398980524",802638496440415,,,"(202) 803-2340",,voice,,"DC Phone",,
1275875687653401,"834696315742469,1127198971919902,566932797594098","1200612658418419,1015257402861824",758358330691109,,,"(202) 735-0761",,voice,,,,
1293912126788785,1136470398726733,1279930862215019,,,,"(202) 793-2157",,fax,,,,
1290607971551229,1048770784971224,"857853579878864,754147676615710,929072757628683,1316670958147366,839695327342121,1096695050630138,1186669715768214,943806798890403,1122934207742346,1286870063123571",1234827091202817,,,"(202) 462-3274",,voice,,,,
1295933387038052,805946412097203,,,,,"(202) 518-6414",,voice,,,,
1300148679182763,712658990764743,"848785574110592,960664065602895,926618827303169,718763768520855",687390186581235,,,"(202) 544-0631",,voice,,"Everyone Home DC Headquarters",,
1302923938383278,1125282502738313,1279930862215019,,,,"(703) 271-0938",,voice,,,,
1309171874179001,849821356417378,,,,,"(202) 673-3233",,voice,,,,
1308408301701987,1315539978603581,,824966357062743,,,"(202) 723-0480",,fax,,,,
1308978850099054,810081831183407,"573712074661708,1225681361275050,915604912347301,1107196998383990,564257031952303",1203024767725850,,,"(202) 213- 1622",,voice,,,,
1310292948668779,1078875042301972,"871369531788799,833348686999567,1049343334916651",818433220295218,,,"(240) 491-5763",,voice,,"Front Desk",,
1254564997682888,770924552273178,"992653786137258,911214413937448",,,,"(301) 365-4480",,voice,,"Greentree Admin Center",,
1276125113964924,733623340463849,,885700392354422,,,"(202) 527-7014",,voice,,,,
1298721668049434,1056414203994963,"1300315858753679,1105712633636720,660905682344295,572554560594709,745288994645838,856224619170449",618821526959273,,,"(202) 398-3411",,voice,,,,
1308941416990463,1299568679392516,"1019809336799909,854557082490435",,,,"(202) 234-4863",,fax,,,,
1311734614958207,"924644263313960,785890152776040,1289696854137570","637799341696955,624670942302096,810322998076695,1161698203083101,685001040442233",1222701888984669,,,"(202) 675-9340",,voice,,,,
1316447801383721,1210032943864131,"1262768275437970,826724564530855",558598955804152,,,"(202) 735-3464",,voice,,,,
1320256128235256,852667560851101,,,,,"(202) 292-4401",,voice,,,,
1267351968914473,1089626392255953,783958686086923,1140779289251086,,,"(202) 269-9647",,fax,,,,
1275681199014965,601572087337202,"1275679223903759,1331448293255479,910488601528452",976479787219157,,,"(202) 525-3467",,voice,,,,
1278878139380788,991654914903385,,,,,"(202) 232-6936",,voice,,,,
1287307967969858,1327146928348308,,883017980786398,,,"(202) 367-1119",,voice,,,,
1284225932067215,1195204292292590,"1298470590884073,976249584318959,1238104857551012,826183970673949,1138627636801968,1169733605000890,873315756007935",1321593994370513,,,"(301) 735-0121",,voice,,,,
1291366300573340,1103297850067355,1184021119607946,,,,"(202) 893-6474",,voice,,,,
1304455182692201,638609559652847,,984055402205420,,,"(571) 748-2600",,voice,,,,
1325771402285250,584945568119538,"1118736926815724,1311425782447298,1257941540805584,852528117694344",919694976245435,,,"(202) 338-8301",,voice,,,,
1286093295268135,898209455512951,1234290234728766,589460886355658,,,"(202) 289-1510",,voice,,,,
1296251303907751,861950181964621,"969104577757425,598047692449891,1231068953747206,874713157662589,977353834463418,659435743428113,565370307901606",1058892834992313,,,"(202) 280-6899",,voice,,,,
1329943287198428,1116757915659329,"1095497824033311,1099208107604478,948838805132982,1281848063989826,952194300736035,841673521697595,1095945124402776,1252999982476801,1171107809657948,770730332028956,1182835937166583,1101657033380655",880448544501253,,,"(202) 319-3414",,fax,,"Medical record fax number",,
1341388008462342,1245500028616073,"628701475151017,1263413956595979,900585535518556,892242290030635,728933894927396,965489949004254,967551901351951,1158592707921959,1162149686222818,1338519459730817,818888507169972",1289207775329081,,,"(202) 518-6737",,voice,,,,
1278657417622868,"1275795457873123,1197859127148279","1214829481056623,927444702701934",1316999943437051,,,"(202) 839-3076",,voice,,"OIC/DC Headquarters",,
1280860897671998,1132814241177816,576738057093594,973627436997143,,,"(202) 727-5931",,fax,,,,
1289524741347851,964800187171150,,997628202730998,,,"(202) 529-5261",,voice,,,,
1294481153200042,789492083968992,,,,,"(202) 282-3080",,voice,,,,
1293409383366678,599293678245907,1202173337787980,1280943812182660,,,"(202) 437-5643",,voice,,,,
1310251286171666,990336044058622,,,,,"(202) 673-3205",,voice,,,,
1308972173464210,1160291369304648,,1180231383105377,,,"(202) 232-0900",,voice,,,,
1315928843228750,891065803273009,"988299332485221,906941638249299,1128952488713927",,,,1-855-532-5465,,voice,,"DC Health Link Customer Service",,
1321692184504514,829909214250667,,,,,"(202) 673-3227",,voice,,,,
1330966782942998,"1191500192034471,972271189983680",,,,,"(301) 765-5400",,voice,,,,
1330603641709413,744169816237550,,,,,"(202) 621-8617",,fax,,,,
1338737483160744,1303501603402692,,1259502496256180,,,"(202) 785-1670",,voice,,,,
1352422279870647,,,,,,234,234,5,140,234,,main
1352422279870648,,,,,,4356,3456,4,139,3456,,main
1352422279870649,,,,,,23,234,,,3245,,main
1352422279870659,,,,,,9374686975,,4,136,"Phone Description content",,main
1352422279870661,,,,,,9374686975_6,,5,"136,139,140","Phone Description content_1",,main
