id,location_id,accessibility,details
1,1333682431246522,Blank,test
2,1333682431246525,Blank,"Visitors with concerns about the level of access for specific physical conditions, are always recommended to contact the organization directly to obtain the best possible information about physical access"
3,1102714062099449,"ADA Complaint","Visitors with concerns about the level of access for specific physical conditions, are always recommended to contact the organization directly to obtain the best possible information about physical access"
10,1333682431246528,"Not ADA Compliant",test
6,733623340463849,,
10,1333682431246529,Blank,test
10,870176486464739,"ADA Complaint",
10,1183173298558849,,
10,841663889311858,,
10,1303501603402692,,
10,1069239089485198,,
9,1333682431246529,,"Visitors with concerns about the level of access for specific physical conditions, are always recommended to contact the organization directly to obtain the best possible information about physical access"
10,1333682431246530,,"Visitors with concerns about the level of access for specific physical conditions, are always recommended to contact the organization directly to obtain the best possible information about physical access"
10,873890719454689,,
10,1333682431246531,"Not ADA Compliant","Visitors with concerns about the level of access for specific physical conditions, are always recommended to contact the organization directly to obtain the best possible information about physical access"
10,1333682431246540,,
10,1333682431246541,"Not ADA Compliant","Visitors with concerns about the level of access for specific physical conditions, are always recommended to contact the organization directly to obtain the best possible information about physical access"
