"id","service_recordid","phone_recordid","created_at","updated_at"
"1","1225681361275050","542296892934993","",""
"2","640700715075294","559258828473048","",""
"3","1280199390097891","570709070569781","",""
"4","1124712566709259","570709070569781","",""
"5","758678154564108","570709070569781","",""
"6","927525077065562","570709070569781","",""
"7","1154673214411715","570709070569781","",""
"8","856388971104613","570709070569781","",""
"9","896329421364349","575551018765010","",""
"10","1317372777897148","596021755450367","",""
"11","1179507648098128","596021755450367","",""
"12","1117231582416420","596021755450367","",""
"13","992859209726369","596021755450367","",""
"14","1247609265512489","603002809602031","",""
"15","643973730285080","548927498605853","",""
"16","647744623033900","547284703219745","",""
"17","822981725695134","573989703977092","",""
"18","808409696885770","573989703977092","",""
"19","604071251546446","573989703977092","",""
"20","1308810783033235","573989703977092","",""
"21","1242580580751174","573989703977092","",""
"22","925576284170577","573989703977092","",""
"23","1310753806244301","573989703977092","",""
"24","988349124502327","573989703977092","",""
"25","834474801815094","587171591094373","",""
"26","1049979809257514","587171591094373","",""
"27","1073305429578122","587171591094373","",""
"28","1317004978451196","586573323321695","",""
"29","1172189593592063","586573323321695","",""
"30","875783576771374","586573323321695","",""
"31","1128788656579219","559390238010481","",""
"32","1155437863225575","559833184546723","",""
"33","768420867308238","568081390715166","",""
"34","1117943724533651","568081390715166","",""
"35","567586810350969","568081390715166","",""
"36","1301180940473100","568081390715166","",""
"37","762286614552841","568081390715166","",""
"38","993277267161005","579535239831775","",""
"39","969104577757425","584179742880194","",""
"40","598047692449891","584179742880194","",""
"41","1231068953747206","584179742880194","",""
"42","874713157662589","584179742880194","",""
"43","977353834463418","584179742880194","",""
"44","659435743428113","584179742880194","",""
"45","565370307901606","584179742880194","",""
"46","569326528063960","596791445605697","",""
"47","1205629989379688","596791445605697","",""
"48","863951605194335","596791445605697","",""
"49","757969294952221","596791445605697","",""
"50","954262853935362","608468980089073","",""
"51","621922475876912","626911642105346","",""
"52","610393181590401","626911642105346","",""
"53","1156130223734698","578246072045715","",""
"54","1096873514597287","578246072045715","",""
"55","1275671248652557","578246072045715","",""
"56","1184758670431530","578246072045715","",""
"57","944570500482284","578246072045715","",""
"58","1201069695813904","578246072045715","",""
"59","1253984981707388","578246072045715","",""
"60","1126445517023366","578246072045715","",""
"61","1156734654820399","578246072045715","",""
"62","1226032227700549","578246072045715","",""
"63","652787019720552","578246072045715","",""
"64","998910660786600","604562476608352","",""
"65","585745505232672","622940899708096","",""
"66","1200334283969211","634316335663560","",""
"67","1279930862215019","632750765830372","",""
"68","1262768275437970","639520656814563","",""
"69","826724564530855","639520656814563","",""
"70","1077886511267517","578454598221286","",""
"71","1251041437322229","599025519891170","",""
"72","594569394092610","599025519891170","",""
"73","581474108798219","599025519891170","",""
"74","1286937248151879","604671575369630","",""
"75","1258369939351491","605405418135498","",""
"76","595082261115094","605405418135498","",""
"77","1246702555861620","605405418135498","",""
"78","1089414876670662","615442459696007","",""
"79","974973185011225","615442459696007","",""
"80","830345150121911","615442459696007","",""
"81","973083960423797","615442459696007","",""
"85","1129022337432214","620846306271235","",""
"89","1245580607395005","620846306271235","",""
"93","936010727694695","627893071958181","",""
"94","900282135782367","643337118990625","",""
"95","1107272253487063","648664791216690","",""
"96","1089668903464175","647471512217416","",""
"97","603580181050118","601992910461545","",""
"98","853929141214417","601992910461545","",""
"99","594569394092610","601992910461545","",""
"100","1066076138766405","601992910461545","",""
"101","1279704727295628","601992910461545","",""
"102","635411099042905","601992910461545","",""
"103","1020471555082436","601992910461545","",""
"104","1105850415319204","601992910461545","",""
"105","746078248071882","601992910461545","",""
"106","1080000450333930","601992910461545","",""
"107","1008410084982241","603752841609332","",""
"108","783958686086923","624586719112928","",""
"109","797730088708586","634475399701075","",""
"110","1280097613047736","647740637781961","",""
"111","1337627384360672","649010553122915","",""
"112","1164412528090303","655290384630021","",""
"113","772373540242764","659031397106285","",""
"114","583988896816188","636488902942562","",""
"115","1132229411458875","636488902942562","",""
"116","620569007037808","636488902942562","",""
"117","872951114825988","636488902942562","",""
"118","1122765390786822","639723068072357","",""
"119","568848745429108","661172727532291","",""
"120","637056281967653","661172727532291","",""
"121","654079377709904","661172727532291","",""
"122","798441899320042","661172727532291","",""
"123","1188051468871668","661172727532291","",""
"124","1085691019894863","661172727532291","",""
"125","868432737886085","661172727532291","",""
"126","1140724818955853","661172727532291","",""
"127","969104577757425","663123188337760","",""
"128","598047692449891","663123188337760","",""
"129","1231068953747206","663123188337760","",""
"130","874713157662589","663123188337760","",""
"131","977353834463418","663123188337760","",""
"132","659435743428113","663123188337760","",""
"133","565370307901606","663123188337760","",""
"134","818780778532753","675420096007694","",""
"135","1122591520560722","675420096007694","",""
"136","803823952910815","675420096007694","",""
"137","1226514003731413","680363538565742","",""
"138","1214490568958133","675750465096310","",""
"139","963084111494175","675750465096310","",""
"140","585745505232672","679321518221542","",""
"141","1243657038645919","627977115724206","",""
"142","1063814078946036","636390444955781","",""
"143","963084111494175","636390444955781","",""
"144","1279531428850596","644017795337557","",""
"145","1103064722638793","649312469819850","",""
"146","762627227359602","650240826325650","",""
"147","761729408560878","658416119153851","",""
"148","736771575912112","688831321064033","",""
"149","968170375832858","647577480608718","",""
"150","899717824024978","647577480608718","",""
"151","640700715075294","659840012436311","",""
"152","1154573023147130","664386058341457","",""
"153","1343816429794125","686053042718087","",""
"154","1204854175620898","686053042718087","",""
"155","838936758542114","686053042718087","",""
"156","597273584134874","691608793849697","",""
"157","1194227911974076","691608793849697","",""
"158","597275938978540","691608793849697","",""
"159","801918885732334","691608793849697","",""
"160","588450653794139","691608793849697","",""
"161","823996409566009","696940363672558","",""
"162","1118129820102814","706325857726632","",""
"163","1214829481056623","706325857726632","",""
"164","927444702701934","706325857726632","",""
"165","647744623033900","714043165270002","",""
"166","1233124771884739","724550152011114","",""
"167","900938870720008","736956052139959","",""
"168","645639147901738","736956052139959","",""
"169","634163805498241","738691625272988","",""
"170","1191828341135162","738691625272988","",""
"171","915801395995557","738691625272988","",""
"172","843417621771816","738691625272988","",""
"173","997382439625145","738691625272988","",""
"174","827423614142820","738691625272988","",""
"175","998818821487302","738691625272988","",""
"176","617802974901710","738691625272988","",""
"177","1102573292657410","738691625272988","",""
"178","1005856083111610","738691625272988","",""
"179","1048725052232264","738691625272988","",""
"180","1112712465466061","753303229827801","",""
"181","920689283541707","760750230629906","",""
"182","871879878241177","760750230629906","",""
"183","786774420218226","765691996005770","",""
"184","775374911143656","765691996005770","",""
"185","937541358474144","765691996005770","",""
"186","643883051065479","763123579248149","",""
"187","1251282400091320","763123579248149","",""
"188","1300815691678453","763123579248149","",""
"189","634331653721930","763123579248149","",""
"190","739110335088609","763123579248149","",""
"191","1125189538542481","763123579248149","",""
"192","1262432728139962","763123579248149","",""
"193","859784781707721","763123579248149","",""
"194","919789306976808","763123579248149","",""
"195","1340874883349935","763123579248149","",""
"196","1117866913583560","763123579248149","",""
"197","1216919996503351","763123579248149","",""
"198","809925333569605","763123579248149","",""
"199","1281760748874328","763123579248149","",""
"200","768577653576222","763123579248149","",""
"201","927357871286669","775809905829984","",""
"202","957811011700764","723916233410324","",""
"203","1274090737385222","723916233410324","",""
"204","855485572088952","723916233410324","",""
"205","987823009683776","733177886658199","",""
"206","647876938997632","750363040196300","",""
"207","1346017134806581","750363040196300","",""
"208","614660449605719","750363040196300","",""
"209","1275024510435821","750363040196300","",""
"210","1228983284901807","750363040196300","",""
"211","1094239887822670","793093506834133","",""
"212","1225103848906322","757275073777446","",""
"213","1260729084144993","757275073777446","",""
"214","1139491183429250","757275073777446","",""
"215","834684082852945","757275073777446","",""
"216","1261259812177504","757275073777446","",""
"217","971894815669980","757275073777446","",""
"218","795879638840285","757275073777446","",""
"219","623904786582994","757275073777446","",""
"220","1226514003731413","757275073777446","",""
"221","1243311965925842","757275073777446","",""
"222","1202321397052978","757275073777446","",""
"223","1235224978747922","757275073777446","",""
"224","937153699338620","757275073777446","",""
"225","1109535799611317","757275073777446","",""
"226","978858266637697","757275073777446","",""
"227","768548905888033","760967524914269","",""
"228","788377494442735","760967524914269","",""
"229","941820443389996","764375598097470","",""
"230","1205746962140909","770218954747061","",""
"232","936010727694695","737180542817005","",""
"233","615102245607234","735602797720246","",""
"234","1279930862215019","760013196228008","",""
"235","830825158082806","763321039369095","",""
"236","953571703501099","767434507934353","",""
"237","755893450919058","767434507934353","",""
"238","1342355454259613","767434507934353","",""
"239","849877675917053","767434507934353","",""
"240","1312648219687403","767434507934353","",""
"241","926086262623139","767434507934353","",""
"242","584221387739490","767434507934353","",""
"243","1157089206097365","767434507934353","",""
"244","1332199960888369","767533541868240","",""
"245","1198304800320219","767533541868240","",""
"246","802059293903880","767533541868240","",""
"247","1065184137544502","773753624070964","",""
"248","1280595935871142","792531804550347","",""
"249","900958041480936","792531804550347","",""
"250","1267873191960879","793985673104032","",""
"251","963242266021755","793985673104032","",""
"252","869422229117923","795986882596360","",""
"253","773172814806209","795986882596360","",""
"254","586532932628487","795986882596360","",""
"255","1207720606469506","795986882596360","",""
"256","781718626017793","795986882596360","",""
"257","990059361209852","799995518950056","",""
"258","586144902080222","799995518950056","",""
"259","826324408184019","751061458384755","",""
"260","743196443052437","751061458384755","",""
"261","777147158438789","751061458384755","",""
"262","1188616906512182","751061458384755","",""
"263","1235579050212858","751061458384755","",""
"266","958235862658517","781930986045364","",""
"267","1287171138930601","786528354395362","",""
"268","990789256930274","800792775269483","",""
"269","1136409058298095","800792775269483","",""
"270","833348686999567","798538151352033","",""
"271","1173093445425515","803544912223819","",""
"272","595082261115094","803544912223819","",""
"273","1273412412302024","807471270870129","",""
"274","961847087578752","807471270870129","",""
"275","823287765002075","815987000661681","",""
"276","1272403811888637","815987000661681","",""
"277","1115773035158894","815987000661681","",""
"278","1097124274962034","815987000661681","",""
"279","1244177955657488","815987000661681","",""
"280","824403148838289","815987000661681","",""
"281","1222343403264201","815987000661681","",""
"282","782329565925103","815987000661681","",""
"283","1280097613047736","815987000661681","",""
"284","1089668903464175","760565278757437","",""
"285","1171041183154896","757572527073038","",""
"286","1291646983149791","761730627522865","",""
"287","1267670024992885","761730627522865","",""
"288","673842557296387","775266558725152","",""
"289","948867860648638","775266558725152","",""
"295","1066076138766405","784662913629758","",""
"296","1255828431025209","791466840370210","",""
"297","953571703501099","791466840370210","",""
"298","1312648219687403","791466840370210","",""
"299","1098453015435360","791466840370210","",""
"300","849877675917053","791466840370210","",""
"301","755893450919058","791466840370210","",""
"302","1342355454259613","791466840370210","",""
"303","1157089206097365","791466840370210","",""
"304","584221387739490","791466840370210","",""
"305","926086262623139","791466840370210","",""
"306","876179328673488","791466840370210","",""
"307","891803649812249","791466840370210","",""
"308","936010727694695","791466840370210","",""
"309","606430121530643","791466840370210","",""
"310","1183803576061841","791466840370210","",""
"311","756433271745315","791466840370210","",""
"312","1283223847414633","791466840370210","",""
"313","894487344015737","791466840370210","",""
"314","811251791719847","791466840370210","",""
"315","1092859529383419","791466840370210","",""
"316","795787284434998","791466840370210","",""
"317","834464881233325","791466840370210","",""
"318","985958129077094","791466840370210","",""
"319","853430057787908","791466840370210","",""
"320","990059361209852","791466840370210","",""
"321","985539150706956","791466840370210","",""
"322","1070313721456673","791466840370210","",""
"323","586144902080222","791466840370210","",""
"324","1336040674276309","791466840370210","",""
"325","845610250708517","791466840370210","",""
"326","1154573023147130","791466840370210","",""
"327","770578690423338","791466840370210","",""
"328","566547951213450","791466840370210","",""
"329","988299332485221","791466840370210","",""
"330","906941638249299","791466840370210","",""
"331","1128952488713927","791466840370210","",""
"332","1065774935455892","791466840370210","",""
"333","971959192041438","791466840370210","",""
"334","1337627384360672","791466840370210","",""
"335","1096380639922060","791466840370210","",""
"336","1310340922667081","791466840370210","",""
"337","1103064722638793","791466840370210","",""
"338","824310285241952","791466840370210","",""
"339","1250347715174689","791466840370210","",""
"340","626995528078756","791466840370210","",""
"341","788331982799867","791466840370210","",""
"342","635447872052057","791466840370210","",""
"343","1161194466996208","791466840370210","",""
"344","876729070668740","791466840370210","",""
"345","762627227359602","791466840370210","",""
"346","1200468711293825","791466840370210","",""
"347","1164412528090303","791466840370210","",""
"348","586532932628487","791466840370210","",""
"349","1221858333494471","791466840370210","",""
"350","867803749314522","791466840370210","",""
"351","940893098849307","791466840370210","",""
"352","933051063868149","791466840370210","",""
"353","837604202154040","791466840370210","",""
"354","1203534029319840","791466840370210","",""
"355","880643153888927","791466840370210","",""
"356","1231073685933274","791466840370210","",""
"357","1171496076891511","791466840370210","",""
"358","1246366130479163","791466840370210","",""
"359","1204094393733512","791466840370210","",""
"360","831023871673011","791466840370210","",""
"361","788148809413936","791466840370210","",""
"362","1214212862830619","791466840370210","",""
"363","608659423860858","791466840370210","",""
"364","1257889642507838","791466840370210","",""
"365","1133841580769830","794839335523778","",""
"366","651056882216531","794839335523778","",""
"367","1255828431025209","794599466381754","",""
"368","1257889642507838","817069508108978","",""
"369","637221801458890","816775581344433","",""
"370","828103015767690","827964154757857","",""
"371","901644988734342","784457938638703","",""
"372","838439633965089","784457938638703","",""
"373","957679721511506","815051675815970","",""
"374","880540849737772","815051675815970","",""
"375","741133276923057","815051675815970","",""
"376","1205734509587882","815051675815970","",""
"377","608162049269761","826343149445208","",""
"378","949725297401271","828534605497883","",""
"379","763106931954514","828534605497883","",""
"380","936906190018086","828534605497883","",""
"381","678336489867060","828534605497883","",""
"382","1102032278098336","828534605497883","",""
"383","1277554928342075","828534605497883","",""
"384","954270986825825","828534605497883","",""
"385","618510425235763","828534605497883","",""
"386","988610275937141","785558330051645","",""
"387","847408872893699","788052661384442","",""
"388","1131528502132736","798012227756605","",""
"389","998910660786600","798012227756605","",""
"390","833463361083754","798012227756605","",""
"391","1003127511248132","798012227756605","",""
"392","1074501090125867","798012227756605","",""
"394","594081408024759","798012227756605","",""
"395","857918942159858","801558020367834","",""
"396","630264519658509","801558020367834","",""
"397","874630142674226","801558020367834","",""
"398","1108750269140523","801558020367834","",""
"399","890827452085799","804280432043299","",""
"400","842898274944169","804280432043299","",""
"401","905929309244389","804280432043299","",""
"402","885911212444742","828720521624019","",""
"403","786777987046972","828720521624019","",""
"404","611731051197054","828720521624019","",""
"405","978823191463999","828720521624019","",""
"406","1167108992028451","828720521624019","",""
"407","935921848165742","828720521624019","",""
"408","1223343952721664","828720521624019","",""
"409","868294682470679","828720521624019","",""
"410","1287381779305670","828720521624019","",""
"411","928437024657296","835104444383094","",""
"412","785169150627540","841218777703776","",""
"413","1092296589947000","841218777703776","",""
"414","1176207549830608","841218777703776","",""
"415","1307844962163383","841218777703776","",""
"416","606736767772085","841218777703776","",""
"417","945829836126554","841218777703776","",""
"418","823785251815168","841218777703776","",""
"419","1099899521922388","841218777703776","",""
"420","1176655697971687","841218777703776","",""
"421","1206755076792649","841218777703776","",""
"422","1150526426164419","841218777703776","",""
"423","658900524855990","795305573959481","",""
"424","1171107809657948","813038992671432","",""
"425","1293714246926509","813038992671432","",""
"426","619865391321510","813038992671432","",""
"427","1163788260715796","813038992671432","",""
"429","1101657033380655","813038992671432","",""
"430","1158805154331276","818610335474984","",""
"431","596509168605852","818610335474984","",""
"432","1224495074701354","818610335474984","",""
"433","1247441946122537","818610335474984","",""
"434","1189862050430597","818610335474984","",""
"435","842118695599527","818610335474984","",""
"436","1206515011255222","818610335474984","",""
"437","1249421918700941","818610335474984","",""
"438","956316316250592","818610335474984","",""
"439","943690370414778","818610335474984","",""
"440","1237618325820422","818610335474984","",""
"441","1330460837989046","818610335474984","",""
"442","1176914771702299","818610335474984","",""
"443","1248465838378546","818610335474984","",""
"444","822886605211738","818610335474984","",""
"445","609280054378490","818610335474984","",""
"446","1223973175827182","822315774778933","",""
"447","1214212862830619","852562278044221","",""
"448","803289389092544","823350359966178","",""
"449","755893450919058","826409137890041","",""
"450","1219445943923328","832941483405417","",""
"452","583905742719734","839976254259214","",""
"453","1330489680518823","839976254259214","",""
"454","890516898015838","839976254259214","",""
"455","1112712465466061","839976254259214","",""
"456","1024335862745029","839976254259214","",""
"457","792124806489460","863609259130486","",""
"458","1239257983465773","814559429952530","",""
"459","1229847373733252","814559429952530","",""
"462","1129022337432214","829471250078983","",""
"466","1245580607395005","829471250078983","",""
"470","1099406667463105","832798923297357","",""
"471","1173270438890110","856229083606940","",""
"472","978561179172265","859735189492898","",""
"473","1252811207069395","861143922515481","",""
"474","1071954080796084","861644440091388","",""
"475","1117364513670581","869350410768024","",""
"476","1227270113734434","878274834315102","",""
"477","1216093434926302","878274834315102","",""
"478","1185563905796881","817448213696064","",""
"479","1217517912625492","817448213696064","",""
"480","925876618282340","839546521594442","",""
"481","667387929525624","839546521594442","",""
"482","810458383121333","839546521594442","",""
"483","905712024453663","839546521594442","",""
"484","867810178957304","839546521594442","",""
"485","1298850689126022","839546521594442","",""
"486","756590434387042","839546521594442","",""
"487","753746449496571","839546521594442","",""
"488","1308027877412141","839546521594442","",""
"489","808149675507884","839546521594442","",""
"490","1208941632060908","839546521594442","",""
"491","1214461475383160","838732841114220","",""
"492","1215155337816976","838732841114220","",""
"493","944086458634778","838732841114220","",""
"494","1053339592565591","838732841114220","",""
"495","1134632582399004","838732841114220","",""
"496","1121716306827418","846053195085750","",""
"497","911538558546594","846053195085750","",""
"498","850067707222254","849089848233890","",""
"499","826575730085111","854170424677205","",""
"500","629441538824999","854170424677205","",""
"501","625010110827987","854170424677205","",""
"502","576233469616692","854170424677205","",""
"503","1183837054694105","854170424677205","",""
"504","1309075999603061","854170424677205","",""
"505","1290826855930269","854170424677205","",""
"506","1245797842459737","854170424677205","",""
"507","1098034582826680","854170424677205","",""
"508","835196230590039","854170424677205","",""
"509","1144935558772710","854170424677205","",""
"510","766179643113383","854170424677205","",""
"511","896834539658723","854170424677205","",""
"512","1098013630156546","854170424677205","",""
"513","810657067829775","854170424677205","",""
"514","817516189087861","854170424677205","",""
"515","1277600718493078","854170424677205","",""
"516","992653786137258","869647641173429","",""
"517","970844412851977","841294859040664","",""
"518","1251032317225019","847788406629090","",""
"519","590856913957665","845084847565418","",""
"520","1350703837531670","845084847565418","",""
"521","650975829022117","853258537403223","",""
"522","1184398102096366","853258537403223","",""
"523","978362959076613","853258537403223","",""
"524","569658380553026","853258537403223","",""
"525","778216401015612","853258537403223","",""
"526","1279930862215019","859866299193791","",""
"527","1193500689688597","858170932168553","",""
"528","598893344627449","858170932168553","",""
"529","870510285799257","858170932168553","",""
"531","619428544473590","858170932168553","",""
"532","1126445517023366","864922457520126","",""
"533","987823009683776","867166594258636","",""
"534","862520686520779","867166594258636","",""
"535","1227270113734434","867166594258636","",""
"536","1216093434926302","867166594258636","",""
"537","1017822050974117","867878423259515","",""
"538","1013383131036507","869180963768724","",""
"539","1240192310621331","869180963768724","",""
"540","884736702652661","869180963768724","",""
"541","586528011285719","869180963768724","",""
"542","1164611414305040","880704676850500","",""
"543","650989691735486","880704676850500","",""
"544","1285828968189382","880704676850500","",""
"545","1107517105201722","880704676850500","",""
"546","876445692954802","880704676850500","",""
"547","824310285241952","895682527379338","",""
"548","1048984129419777","838179226897828","",""
"549","778121485505827","838179226897828","",""
"550","864041028832460","838179226897828","",""
"551","1134389546347902","838179226897828","",""
"552","891245636047663","838179226897828","",""
"553","953570402846759","838179226897828","",""
"554","1049005398980524","838179226897828","",""
"555","869411193408138","869090850627640","",""
"556","637788539576170","869090850627640","",""
"557","851500386737857","867033115635976","",""
"558","1296065204186379","874432363416046","",""
"559","1133049402514864","874432363416046","",""
"560","616524237670756","874432363416046","",""
"561","1070313721456673","881056541866695","",""
"562","947021731311865","888249723161367","",""
"563","876544332128595","893783966975184","",""
"564","992280999729878","893783966975184","",""
"565","573712074661708","893086851634791","",""
"566","915604912347301","893086851634791","",""
"567","1086669106439677","893086851634791","",""
"568","1107196998383990","893086851634791","",""
"569","930118509045826","893086851634791","",""
"570","564257031952303","893086851634791","",""
"571","636366666716828","899543859617326","",""
"572","712328327930380","899543859617326","",""
"573","855469857598617","909713164007592","",""
"574","1092859529383419","853569892161372","",""
"575","853430057787908","853569892161372","",""
"576","985958129077094","853569892161372","",""
"577","834464881233325","853569892161372","",""
"578","795787284434998","853569892161372","",""
"579","710118290554444","856038833951668","",""
"580","1055040381486326","856038833951668","",""
"581","622808373738547","856038833951668","",""
"582","1095680012179849","872748541280957","",""
"583","1054654881182092","874710112690169","",""
"584","867803749314522","873647344593689","",""
"585","1207720606469506","873647344593689","",""
"586","781718626017793","873647344593689","",""
"587","636366666716828","878996924070917","",""
"588","712328327930380","878996924070917","",""
"589","1060415349793008","879161402200519","",""
"590","1156215543966047","879161402200519","",""
"591","1050554025156180","879161402200519","",""
"592","929859824925404","879161402200519","",""
"593","965942393503991","879161402200519","",""
"594","645694919920041","879161402200519","",""
"595","1262506217054044","879161402200519","",""
"596","877165496793556","879161402200519","",""
"597","833282615728356","876071398674393","",""
"598","1138527811978367","881877869946356","",""
"599","915604912347301","887578586370932","",""
"600","1086669106439677","887578586370932","",""
"601","1107196998383990","887578586370932","",""
"602","621585086191000","887578586370932","",""
"603","564257031952303","887578586370932","",""
"604","1214461475383160","888705323197821","",""
"605","1215155337816976","888705323197821","",""
"606","944086458634778","888705323197821","",""
"607","1053339592565591","888705323197821","",""
"608","1134632582399004","888705323197821","",""
"609","1279930862215019","904121948816629","",""
"610","1095497824033311","907177707318666","",""
"611","1099208107604478","907177707318666","",""
"612","948838805132982","907177707318666","",""
"613","1281848063989826","907177707318666","",""
"614","952194300736035","907177707318666","",""
"615","841673521697595","907177707318666","",""
"616","1095945124402776","907177707318666","",""
"617","1252999982476801","907177707318666","",""
"618","1171107809657948","907177707318666","",""
"619","770730332028956","907177707318666","",""
"620","1182835937166583","907177707318666","",""
"621","1101657033380655","907177707318666","",""
"622","665233370065008","914187484659324","",""
"623","1073041672347811","914187484659324","",""
"624","1336452381281967","915472430047084","",""
"625","1066076138766405","921592409447765","",""
"626","907038865795598","873080526545396","",""
"627","586068010954858","873080526545396","",""
"628","606430121530643","882109019068289","",""
"629","823287765002075","904658554718764","",""
"630","1272403811888637","904658554718764","",""
"631","1257962156531903","902299258856691","",""
"632","1280199390097891","937787487661619","",""
"633","1124712566709259","937787487661619","",""
"634","758678154564108","937787487661619","",""
"635","927525077065562","937787487661619","",""
"636","1154673214411715","937787487661619","",""
"637","856388971104613","937787487661619","",""
"638","916595636524322","878727208421151","",""
"639","1310340922667081","897837202065177","",""
"640","1152526034865988","916276527780066","",""
"641","855368086683971","916276527780066","",""
"642","923927696574335","920153317312684","",""
"643","1114627657542591","920153317312684","",""
"644","805290013325766","931173517724084","",""
"645","1227451026876891","931173517724084","",""
"646","1146427923405605","931173517724084","",""
"647","954742655318156","931173517724084","",""
"648","1102203467116873","931173517724084","",""
"649","982207553498582","931173517724084","",""
"650","1108394531508208","931173517724084","",""
"651","635645258311778","931173517724084","",""
"652","1160836319132411","931173517724084","",""
"653","936010727694695","936234438645818","",""
"654","943521538490652","946365616469100","",""
"655","1210758210255628","946365616469100","",""
"656","822981725695134","955363729548982","",""
"657","808409696885770","955363729548982","",""
"658","604071251546446","955363729548982","",""
"659","1308810783033235","955363729548982","",""
"660","1242580580751174","955363729548982","",""
"661","925576284170577","955363729548982","",""
"662","1310753806244301","955363729548982","",""
"663","988349124502327","955363729548982","",""
"664","1095621090051578","908417532475087","",""
"665","1311323215134581","912724757494039","",""
"666","859847606001066","912724757494039","",""
"667","567687090092713","920921778156664","",""
"668","1191828341135162","922970555992057","",""
"669","915801395995557","922970555992057","",""
"670","843417621771816","922970555992057","",""
"671","997382439625145","922970555992057","",""
"672","827423614142820","922970555992057","",""
"673","998818821487302","922970555992057","",""
"674","617802974901710","922970555992057","",""
"675","1102573292657410","922970555992057","",""
"676","1005856083111610","922970555992057","",""
"677","1048725052232264","922970555992057","",""
"678","612333310679780","927971420492009","",""
"679","1261327178795055","940121014430437","",""
"680","640682707343284","940121014430437","",""
"681","628467166072226","940121014430437","",""
"682","667384544326235","940298300645105","",""
"683","749482802649696","949228272983280","",""
"684","569171803920168","963651673732249","",""
"685","1272667351561003","902437860112224","",""
"686","1280595935871142","902437860112224","",""
"687","900958041480936","902437860112224","",""
"688","922272298366059","902437860112224","",""
"689","1193500689688597","922760868577520","",""
"690","619060926571379","922760868577520","",""
"691","1310979690934901","925767778892838","",""
"692","647744623033900","926719398617836","",""
"693","831023871673011","940255231774257","",""
"694","788148809413936","940255231774257","",""
"695","1176697876442539","950188346891245","",""
"696","1184935193727472","950188346891245","",""
"697","794274095677299","962865141772919","",""
"698","1235224978747922","917670385532601","",""
"699","1246421144702219","931410088645967","",""
"700","786696636711619","936575749678024","",""
"701","790527027022440","946896560194036","",""
"702","592279932552007","947850987908112","",""
"703","1156734654820399","961115267054461","",""
"704","756512918126172","968830681759253","",""
"705","1120925823267751","979091642460386","",""
"706","1076835020018645","979091642460386","",""
"707","1107751503709452","979091642460386","",""
"708","1228697695545072","979091642460386","",""
"709","605385202624201","980493210959521","",""
"710","991462076076973","980493210959521","",""
"711","739062573866794","980493210959521","",""
"712","1003036537750667","980493210959521","",""
"713","643156433763559","980493210959521","",""
"714","1107276468708862","980493210959521","",""
"715","1246421144702219","919692190244593","",""
"716","998910660786600","956702105624687","",""
"717","876118989495452","972752308447427","",""
"718","935391639326831","975713005890497","",""
"719","927583086660595","975713005890497","",""
"720","877408991389663","975713005890497","",""
"721","771415038083007","975713005890497","",""
"722","1330210073954058","975713005890497","",""
"723","600311424612877","975713005890497","",""
"724","993277267161005","975713005890497","",""
"728","811588311148333","987182190910986","",""
"729","1273614384596478","956487895866825","",""
"730","580060602461538","956487895866825","",""
"731","853599380702227","956487895866825","",""
"732","1107477274966494","956487895866825","",""
"733","1229961680483259","956487895866825","",""
"734","1166038612489262","956487895866825","",""
"735","1135119642997578","956487895866825","",""
"736","894487344015737","964783476851565","",""
"737","911214413937448","973953459656722","",""
"738","1162124852182078","989493479963998","",""
"739","958276513381633","989493479963998","",""
"740","808097983123711","945039719724961","",""
"741","871369531788799","945011846421955","",""
"742","833348686999567","945011846421955","",""
"743","1049343334916651","945011846421955","",""
"744","960670406610559","945011846421955","",""
"745","572649600558239","945011846421955","",""
"746","646181177473340","945011846421955","",""
"747","837177248603522","945011846421955","",""
"748","1112712465466061","942862485286812","",""
"749","1243005448190685","955601168610811","",""
"750","930620453165185","954572594740820","",""
"751","845610250708517","972684585446578","",""
"752","1279930862215019","982982482644302","",""
"753","1106228409807836","988864889844497","",""
"754","813818370182701","1007137721349348","",""
"755","1177461710635594","1007137721349348","",""
"756","1304753692724881","1007137721349348","",""
"757","1089414876670662","1005085920729956","",""
"758","974973185011225","1005085920729956","",""
"759","830345150121911","1005085920729956","",""
"760","973083960423797","1005085920729956","",""
"761","665233370065008","1010841661449489","",""
"762","1073041672347811","1010841661449489","",""
"763","849020259682919","961739612120037","",""
"764","1144419665946228","963927944202202","",""
"765","979425998294597","963927944202202","",""
"766","669665309659481","963927944202202","",""
"767","1150603832651756","963927944202202","",""
"768","855260709365984","963927944202202","",""
"769","1331055862752219","963927944202202","",""
"770","1227144157948013","971505854008867","",""
"771","787172371237208","980201774130262","",""
"772","569553997851039","980201774130262","",""
"773","1284579209460045","982124409904278","",""
"774","834804986562892","995041589685555","",""
"775","627561586053944","995041589685555","",""
"776","1297938251275210","995041589685555","",""
"777","1153101336983128","995041589685555","",""
"778","699332863961289","1006591780834143","",""
"779","1124936156339923","1009486319812780","",""
"780","623211094881349","1009486319812780","",""
"781","1255828431025209","973346518083317","",""
"782","1183803576061841","973346518083317","",""
"783","756433271745315","973346518083317","",""
"784","876179328673488","973346518083317","",""
"785","811251791719847","973346518083317","",""
"786","765148434335618","973346518083317","",""
"787","947021731311865","979599616798183","",""
"788","1106022191121920","984348128312206","",""
"789","972396791405136","984348128312206","",""
"790","619838171879237","984348128312206","",""
"791","923927696574335","996730625692965","",""
"792","753350947911582","996730625692965","",""
"793","1114627657542591","996730625692965","",""
"795","1228391315842600","1016106509669888","",""
"796","1172610413356554","1016106509669888","",""
"797","905246821897219","1016106509669888","",""
"798","1166513065360124","1016106509669888","",""
"799","937486809669218","1016106509669888","",""
"800","886045211613436","1016106509669888","",""
"801","962682510401278","1016106509669888","",""
"802","1092865667584408","1016106509669888","",""
"803","985265076202488","1075246534341335","",""
"804","936010727694695","1081102693125638","",""
"805","874318868056401","1081201794432864","",""
"806","806942363715001","1086466564339000","",""
"807","1278460102567092","1086466564339000","",""
"808","846114903100076","1100666782984005","",""
"809","769155518616587","1100666782984005","",""
"810","815900335838427","1100666782984005","",""
"811","989132061763461","1100666782984005","",""
"812","862520686520779","1056503677735097","",""
"813","895263756347270","1066729741752517","",""
"814","702296325594248","1066729741752517","",""
"815","709150850319193","1066729741752517","",""
"816","831230865396411","1066729741752517","",""
"817","1220731362295108","1066729741752517","",""
"818","900938870720008","1073935801154814","",""
"819","645639147901738","1073935801154814","",""
"820","1084038513265975","1106876560319956","",""
"821","823996409566009","1045712042993666","",""
"822","1065774935455892","1048569158302607","",""
"823","1161194466996208","1048569158302607","",""
"824","635447872052057","1048569158302607","",""
"825","876729070668740","1048569158302607","",""
"826","846905885724829","1049910663935172","",""
"827","757996066878670","1052461018117943","",""
"828","1276572352527456","1052461018117943","",""
"829","925701018774057","1056572115086377","",""
"830","1234923855165980","1056572115086377","",""
"831","1191745074402257","1072093385240767","",""
"832","635982208196027","1072093385240767","",""
"833","1179791140220795","1072093385240767","",""
"834","1229999806342320","1072093385240767","",""
"835","1179146027456024","1072093385240767","",""
"836","857757181402658","1072093385240767","",""
"837","790000784900182","1072093385240767","",""
"841","570279198497703","1078907666894476","",""
"842","635109381708667","1087038765331752","",""
"843","592501622177001","1087038765331752","",""
"844","784048807434548","1087038765331752","",""
"845","603541148832875","1087038765331752","",""
"846","1213896805616958","1087038765331752","",""
"847","543129663940995","1087038765331752","",""
"848","821743187538963","1087038765331752","",""
"849","1262777533509176","1087038765331752","",""
"850","1299749997616354","1090861022746788","",""
"851","806763348310571","1090861022746788","",""
"852","1202085877211897","1099793573985181","",""
"853","892274678523551","1107705262473705","",""
"856","1084038513265975","1116493917198560","",""
"857","940893098849307","1116098433846421","",""
"861","880643153888927","1116098433846421","",""
"865","586528011285719","1061916970627881","",""
"866","725328222364770","1066187996447838","",""
"867","830255620342454","1066187996447838","",""
"868","674097006531397","1066187996447838","",""
"869","1089573809572411","1066187996447838","",""
"870","1337736663266538","1066187996447838","",""
"871","689392643888484","1066187996447838","",""
"872","665741809852890","1062610098594335","",""
"873","658172156866857","1065402652683987","",""
"874","1282627737254185","1065402652683987","",""
"875","1106022191121920","1072819491635928","",""
"876","972396791405136","1072819491635928","",""
"877","619838171879237","1072819491635928","",""
"878","1019809336799909","1080998373720902","",""
"879","854557082490435","1080998373720902","",""
"880","1135146593857359","1090637435246730","",""
"881","1226032227700549","1089770955380802","",""
"882","566547951213450","1101511359629297","",""
"883","935391639326831","1109152836345796","",""
"884","927583086660595","1109152836345796","",""
"885","877408991389663","1109152836345796","",""
"886","771415038083007","1109152836345796","",""
"887","916595636524322","1109152836345796","",""
"888","912682382040353","1109152836345796","",""
"889","1222212212143407","1109152836345796","",""
"890","1171041183154896","1109152836345796","",""
"891","1330210073954058","1109152836345796","",""
"892","1102764489219960","1109152836345796","",""
"893","570279198497703","1109152836345796","",""
"896","1135984147096642","1109152836345796","",""
"897","615102245607234","1109152836345796","",""
"898","1073305429578122","1109152836345796","",""
"899","1281873572081806","1109152836345796","",""
"901","1149133594765984","1109152836345796","",""
"902","882832254990502","1126681676431855","",""
"903","1198461656471923","1126681676431855","",""
"904","1296908548961437","1079006017042835","",""
"905","1232667842792865","1095633478052311","",""
"906","1212568722090763","1095633478052311","",""
"907","815127350806373","1095633478052311","",""
"908","660488487868159","1095633478052311","",""
"909","585243045568447","1096646136810489","",""
"910","1207508787914960","1096646136810489","",""
"911","1208455747240239","1101752136291121","",""
"912","1097124274962034","1109642130925841","",""
"913","912682382040353","1129615071986566","",""
"914","1102764489219960","1129615071986566","",""
"915","819105625973846","1129615071986566","",""
"916","1098453015435360","1083066764267659","",""
"917","1135984147096642","1100261595528489","",""
"918","1195264768754640","1102679371180518","",""
"919","622678818794830","1104215723708170","",""
"920","788869158854905","1104215723708170","",""
"921","684120515696887","1104215723708170","",""
"922","1024506699237541","1104215723708170","",""
"923","1118257508626334","1126332865904606","",""
"924","1222212212143407","1136859825297998","",""
"925","1162872937044136","1134958514650887","",""
"926","656227428086310","1134958514650887","",""
"927","890897735410541","1134958514650887","",""
"928","1109422900006648","1134958514650887","",""
"929","1099503418949118","1134958514650887","",""
"930","1011096322447568","1134958514650887","",""
"931","767973914805055","1134958514650887","",""
"932","605021814890791","1134958514650887","",""
"933","631018985097612","1134958514650887","",""
"934","951898939560579","1134958514650887","",""
"935","872527579879656","1135843081310403","",""
"936","788737234026052","1133858232323474","",""
"937","668308234545683","1133858232323474","",""
"938","764175671702359","1133858232323474","",""
"939","905306461107838","1133858232323474","",""
"940","1211968393866435","1133858232323474","",""
"941","649896826316937","1133858232323474","",""
"942","834804986562892","1092073669696951","",""
"943","627561586053944","1092073669696951","",""
"944","1297938251275210","1092073669696951","",""
"945","1153101336983128","1092073669696951","",""
"946","1091696179482661","1098197712465293","",""
"947","652787019720552","1098418067335925","",""
"948","635447872052057","1109846594575137","",""
"949","608659423860858","1109846594575137","",""
"952","1136496312754304","1115681868338239","",""
"953","638870700632782","1115681868338239","",""
"954","929579985962021","1115681868338239","",""
"955","1156988661828912","1115681868338239","",""
"956","1333335607705891","1115681868338239","",""
"957","911241036881136","1115681868338239","",""
"959","1266964744981497","1115681868338239","",""
"961","1172430599453041","1115681868338239","",""
"963","1188657221119765","1115681868338239","",""
"964","897674219161316","1115681868338239","",""
"965","1074220347849802","1115681868338239","",""
"966","1275451737359298","1115681868338239","",""
"967","914571037644850","1115681868338239","",""
"969","850231451296174","1121679495003948","",""
"970","1081615978709955","1121679495003948","",""
"971","1053054069738308","1121679495003948","",""
"972","983357706289803","1121679495003948","",""
"973","1185047725805350","1121679495003948","",""
"974","890827452085799","1125251458497377","",""
"975","842898274944169","1125251458497377","",""
"976","905929309244389","1125251458497377","",""
"977","788331982799867","1142095146820435","",""
"978","761729408560878","1144288488748359","",""
"979","1108270050321045","1144288488748359","",""
"980","1280097613047736","1146948727790243","",""
"981","904936764071739","1156864357173710","",""
"987","690963495070781","1102340656948959","",""
"988","1110339029289646","1102340656948959","",""
"989","848660009135175","1112567550907101","",""
"990","942680278683430","1112567550907101","",""
"991","896329421364349","1116950121770810","",""
"992","891803649812249","1116950121770810","",""
"993","763809067838037","1122235764859744","",""
"994","1214338575557271","1122235764859744","",""
"995","778515041064471","1122235764859744","",""
"996","804348455722045","1122235764859744","",""
"997","605278265206856","1122235764859744","",""
"998","862710749221593","1122235764859744","",""
"999","827054024656401","1122235764859744","",""
"1000","1222229505999659","1132088699124837","",""
"1001","1115001618582576","1149168599826111","",""
"1003","1183846216660530","1166477086569448","",""
"1004","974276139813148","1166477086569448","",""
"1005","824258346211268","1166477086569448","",""
"1006","998881009851013","1110793776365198","",""
"1007","643521097828873","1110274733413246","",""
"1008","720253176536744","1110274733413246","",""
"1009","1236034161171034","1130262805064509","",""
"1010","1283223847414633","1140118945888036","",""
"1011","1293934201497994","1151459011026456","",""
"1012","1019809336799909","1157571163600573","",""
"1013","854557082490435","1157571163600573","",""
"1014","650113925000399","1120536412032800","",""
"1015","614870969341256","1135810201984804","",""
"1016","640700715075294","1142308194747714","",""
"1017","1158805154331276","1139180973783304","",""
"1018","596509168605852","1139180973783304","",""
"1019","1247441946122537","1139180973783304","",""
"1020","1189862050430597","1139180973783304","",""
"1021","842118695599527","1139180973783304","",""
"1022","1206515011255222","1139180973783304","",""
"1023","1249421918700941","1139180973783304","",""
"1024","956316316250592","1139180973783304","",""
"1025","943690370414778","1139180973783304","",""
"1026","1237618325820422","1139180973783304","",""
"1027","1330460837989046","1139180973783304","",""
"1028","1176914771702299","1139180973783304","",""
"1029","1248465838378546","1139180973783304","",""
"1030","822886605211738","1139180973783304","",""
"1031","609280054378490","1139180973783304","",""
"1032","1089414876670662","1147096443382603","",""
"1033","974973185011225","1147096443382603","",""
"1034","830345150121911","1147096443382603","",""
"1035","973083960423797","1147096443382603","",""
"1036","1149133594765984","1168652950228732","",""
"1037","704832527436297","1177666044577543","",""
"1038","800852356091403","1177666044577543","",""
"1039","1006868535209989","1177666044577543","",""
"1040","837150649376459","1177666044577543","",""
"1041","803513081069526","1132446839565795","",""
"1042","969104577757425","1129938377899457","",""
"1043","598047692449891","1129938377899457","",""
"1044","1231068953747206","1129938377899457","",""
"1045","874713157662589","1129938377899457","",""
"1046","977353834463418","1129938377899457","",""
"1047","659435743428113","1129938377899457","",""
"1048","565370307901606","1129938377899457","",""
"1049","1244177955657488","1143005928373128","",""
"1050","772373540242764","1149894742840771","",""
"1051","1279930862215019","1151752297667520","",""
"1052","852293839945847","1160971142352136","",""
"1053","1226514003731413","1158800870011801","",""
"1054","783958686086923","1167803343546664","",""
"1055","659284177800711","1193175617045499","",""
"1056","938270944825871","1142710446777555","",""
"1057","1210054763234429","1142710446777555","",""
"1058","1196312610753230","1161757633040637","",""
"1059","768947684418255","1165271968937872","",""
"1060","1044391885826553","1165271968937872","",""
"1061","943628495908545","1165271968937872","",""
"1062","1053662246534838","1165271968937872","",""
"1063","972287284892047","1165271968937872","",""
"1064","844054055268446","1178392713153997","",""
"1065","1252250942824064","1178392713153997","",""
"1066","1115773035158894","1203507422974261","",""
"1067","1316420247965579","1211908105317279","",""
"1068","851263054981026","1211908105317279","",""
"1069","1310979690934901","1145652621978624","",""
"1070","833282615728356","1149001768953790","",""
"1071","1095621090051578","1153814675264906","",""
"1072","1038206932789964","1167561956030763","",""
"1073","634163805498241","1167561956030763","",""
"1074","1185563905796881","1179556796046409","",""
"1075","1217517912625492","1179556796046409","",""
"1076","573712074661708","1184404603277324","",""
"1077","1247040460584228","1196738584247168","",""
"1078","1096380639922060","1204033842091123","",""
"1079","626995528078756","1204033842091123","",""
"1080","1250347715174689","1204033842091123","",""
"1081","1221858333494471","1204033842091123","",""
"1082","884845307034551","1204033842091123","",""
"1083","1299123782574590","1207566391603712","",""
"1084","1200468711293825","1214529215884607","",""
"1085","953571703501099","1190783233284841","",""
"1086","971959192041438","1190783233284841","",""
"1087","937636854587265","1209320942594598","",""
"1088","927357871286669","1208139778391897","",""
"1089","872607427636909","1223709038163449","",""
"1090","1118129820102814","1232556632719554","",""
"1091","1214829481056623","1232556632719554","",""
"1092","927444702701934","1232556632719554","",""
"1093","1223973175827182","1174506743482431","",""
"1094","869422229117923","1172848424638721","",""
"1095","773172814806209","1172848424638721","",""
"1096","704832527436297","1189857685741304","",""
"1097","800852356091403","1189857685741304","",""
"1098","1006868535209989","1189857685741304","",""
"1099","837150649376459","1189857685741304","",""
"1100","788645594475711","1226705841227914","",""
"1101","690963495070781","1238463739690587","",""
"1102","1110339029289646","1238463739690587","",""
"1103","1336040674276309","1237259774965610","",""
"1104","634163805498241","1237143401259837","",""
"1105","928339115255252","1178796032559187","",""
"1106","1343816429794125","1185887567683597","",""
"1107","1221652904126057","1197141445963888","",""
"1108","607057383679661","1200804357675895","",""
"1109","1261952699824933","1200804357675895","",""
"1110","1232646715498091","1200804357675895","",""
"1111","765859355729308","1200804357675895","",""
"1112","958856187058355","1200804357675895","",""
"1113","1338909579517881","1200804357675895","",""
"1114","609764906879432","1200804357675895","",""
"1115","793641507311678","1200804357675895","",""
"1116","1142869830287216","1200804357675895","",""
"1117","741287798283565","1200804357675895","",""
"1118","768548905888033","1200466336568415","",""
"1119","788377494442735","1200466336568415","",""
"1120","616328908124765","1211490836414345","",""
"1121","944606179638640","1218270554854662","",""
"1122","761729408560878","1218448147974406","",""
"1123","1084455155861412","1231521383051622","",""
"1124","1200983719344738","1231521383051622","",""
"1125","811112269491730","1231521383051622","",""
"1126","1114942083297484","1231521383051622","",""
"1127","1125858260716274","1231521383051622","",""
"1128","886500049202807","1231521383051622","",""
"1129","1236006015638372","1231521383051622","",""
"1130","949725297401271","1236412898692410","",""
"1131","763106931954514","1236412898692410","",""
"1132","936906190018086","1236412898692410","",""
"1133","678336489867060","1236412898692410","",""
"1134","1102032278098336","1236412898692410","",""
"1135","1277554928342075","1236412898692410","",""
"1136","954270986825825","1236412898692410","",""
"1137","618510425235763","1236412898692410","",""
"1138","829979157869352","1238249490466508","",""
"1139","935391639326831","1249506930671270","",""
"1140","927583086660595","1249506930671270","",""
"1141","877408991389663","1249506930671270","",""
"1142","771415038083007","1249506930671270","",""
"1143","1330210073954058","1249506930671270","",""
"1144","600311424612877","1249506930671270","",""
"1145","985539150706956","1255263840665286","",""
"1146","681568772199807","1257486983899115","",""
"1147","1095497824033311","1258650829388896","",""
"1148","1099208107604478","1258650829388896","",""
"1149","948838805132982","1258650829388896","",""
"1150","1281848063989826","1258650829388896","",""
"1151","952194300736035","1258650829388896","",""
"1152","841673521697595","1258650829388896","",""
"1153","1095945124402776","1258650829388896","",""
"1154","1252999982476801","1258650829388896","",""
"1155","1171107809657948","1258650829388896","",""
"1156","770730332028956","1258650829388896","",""
"1158","1101657033380655","1258650829388896","",""
"1162","833282615728356","1232851016707551","",""
"1163","1262274366963110","1232762831983940","",""
"1164","1049343334916651","1252297313603671","",""
"1165","561831919465625","1257181434931228","",""
"1166","952972807781785","1264255295544454","",""
"1167","1182824915404630","1263058924924978","",""
"1168","576738057093594","1271584803828941","",""
"1169","1266899795743681","1207782270775252","",""
"1170","828873851944462","1206875724336268","",""
"1171","1279930862215019","1226769545722069","",""
"1172","869411193408138","1231443874540010","",""
"1173","637788539576170","1231443874540010","",""
"1174","1296135146920487","1236223012315706","",""
"1175","544257595598049","1239229114627288","",""
"1176","791536876977084","1238591955779914","",""
"1177","981268426186337","1238591955779914","",""
"1178","1297071446315488","1238591955779914","",""
"1179","919786369196164","1238591955779914","",""
"1180","1158436268672418","1238591955779914","",""
"1181","1243311965925842","1244051999348200","",""
"1182","933068702398710","1272294293837999","",""
"1183","789962433738515","1272294293837999","",""
"1184","1242086127856640","1272294293837999","",""
"1185","988423991733213","1272294293837999","",""
"1186","648998547696427","1272294293837999","",""
"1187","1017935677136641","1272294293837999","",""
"1188","665291739064632","1272294293837999","",""
"1189","991942780227581","1272294293837999","",""
"1190","645620379335062","1272294293837999","",""
"1191","623011102913209","1272294293837999","",""
"1192","1263144790142252","1272294293837999","",""
"1193","660686319121862","1272294293837999","",""
"1194","960770573404461","1272294293837999","",""
"1195","930016985181850","1273446325491795","",""
"1196","740783063728260","1273446325491795","",""
"1197","888508309645148","1273446325491795","",""
"1198","914082352772982","1224770645359758","",""
"1199","1133566646559856","1242839866303012","",""
"1201","1280595935871142","1250388354683607","",""
"1202","900958041480936","1250388354683607","",""
"1203","658900524855990","1253458613028760","",""
"1204","1257701331454062","1264076541077279","",""
"1205","770158427613270","1264076541077279","",""
"1206","642098651199985","1264076541077279","",""
"1207","846905885724829","1274423110135566","",""
"1208","897612626354041","1284668993888789","",""
"1209","615102245607234","1286678020555394","",""
"1210","573712074661708","1290441749934994","",""
"1211","915604912347301","1290441749934994","",""
"1212","1185359834982349","1290441749934994","",""
"1213","1287524810502357","1229125012382256","",""
"1214","1161898129373780","1229125012382256","",""
"1215","1012823920759090","1229125012382256","",""
"1216","623995531339898","1229125012382256","",""
"1217","1118072829940673","1229125012382256","",""
"1218","1118941099925179","1229125012382256","",""
"1219","1083170236781208","1229125012382256","",""
"1220","1257354181828621","1229125012382256","",""
"1221","914742928477842","1229125012382256","",""
"1222","1156322445305197","1229125012382256","",""
"1223","796791181677810","1229125012382256","",""
"1224","858888948104571","1229125012382256","",""
"1225","1265678209789686","1229125012382256","",""
"1226","594606264685919","1229125012382256","",""
"1227","757989986692540","1229125012382256","",""
"1228","1128704737609004","1229125012382256","",""
"1229","1272557250166706","1229125012382256","",""
"1230","1210250305509510","1229125012382256","",""
"1231","1217211341955511","1229125012382256","",""
"1232","1113342189645613","1229125012382256","",""
"1233","906124615204603","1229125012382256","",""
"1234","540866542533436","1229125012382256","",""
"1235","1219965481612856","1234712878569481","",""
"1236","770578690423338","1244950937733688","",""
"1237","911914210711611","1254911425764687","",""
"1238","834804986562892","1256965892026432","",""
"1239","627561586053944","1256965892026432","",""
"1240","1297938251275210","1256965892026432","",""
"1241","1153101336983128","1256965892026432","",""
"1242","1106228409807836","1256727763545930","",""
"1243","838177939625042","1281750858967159","",""
"1244","1079995367180066","1288279633292554","",""
"1245","980051444166145","1288279633292554","",""
"1246","604818206550536","1288279633292554","",""
"1247","1093343173920146","1288279633292554","",""
"1248","1257314642932231","1288279633292554","",""
"1249","1204018684568425","1288279633292554","",""
"1250","1174738273256108","1288279633292554","",""
"1251","680562197957511","1288279633292554","",""
"1252","676934928364883","1288279633292554","",""
"1253","1178657807139643","1288279633292554","",""
"1254","605385202624201","1300680852398273","",""
"1255","991462076076973","1300680852398273","",""
"1256","739062573866794","1300680852398273","",""
"1257","1003036537750667","1300680852398273","",""
"1258","643156433763559","1300680852398273","",""
"1259","1107276468708862","1300680852398273","",""
"1260","1259262671692605","1238448877297113","",""
"1261","1281873572081806","1265664741921509","",""
"1262","1126118557955040","1265146554354445","",""
"1263","1048984129419777","1268767777910385","",""
"1264","778121485505827","1268767777910385","",""
"1265","864041028832460","1268767777910385","",""
"1266","1134389546347902","1268767777910385","",""
"1267","891245636047663","1268767777910385","",""
"1268","953570402846759","1268767777910385","",""
"1269","1049005398980524","1268767777910385","",""
"1270","1200612658418419","1275875687653401","",""
"1271","1015257402861824","1275875687653401","",""
"1272","1098985564159984","1277241392450656","",""
"1273","1279930862215019","1293912126788785","",""
"1274","857853579878864","1290607971551229","",""
"1275","754147676615710","1290607971551229","",""
"1276","929072757628683","1290607971551229","",""
"1277","1316670958147366","1290607971551229","",""
"1278","839695327342121","1290607971551229","",""
"1279","1096695050630138","1290607971551229","",""
"1280","1186669715768214","1290607971551229","",""
"1281","943806798890403","1290607971551229","",""
"1282","1122934207742346","1290607971551229","",""
"1283","1286870063123571","1290607971551229","",""
"1284","1276490106012366","1293778561897850","",""
"1285","848785574110592","1300148679182763","",""
"1286","960664065602895","1300148679182763","",""
"1287","926618827303169","1300148679182763","",""
"1288","718763768520855","1300148679182763","",""
"1289","1279930862215019","1302923938383278","",""
"1290","573712074661708","1308978850099054","",""
"1291","1225681361275050","1308978850099054","",""
"1292","915604912347301","1308978850099054","",""
"1293","1107196998383990","1308978850099054","",""
"1294","564257031952303","1308978850099054","",""
"1295","871369531788799","1310292948668779","",""
"1296","833348686999567","1310292948668779","",""
"1297","1049343334916651","1310292948668779","",""
"1298","1066076138766405","1255678509180882","",""
"1299","992653786137258","1254564997682888","",""
"1300","911214413937448","1254564997682888","",""
"1301","1300315858753679","1298721668049434","",""
"1302","1105712633636720","1298721668049434","",""
"1303","660905682344295","1298721668049434","",""
"1304","572554560594709","1298721668049434","",""
"1305","745288994645838","1298721668049434","",""
"1306","856224619170449","1298721668049434","",""
"1308","1019809336799909","1308941416990463","",""
"1309","854557082490435","1308941416990463","",""
"1310","637799341696955","1311734614958207","",""
"1311","624670942302096","1311734614958207","",""
"1312","810322998076695","1311734614958207","",""
"1313","1161698203083101","1311734614958207","",""
"1314","685001040442233","1311734614958207","",""
"1315","1262768275437970","1316447801383721","",""
"1316","826724564530855","1316447801383721","",""
"1317","783958686086923","1267351968914473","",""
"1318","1275679223903759","1275681199014965","",""
"1319","1331448293255479","1275681199014965","",""
"1320","910488601528452","1275681199014965","",""
"1321","1298470590884073","1284225932067215","",""
"1322","976249584318959","1284225932067215","",""
"1323","1238104857551012","1284225932067215","",""
"1324","826183970673949","1284225932067215","",""
"1325","1138627636801968","1284225932067215","",""
"1326","1169733605000890","1284225932067215","",""
"1327","873315756007935","1284225932067215","",""
"1328","1184021119607946","1291366300573340","",""
"1329","631582174906714","1291071949989321","",""
"1330","824403148838289","1299338469288302","",""
"1331","1222343403264201","1299338469288302","",""
"1332","878241423610257","1303752667411984","",""
"1333","914082352772982","1322090852277647","",""
"1334","1118736926815724","1325771402285250","",""
"1335","1311425782447298","1325771402285250","",""
"1336","1257941540805584","1325771402285250","",""
"1337","852528117694344","1325771402285250","",""
"1338","1234290234728766","1286093295268135","",""
"1339","969104577757425","1296251303907751","",""
"1340","598047692449891","1296251303907751","",""
"1341","1231068953747206","1296251303907751","",""
"1342","874713157662589","1296251303907751","",""
"1343","977353834463418","1296251303907751","",""
"1344","659435743428113","1296251303907751","",""
"1345","565370307901606","1296251303907751","",""
"1346","1256701502731901","1301451568803147","",""
"1347","1095497824033311","1329943287198428","",""
"1348","1099208107604478","1329943287198428","",""
"1349","948838805132982","1329943287198428","",""
"1350","1281848063989826","1329943287198428","",""
"1351","952194300736035","1329943287198428","",""
"1352","841673521697595","1329943287198428","",""
"1353","1095945124402776","1329943287198428","",""
"1354","1252999982476801","1329943287198428","",""
"1355","1171107809657948","1329943287198428","",""
"1356","770730332028956","1329943287198428","",""
"1357","1182835937166583","1329943287198428","",""
"1358","1101657033380655","1329943287198428","",""
"1359","1066123564126838","1332591964769871","",""
"1360","1070313721456673","1332964348358325","",""
"1361","850826199765599","1337116758023089","",""
"1362","628701475151017","1341388008462342","",""
"1363","1263413956595979","1341388008462342","",""
"1364","900585535518556","1341388008462342","",""
"1365","892242290030635","1341388008462342","",""
"1366","728933894927396","1341388008462342","",""
"1367","965489949004254","1341388008462342","",""
"1368","967551901351951","1341388008462342","",""
"1369","1158592707921959","1341388008462342","",""
"1370","1162149686222818","1341388008462342","",""
"1371","1338519459730817","1341388008462342","",""
"1372","818888507169972","1341388008462342","",""
"1373","933068702398710","1278302431266659","",""
"1374","789962433738515","1278302431266659","",""
"1375","1242086127856640","1278302431266659","",""
"1376","988423991733213","1278302431266659","",""
"1377","648998547696427","1278302431266659","",""
"1378","1017935677136641","1278302431266659","",""
"1379","665291739064632","1278302431266659","",""
"1380","991942780227581","1278302431266659","",""
"1381","645620379335062","1278302431266659","",""
"1382","623011102913209","1278302431266659","",""
"1383","1263144790142252","1278302431266659","",""
"1384","660686319121862","1278302431266659","",""
"1385","960770573404461","1278302431266659","",""
"1386","1214829481056623","1278657417622868","",""
"1387","927444702701934","1278657417622868","",""
"1388","576738057093594","1280860897671998","",""
"1389","1202173337787980","1293409383366678","",""
"1390","1268436437227362","1297718429442419","",""
"1391","1247087473794460","1306296457806791","",""
"1392","1259262671692605","1311266624329096","",""
"1393","1177007501779839","1312309228605562","",""
"1394","966998420345688","1312309228605562","",""
"1395","757359275699925","1312309228605562","",""
"1396","978727751545440","1312309228605562","",""
"1397","988299332485221","1315928843228750","",""
"1398","906941638249299","1315928843228750","",""
"1399","1128952488713927","1315928843228750","",""
"1400","616328908124765","1332460941034647","",""
"1401","1265103663036314","1344427230539366","",""
"1402","1204094393733512","1352422279870625","",""
"1403","1350703837531671","1352422279870627","",""
"1404","1350703837531672","1352422279870627","",""
"1405","1350703837531673","1352422279870626","",""
"1408","1234728398301372","1352422279870645","",""
"1410","1350703837531674","1352422279870653","",""
"1411","1350703837531675","1352422279870626","",""
"1412","1350703837531676","1352422279870626","",""
"1413","1350703837531677","1352422279870665","",""
"1414","1350703837531678","1352422279870666","",""
"1415","1350703837531679","1352422279870668","",""
"1417","1350703837531680","1352422279870626","",""
"1418","748538600142879","1352422279870679","",""
"1419","905112130077089","1352422279870679","",""
"1420","1210844998367589","1352422279870679","",""
"1421","756512918126172","1352422279870685","",""
"1422","1350703837531681","1352422279870650","",""
"1423","1350703837531681","1352422279870689","",""
"1425","1350703837531681","1352422279870653","",""
"1426","1350703837531683","1200804357675895","",""
"1427","1350703837531684","1200804357675895","",""
"1428","819105625973846","975713005890497","",""
"1429","1350703837531686","1352422279870711","",""
"1430","1350703837531686","1352422279870712","",""
"1431","1350703837531687","1352422279870715","",""
"1432","1350703837531687","1352422279870712","",""
"1433","1350703837531688","1352422279870711","",""
"1434","1350703837531688","1352422279870716","",""
"1435","1171496076891511","1352422279870718","",""
"1436","1246366130479163","1352422279870718","",""
"1437","1231073685933274","1352422279870719","",""
"1438","933051063868149","1352422279870718","",""
"1439","1203534029319840","1352422279870718","",""
"1440","837604202154040","1129938377899457","",""
"1442","940893098849307","1352422279870720","",""
"1443","880643153888927","1352422279870720","",""
"1444","1350703837531692","1352422279870711","",""
"1445","1350703837531692","1352422279870712","",""
"1446","1350703837531694","1352422279870712","",""
"1447","1350703837531694","1352422279870711","",""
"1448","1350703837531696","1352422279870711","",""
"1449","1350703837531696","1352422279870712","",""
"1450","1350703837531689","1352422279870711","",""
"1451","1350703837531689","1352422279870712","",""
"1452","1350703837531690","1352422279870711","",""
"1453","1350703837531690","1352422279870712","",""
"1454","1350703837531695","1352422279870711","",""
"1455","1350703837531695","1352422279870712","",""
"1456","1350703837531691","1352422279870711","",""
"1457","1350703837531691","1352422279870712","",""
"1458","1350703837531697","1352422279870730","",""
"1459","1350703837531697","1352422279870731","",""
"1460","785571229155728","1352422279870732","",""
"1461","1350703837531698","1352422279870736","",""
"1462","1350703837531699","1352422279870736","",""
"1463","1350703837531700","1352422279870738","",""
"1464","1350703837531701","1352422279870736","",""
"1466","1350703837531702","1352422279870743","",""
"1467","1350703837531703","1352422279870744","",""
"1469","956603811443415","1352422279870745","",""
"1470","882977120503000","1352422279870745","",""
"1471","1350703837531704","1352422279870746","",""
"1472","1350703837531705","738691625272988","",""
"1473","1350703837531705","922970555992057","",""
"1474","1350703837531706","738691625272988","",""
"1475","1350703837531706","922970555992057","",""
"1476","1350703837531707","738691625272988","",""
"1477","1350703837531707","922970555992057","",""
"1478","1350703837531708","738691625272988","",""
"1479","1350703837531708","922970555992057","",""
"1480","1350703837531709","1352422279870746","",""
"1481","1350703837531709","1352422279870747","",""
"1482","1350703837531710","1352422279870746","",""
"1483","1350703837531710","1352422279870747","",""
"1484","1350703837531711","1352422279870746","",""
"1485","1350703837531711","1352422279870747","",""
"1486","1182835937166583","1352422279870749","",""
"1487","1182835937166583","1352422279870750","",""
"1488","1206755076792649","1352422279870751","",""
"1489","859847606001066","1352422279870752","",""
"1490","1079413184215525","1239229114627288","",""
"1496","761788898992773","1352422279870760","",""
"1497","1245717986328193","1352422279870760","",""
"1498","795647463619947","1352422279870760","",""
"1499","617717048691003","1352422279870760","",""
"1500","973325735749516","1352422279870760","",""
"1501","761788898992773","1352422279870755","",""
"1502","1245717986328193","1352422279870755","",""
"1503","795647463619947","1352422279870755","",""
"1504","617717048691003","1352422279870755","",""
"1505","973325735749516","1352422279870755","",""
"1506","917340488183103","1352422279870764","",""
"1507","989379893295634","1352422279870766","",""
"1508","1194872069892643","1352422279870767","",""
"1509","1350703837531712","1352422279870765","",""
"1510","912868472017219","1352422279870768","",""
"1511","744532051423737","1352422279870769","",""
"1512","1125987342546107","1352422279870770","",""
"1513","1124640120854271","1352422279870771","",""
"1514","1146482188745759","1352422279870772","",""
"1515","1350703837531713","1352422279870774","",""
"1516","1350703837531714","873080526545396","",""
"1517","1350703837531715","828720521624019","",""
"1518","1350703837531716","873080526545396","",""
"1522","1350703837531717","1352422279870783","",""
"1524","1350703837531725","1352422279870790","",""
"1525","1350703837531725","1352422279870791","",""
"1526","1350703837531726","1352422279870803","",""
"1527","1350703837531727","1352422279870804","",""
"1529","1242062893800378","1352422279870806","",""
"1530","1215666375374993","1352422279870810","",""
"1531","1204195770141501","1352422279870811","",""
"1532","1204195770141501","1352422279870812","",""
"1533","1350703837531735","1352422279870813","",""
"1534","825698319066110","747530458759027","",""
"1535","677821283847495","747530458759027","",""
"1536","858728937671038","747530458759027","",""
"1537","834474801815094","975713005890497","",""
"1538","1350703837531748","1352422279870852","",""
"1539","1350703837531730","1352422279870854","",""
"1540","1350703837531750","1352422279870853","",""
"1541","612333310679780","1352422279870872","",""
"1542","1350703837531762","1352422279870882","",""
"1543","1350703837531770","1352422279870900","",""
"1544","1350703837531771","1352422279870901","",""
"1545","1350703837531772","1352422279870901","",""
"1546","1350703837531773","1352422279870901","",""
"1547","1350703837531774","1352422279870901","",""
"1548","1350703837531775","1352422279870901","",""
"1549","1350703837531779","1352422279870907","",""
"1550","1350703837531780","1352422279870907","",""
"1551","1350703837531781","1352422279870907","",""
"1552","1350703837531782","1352422279870960","",""
"1553","1350703837531784","956487895866825","",""
"1554","1350703837531784","1352422279870963","",""
"1555","1350703837531785","956487895866825","",""
"1556","1350703837531785","1352422279870963","",""
"1557","1350703837531786","956487895866825","",""
"1558","1350703837531786","1352422279870963","",""
"1559","1350703837531787","956487895866825","",""
"1560","1350703837531787","1352422279870963","",""
"1561","1350703837531788","956487895866825","",""
"1562","1350703837531788","1352422279870963","",""
"1563","1350703837531789","1352422279870964","",""
"1564","1350703837531789","956487895866825","",""
"1565","1350703837531789","1352422279870963","",""
"1566","1350703837531790","956487895866825","",""
"1567","1350703837531790","1352422279870963","",""
"1568","1350703837531759","1352422279870881","",""
"1569","1350703837531793","1352422279870968","",""
"1570","1350703837531794","1352422279870968","",""
"1571","1350703837531795","1352422279870968","",""
"1572","1350703837531796","1352422279870969","",""
"1573","1350703837531796","1352422279870970","",""
"1574","1350703837531797","1352422279870971","",""
"1575","1350703837531798","1352422279870971","",""
"1576","1350703837531799","1352422279870971","",""
"1577","1350703837531800","1352422279870972","",""
"1578","1350703837531801","1352422279870972","",""
"1579","1350703837531802","1352422279870972","",""
"1580","1350703837531803","1352422279870972","",""
"1581","1350703837531805","1352422279870977","",""
"1582","1350703837531806","1352422279870977","",""
"1583","1350703837531807","1352422279870977","",""
"1584","1350703837531808","1352422279870977","",""
"1585","1350703837531809","802443867007966","",""
"1586","1350703837531818","1352422279871005","",""
"1587","1350703837531818","1352422279871006","",""
"1588","1350703837531819","1352422279871005","",""
"1589","1350703837531819","1352422279871006","",""
"1590","1350703837531820","1352422279871005","",""
"1591","1350703837531820","1352422279871006","",""
"1592","1350703837531821","1352422279871005","",""
"1593","1350703837531821","1352422279871006","",""
"1594","1350703837531822","1352422279871005","",""
"1595","1350703837531822","1352422279871006","",""
"1596","1350703837531823","1352422279871005","",""
"1597","1350703837531823","1352422279871006","",""
"1598","1350703837531824","1352422279871005","",""
"1599","1350703837531824","1352422279871006","",""
"1600","1350703837531825","1352422279871005","",""
"1601","1350703837531825","1352422279871006","",""
"1602","1350703837531826","1352422279871007","",""
"1603","1350703837531827","1352422279871007","",""
"1604","1350703837531828","1352422279871009","",""
"1605","1350703837531829","1352422279871009","",""
"1606","1350703837531830","1352422279871010","",""
"1607","1350703837531832","1352422279871016","",""
"1608","1350703837531833","1352422279871016","",""
"1609","1350703837531834","1352422279871016","",""
"1610","1350703837531835","1352422279871016","",""
"1611","1350703837531836","1352422279871020","",""
"1612","1350703837531855","1352422279871028","",""
"1613","1350703837531859","1352422279871031","",""
"1614","1350703837531860","1352422279871031","",""
"1615","1350703837531861","1352422279871036","",""
"1616","1350703837531861","1352422279871037","",""
"1617","1350703837531862","1352422279871040","",""
"1618","1350703837531813","1352422279871042","",""
"1619","1350703837531879","777478975973746","",""
"1620","1350703837531880","1149168599826111","",""
"1621","1350703837531882","1352422279871045","",""
"1622","1350703837531883","1352422279871048","",""
"1623","1350703837531884","1352422279871049","",""
"1624","1350703837531885","1352422279871050","",""
"1625","1350703837531886","1352422279871052","",""
"1626","1350703837531887","1352422279871052","",""
"1627","1350703837531893","596791445605697","",""
"1628","1350703837531891","596791445605697","",""
"1629","1135547983717044","649917070803582","",""
"1630","659175264242163","649917070803582","",""
"1631","1317811461953516","649917070803582","",""
"1632","967262538035937","649917070803582","",""
"1633","1350703837531898","1184404603277324","",""
"1634","1350703837531899","1110274733413246","",""
"1635","1350703837531900","1104215723708170","",""
"1636","1350703837531901","1352422279871077","",""
"1637","1350703837531902","1352422279871078","",""
"1638","1350703837531903","1352422279871079","",""
"1639","1350703837531904","1352422279871080","",""
"1640","1350703837531905","801558020367834","",""
"1641","1350703837531906","1352422279871062","",""
"1642","1350703837531907","1352422279871062","",""
"1643","1350703837531907","1352422279871063","",""
"1644","1350703837531907","1352422279871064","",""
"1645","1350703837531908","1352422279871063","",""
"1646","1350703837531915","1352422279871082","",""
"1647","1350703837531916","1352422279871084","",""
"1648","1350703837531917","1352422279871084","",""
"1649","1350703837531918","1352422279871084","",""
"1650","1350703837531919","1352422279871084","",""
"1651","1350703837531920","1352422279871084","",""
"1652","1350703837531921","1352422279871084","",""
"1653","1350703837531923","1352422279871085","",""
"1654","1350703837531923","1352422279871088","",""
"1655","1350703837531925","1352422279871089","",""
"1656","1350703837531930","1352422279871096","",""
"1657","1350703837531930","1352422279871097","",""
"1658","1350703837531931","1352422279871096","",""
"1659","1350703837531932","1352422279871098","",""
"1660","1350703837531932","1352422279871099","",""
"1661","1350703837531932","1352422279871100","",""
"1662","1350703837531932","1352422279871101","",""
"1663","1350703837531940","1352422279871105","",""
"1664","1350703837531941","1352422279871106","",""
"1665","1350703837531942","1352422279871107","",""
"1666","1350703837531942","1352422279871108","",""
"1667","1350703837531943","1352422279871107","",""
"1668","1350703837531943","1352422279871108","",""
"1669","1350703837531944","1352422279871111","",""
"1670","1350703837531945","1352422279871111","",""
"1671","1350703837531946","1352422279871111","",""
"1672","1350703837531947","1352422279871111","",""
"1673","1350703837531948","1352422279871109","",""
"1674","1350703837531949","1352422279871109","",""
"1675","1350703837531950","1352422279871109","",""
"1676","1350703837531951","1352422279871113","",""
"1677","1350703837531951","1352422279871114","",""
"1678","1350703837531957","1352422279871117","",""
"1679","1350703837531960","1352422279871121","",""
"1680","1350703837531960","1352422279871122","",""
"1681","1350703837531960","1352422279871123","",""
"1682","1350703837531961","1352422279871121","",""
"1683","1350703837531961","1352422279871122","",""
"1684","1350703837531961","1352422279871123","",""
"1685","1350703837531962","1352422279871121","",""
"1686","1350703837531962","1352422279871122","",""
"1687","1350703837531962","1352422279871123","",""
"1688","1350703837531963","1352422279871124","",""
"1689","1350703837531965","1352422279871126","",""
"1690","1350703837531965","1352422279871125","",""
"1691","1350703837531966","1352422279871127","",""
"1692","1350703837531967","1352422279871127","",""
"1693","1350703837531969","1352422279871128","",""
"1694","1350703837531969","1352422279871129","",""
"1695","1350703837531969","1352422279871130","",""
"1696","1350703837531970","1352422279871128","",""
"1697","1350703837531970","1352422279871129","",""
"1698","1350703837531970","1352422279871130","",""
"1699","1350703837531971","1352422279871128","",""
"1700","1350703837531971","1352422279871129","",""
"1701","1350703837531971","1352422279871130","",""
"1702","1350703837531972","1352422279871128","",""
"1703","1350703837531972","1352422279871129","",""
"1704","1350703837531972","1352422279871130","",""
"1705","1350703837531973","1352422279871131","",""
"1706","1350703837531974","1352422279871133","",""
"1707","1350703837531975","1352422279871133","",""
"1708","1350703837531976","1352422279871133","",""
"1709","1350703837531977","1352422279871133","",""
"1710","1350703837531978","1352422279871133","",""
"1711","1350703837532001","1352422279871152","",""
"1712","1350703837532002","1352422279871157","",""
"1713","1350703837532003","1352422279871155","",""
"1714","1350703837532004","1116950121770810","",""
"1715","1350703837532005","1352422279871163","",""
"1716","1350703837532005","1352422279871160","",""
"1717","1350703837532005","1352422279871162","",""
"1718","1350703837532005","1352422279871168","",""
"1719","1350703837532005","1352422279871161","",""
"1720","1350703837532006","1352422279871169","",""
"1721","1350703837532007","1352422279871170","",""
"1722","1350703837532007","1352422279871171","",""
"1723","1350703837532008","1352422279871172","",""
"1724","1350703837532009","1352422279871172","",""
"1725","1350703837532012","814559429952530","",""
"1726","1350703837532013","1352422279871176","",""
"1727","1350703837532014","1352422279871177","",""
"1728","1350703837532015","1352422279871178","",""
"1729","1350703837532016","1352422279871179","",""
"1730","1350703837532017","1352422279871178","",""
"1731","1350703837532018","1352422279871187","",""
"1732","1350703837532019","1352422279871190","",""
"1733","1350703837532019","1352422279871191","",""
"1734","1350703837532019","1352422279871189","",""
"1735","1350703837532021","1352422279871202","",""
"1736","1350703837532022","1352422279871203","",""
"1737","1350703837532023","1352422279871203","",""
"1738","1350703837532024","1352422279871205","",""
"1739","1350703837532025","1352422279871205","",""
"1740","1350703837532026","1352422279871206","",""
"1741","1350703837532027","1352422279871206","",""
"1742","1350703837532028","1352422279871206","",""
"1743","1350703837532029","1352422279871208","",""
"1744","1350703837532029","1352422279871209","",""
"1745","1350703837532030","1352422279871208","",""
"1746","1350703837532030","1352422279871209","",""
"1747","1350703837532031","1352422279871208","",""
"1748","1350703837532031","1352422279871209","",""
"1749","1350703837532033","1352422279871210","",""
"1750","1350703837532034","1352422279871210","",""
"1751","1350703837532035","1352422279871211","",""
"1752","1350703837532036","1168415490122375","",""
"1753","1350703837532039","1352422279871214","",""
"1754","1350703837532040","1352422279871222","",""
"1755","1350703837532040","1352422279871227","",""
"1756","1350703837532041","1352422279871231","",""
"1757","1350703837532041","1352422279871234","",""
"1758","1350703837531728","1200804357675895","",""
"1759","1350703837531728","1352422279871343","",""
"1760","1350703837532050","1352422279871345","",""
"1761","1350703837532051","1135843081310403","",""
"1762","1350703837532052","1352422279871347","",""
"1763","1350703837532053","1352422279871348","",""
"1764","1350703837532053","1352422279871349","",""
"1765","1350703837532056","1352422279871360","",""
"1766","1350703837532057","1352422279871360","",""
"1767","1350703837532058","1352422279871360","",""
"1768","1350703837532059","1352422279871360","",""
"1769","1350703837532060","1352422279871361","",""
"1770","1350703837532065","1352422279871362","",""
"1772","1350703837532073","1352422279871374","",""
"1773","1350703837532074","1352422279871374","",""
"1774","1350703837532075","1352422279871377","",""
"1775","1350703837532084","1352422279871386","",""
"1776","819907567165668","1352422279871604","",""
"1777","1350703837532124","1352422279871608","",""
"1778","1350703837532124","1352422279871609","",""
"1779","1350703837532125","1352422279871589","",""
"1780","1350703837532136","548927498605853","",""
"1782","1350703837532187","1352422279871703","",""
"1783","619060926571379","1352422279871705","",""
"1784","795565312115643","649917070803582","",""
"1785","1350703837532226","1352422279871756","",""
"1786","1350703837532227","1352422279871756","",""
"1787","1350703837532228","1352422279871756","",""
"1788","1350703837532286","1352422279871851","",""
