id,organization_id,service_id,service_at_location_id,name,title,department,email
599277120211615,1078800059400169,0,,"Linda Irizarry","Special Projects Coordinator",,linda.Irizarry@dc.gov
639238471633901,1206510419155059,0,,"Donnie Hampton","SE Social Services Supervisor",,
806301770553211,1235669446637932,0,,"Yanet Hernandez",,,yhernandez@upo.org
826506624135946,1160038998115387,0,,"Jacque Waller","Valenti House Supervisor",,
904672901037838,1235669446637932,0,,"Francis Monroe",,,
1015039445626990,1235669446637932,0,,"Luline Almonacy",,,
1067219939427992,1169767322641878,0,,"Jordan Kemmer",,"HITE Program",
1124654739408602,1315578558618439,0,,"Barbara Paulson",,,barbara.paulson@dc.gov
1154482166971509,1098153529407228,0,,"Karen Peterson","HUH CARES Program Manager",,
1133954302621450,1160038998115387,0,,"Nieshia Kornega","SIL Residential Lead",,
1144275109273533,1235669446637932,0,,"De Angelo Rorie","UPO Youth Services Division Director","Youth Services",
1176498717238569,1235669446637932,0,,"Cheryl Christmas","Foster Grandparent Program Director",,
1181406845041590,643509042901798,0,,"Golden Triangle BID Dispatch",,,BBB1650Dispatch@blockbyblock.com
1237120169978885,643509042901798,0,,"Downtown DC BID Dispatch",,,dispatch@downtowndc.org
1320365488464259,1160038998115387,0,,"Alkita Alhanssary","Holly House Supervisor",,aalhanssary@woodleyhouse.org
1342972404043178,1281888937730435,,,Test,Test,Test,TEst
5,1078800059400169,0,,"Linda Irizarry","Special Projects Coordinator",,linda.Irizarry@dc.gov
14,1206510419155059,0,,"Donnie Hampton","SE Social Services Supervisor",,
29,1235669446637932,0,,"Yanet Hernandez",,,yhernandez@upo.org
30,1160038998115387,0,,"Jacque Waller","Valenti House Supervisor",,
37,1235669446637932,0,,"Francis Monroe",,,
47,1235669446637932,0,,"Luline Almonacy",,,
53,1169767322641878,0,,"Jordan Kemmer",,"HITE Program",
62,1315578558618439,0,,"Barbara Paulson",,,barbara.paulson@dc.gov
63,1098153529407228,0,,"Karen Peterson","HUH CARES Program Manager",,
64,1160038998115387,0,,"Nieshia Kornega","SIL Residential Lead",,
67,1235669446637932,0,,"De Angelo Rorie","UPO Youth Services Division Director","Youth Services",
74,1235669446637932,0,,"Cheryl Christmas","Foster Grandparent Program Director",,
76,643509042901798,0,,"Golden Triangle BID Dispatch",,,BBB1650Dispatch@blockbyblock.com
83,643509042901798,0,,"Downtown DC BID Dispatch",,,dispatch@downtowndc.org
90,1160038998115387,0,,"Alkita Alhanssary","Holly House Supervisor",,aalhanssary@woodleyhouse.org
94,1281888937730435,,,Test,Test,Test,TEst
5,1078800059400169,0,,"Linda Irizarry","Special Projects Coordinator",,linda.Irizarry@dc.gov
14,1206510419155059,0,,"Donnie Hampton","SE Social Services Supervisor",,
29,1235669446637932,0,,"Yanet Hernandez",,,yhernandez@upo.org
30,1160038998115387,0,,"Jacque Waller","Valenti House Supervisor",,
37,1235669446637932,0,,"Francis Monroe",,,
47,1235669446637932,0,,"Luline Almonacy",,,
53,1169767322641878,0,,"Jordan Kemmer",,"HITE Program",
62,1315578558618439,0,,"Barbara Paulson",,,barbara.paulson@dc.gov
63,1098153529407228,0,,"Karen Peterson","HUH CARES Program Manager",,
64,1160038998115387,0,,"Nieshia Kornega","SIL Residential Lead",,
67,1235669446637932,0,,"De Angelo Rorie","UPO Youth Services Division Director","Youth Services",
74,1235669446637932,0,,"Cheryl Christmas","Foster Grandparent Program Director",,
76,643509042901798,0,,"Golden Triangle BID Dispatch",,,BBB1650Dispatch@blockbyblock.com
83,643509042901798,0,,"Downtown DC BID Dispatch",,,dispatch@downtowndc.org
90,1160038998115387,0,,"Alkita Alhanssary","Holly House Supervisor",,aalhanssary@woodleyhouse.org
94,1281888937730435,,,Test,Test,Test,TEst
5,1078800059400169,0,,"Linda Irizarry","Special Projects Coordinator",,linda.Irizarry@dc.gov
14,1206510419155059,0,,"Donnie Hampton","SE Social Services Supervisor",,
29,1235669446637932,0,,"Yanet Hernandez",,,yhernandez@upo.org
30,1160038998115387,0,,"Jacque Waller","Valenti House Supervisor",,
37,1235669446637932,0,,"Francis Monroe",,,
47,1235669446637932,0,,"Luline Almonacy",,,
53,1169767322641878,0,,"Jordan Kemmer",,"HITE Program",
62,1315578558618439,0,,"Barbara Paulson",,,barbara.paulson@dc.gov
63,1098153529407228,0,,"Karen Peterson","HUH CARES Program Manager",,
64,1160038998115387,0,,"Nieshia Kornega","SIL Residential Lead",,
67,1235669446637932,0,,"De Angelo Rorie","UPO Youth Services Division Director","Youth Services",
74,1235669446637932,0,,"Cheryl Christmas","Foster Grandparent Program Director",,
76,643509042901798,0,,"Golden Triangle BID Dispatch",,,BBB1650Dispatch@blockbyblock.com
83,643509042901798,0,,"Downtown DC BID Dispatch",,,dispatch@downtowndc.org
90,1160038998115387,0,,"Alkita Alhanssary","Holly House Supervisor",,aalhanssary@woodleyhouse.org
94,1281888937730435,,,Test,Test,Test,TEst
