id,location_id,attention,address_1,address_2,address_3,address_4,city,region,state_province,postal_code,country
591926459523505,843887752849047,,"8720 Georgia Avenue, Suite 705",,,,"Silver Spring",,MD,20910,US
558771591661145,1120053867178665,,"651 Pennsylvania Ave SE",,,,Washington,,DC,20003,US
581241517123611,957520333540238,,"3240 Stanton Road SE",,,,Washington,,DC,20020,US
584258227889674,816235551756131,,"2041 Martin Luther King Ave SE",,,,Washington,,DC,20020,US
590277710388420,901594639817796,,"3912 Georgia Avenue",,,,Washington,,DC,20011,US
607535323277785,557094579799532,,"2101 14th Street SE",,,,Washington,,DC,20003,US
608429847924614,636884985267395,,"6825 Georgia Avenue NW",,,,Washington,,DC,20012,US
615343807301958,1115108116176359,,"50 49th Street NE",,,,Washington,,DC,20019,US
622792920044728,1293267778021809,,"4900 Puerto Rico Avenue NE",,,,Washington,,DC,20017,US
602770380079783,1261462848590883,,"4930 Connecticut Avenue NW",,,,Washington,,DC,20008,US
623054338448014,1209862604521984,,"1342 Florida Avenue NE",,,,Washington,,DC,20002,US
619132329270259,1200713312530612,,"5401 South Dakota Avenue NE",,,,Washington,,DC,20011,US
617773902702459,938559947702992,,"1200 G Street, NW",,,,Washington,,DC,20005,US
594746745000072,849821356417378,,"101 Atlantic Street SE",,,,Washington,,DC,20032,US
600722845496203,1094057138771894,,"330 7th Street NE",,,,Washington,,DC,20002,US
602013012418112,1198692764026642,,"9401 Old Georgetown Road",,,,Bethesda,,MD,20814,US
628341810887409,1098092408059985,,"155 L Street NW",,,,Washington,,DC,20001,US
630189093459484,1247065547409159,,"3166 Mt Pleasant St. NW",,,,Washington,,DC,20010,US
607841321991818,1118017178735628,,"1990 K Street NW",,,,Washington,,DC,20006,US
606691178479516,1021458214239224,,"5255 Loughboro Rd NW",,,,Washington,,DC,20016,US
623980338427834,1091354780708194,,"1320 Mississippi Avenue, SE",,,,Washington,,DC,20032,US
600813147654170,780622753430249,,"3020 14th Street NW",,,,Washington,,DC,20009,US
615754001734322,610544508126672,,"1717 Columbia Road NW",,,,Washington,,DC,20009,US
632887211171682,825613990987555,,"1200 U St NW",,,,Washington,,DC,20009,US
658580381720705,819741028296646,,"64 New York Ave NE",,,,Washington,,DC,20002,US
658580381720705,1233404465582125,,"64 New York Ave NE",,,,Washington,,DC,20002,US
641281670998932,1060230665027262,,"3029 Martin Luther King, Jr. Ave SE",,,,Washington,,DC,20032,US
650938280347091,987580985223381,,"5625 Connecticut Avenue NW",,,,Washington,,DC,20015,US
660579084943518,832529372572869,,"5335 Wisconsin Ave NW",,,,Washington,,DC,20015,US
623483554226574,577218861870418,,"12196 Sunset Hills Road",,,,Reston,,VA,20190,US
635194760040908,624908178427639,,"2000 14th Street, NW, 5th Floor",,,,Washington,,DC,20009,US
668717042532154,865540109803591,,"1340 Rhode Island Avenue NE",,,,Washington,,DC,20018,US
672688689633830,1229706459709655,,"765 Kenilworth Terrace NE",,,,Washington,,DC,20019,US
685743545045067,980257350381118,,"14995 Shady Grove Road, Suite 200 ",,,,Rockville,,MD,20850,US
687699147533037,815051886893035,,"9440 Marlboro Pike",,,,"Upper Marlboro",,MD,20772,US
630045920855590,970983517110031,,"1105 50th St., N.E.",,,,Washington,,DC,20019,US
635968025390902,1246425051489068,,"2531 Sherman Avenue NW",,,,Washington,,DC,20001,US
658658328474048,1274660264568428,,"6856 Eastern Ave NW, Suite 300",,,,Washington,,DC,20012,US
677738893504468,1116757915659329,,"2831 15th St NW",,,,Washington,,DC,20009,US
678389102808498,591956672701732,,"1012 14th Street, NW, Suite 700",,,,Washington,,DC,20005,US
686044100917049,849014976212155,,"2711 Connecticut Ave NW",,,,Washington,,DC,20008,US
697965079239989,636848661261240,,"2375 Elvans Rd. SE",,,,Washington,,DC,20020,US
719391470274062,969410719625582,,"115 Atlantic Street SW",,,,Washington,,DC,20032,US
730523059624038,1091301498101680,,"15245 Shady Grove Road",,,,Rockville,,MD,20850,US
734118238049434,634604766992517,,"3211 Sacred Heart Way",,,,Washington,,DC,20010,US
729329434085690,1219894388566981,,"1525 14th St NW Washington",,,,Washington,,DC,20005,US
736104421703506,991654914903385,,"1325 W Street, NW",,,,Washington,,DC,20009,US
758769305327957,910674112866949,,"5650 Oakmont Avenue",,,,Bethesda,,MD,20817,US
734058533341446,670763981366130,,"1200 First Street NE",,,,Washington,,DC,20002,US
738845486283459,1285677988970642,,"1617 U Street NW",,,,Washington,,DC,20009,US
784159274553672,584764537637617,,"2100 Martin Luther King Avenue SE",,,,Washington,,DC,20020,US
747206662074907,1190992226347185,,"801 Pennsylvania Ave SE",,,,Washington,,DC,20003,US
758202120336301,569762980024499,,"1731 Bunker Hill Road, NE",,,,Washington,,DC,20017,US
758202120336301,646112200857058,,"1731 Bunker Hill Road, NE",,,,Washington,,DC,20017,US
766037671807264,1168801998093900,,"4450 Wisconsin Avenue NW",,,,Washington,,DC,20016,US
791236860915802,1089431432526337,,"6600 Laurel Bowie Road",,,,Bowie,,MD,20715,US
783095640816156,857483351214468,,"1413 Girard Street, NW",,,,Washington,,DC,20009,US
808918445165876,950665445636496,,"5028 Wisconsin Ave NW",,,,Washington,,DC,20016,US
750182888138367,991046422392107,,"3912 Georgia Ave NW",,,,Washington,,DC,20011,US
752490816891424,1012693305656130,,"901 G Street NW",,,,Washington,,DC,20001,US
776210300788898,1220403887966540,,"3935 Benning Road NE",,,,Washington,,DC,20019,US
778820650741473,665537720302910,,"1022 Maryland Ave NE",,,,Washington,,DC,20002,US
778820650741473,693867662447380,,"1022 Maryland Ave NE",,,,Washington,,DC,20002,US
797735121188541,712658990764743,,"415 2nd Street NE",,,,Washington,,DC,20002,US
782663284558293,1288442867873978,,"2907 Martin Luther King Jr Ave SE",,,,Washington,,DC,20032,US
786143725434715,972271189983680,,"9850 Key West Avenue",,,,Rockville,,MD,20850,US
783162154650070,1061235909513521,,"500 K Street NE",,,,Washington,,DC,20002,US
781385730081935,1209346136301236,,"219 Riggs Road",,,,Washington,,DC,20011,US
787024441457406,1159744769911269,,"555 L Street SE",,,,Washington,,DC," 20003",US
792837578790856,1191500192034471,,"9850 Key West Ave",,,,Rockville,,MD,20850,US
797095276624429,1303213322109189,,"2301 Martin Luther King Jr. Ave SE",,,,Washington,,DC,20020,US
793294459218082,935244522535810,,"1547 Alabama Avenue SE",,,,Washington,,DC,20032,US
811181965374068,800464838128526,,"2700 Martin Luther King Jr. Avenue SE",,,,Washington,,DC,20032,US
817796784415201,1182708981110979,,"899 N Capitol St NE",,,,Washington,,DC,20002,US
815678797015870,1129247879259176,,"2119 G Street NW",,,,Washington,,DC,20037,US
818421938661984,810077928064262,,"1801 Hamlin Street NE",,,,Washington,,DC,20018,US
855414328374137,1035196061179073,,"1630 7th Street NW",,,,Washington,,DC,20001,US
801589347975855,779234665793356,,"2422 North Fillmore Street",,,,Arlington,,VA,22201,US
801363455011364,848643167597481,,"425 2nd St NW",,,,Washington,,DC,20001,US
801363455011364,1044411535350668,,"425 2nd St NW",,,,Washington,,DC,20001,US
801363455011364,1288607908643209,,"425 2nd St NW",,,,Washington,,DC,20001,US
807937964671680,800069869376535,,"3101 Martin Luther King Jr Ave SE",,,,Washington,,DC,20032,US
838664629382559,853177830631548,,"3715 2nd Street, SE",,,,Washington,,DC,20032,US
852256433731164,841012551878129,,"1525 7th St NW",,,,Washington,,DC,20001,US
868990014453285,1143767333255844,,"400 E Street SW",,,,Washington,,DC,20024,US
813582059890260,693037857857932,,"1338 North Capitol St NW",,,,Washington,,DC,20002,US
814164678263538,1183173298558849,,"601 E St NW",,,,Washington,,DC,20049,US
836892954781691,903980033462689,,"4801 North Capitol Street NE",,,,Washington,,DC,20011,US
838488296850768,770924552273178,,"6301 Greentree Road",,,,Bethesda,,MD,20817,US
843557435036966,1142163554566402,,"71 O St NW",,,,Washington,,DC,20001,US
856199027563788,1117618456680683,,"1101 Half Street SW",,,,Washington,,DC,20024,US
820817860027881,1043993116448952,,"110 Irving St., NW",,,,Washington,,DC,20010,US
826078683584665,888565255284134,,"2813 Pennsylvania Avenue SE",,,,Washington,,DC,20020,US
855618727774805,1255666996034353,,"1338 G Street SE",,,,Washington,,DC,20003,US
861101318449916,602194922558765,,"1377 R St. NW",,,,Washington,,DC,20009,US
865953449064835,1140130619656796,,"1905 E St SE",,,,Washington,,DC,20003,US
881121860903887,1159353858034099,,"810 5th Street NW",,,,Washington,,DC,20001,US
881121860903887,1225318904357849,,"810 5th Street NW",,,,Washington,,DC,20001,US
906697694533879,590104892784839,,"1207 Taylor Street NW",,,,Washington,,DC,20011,US
894904473977360,1281896636126927,,"1520 C Street SE",,,,Washington,,DC,20003,US
905037261346524,1172909242301924,,"1438 Rhode Island Avenue NE",,,,Washington,,DC,20018,US
874939942828607,849213479290179,,"15th St NW & K Street Northwest",,,,Washington,,DC,20005,US
901720689361729,1312052344982531,,"807 2nd St, NW",,,,Washington,,DC,20001,US
911296474107046,748318220525650,,"4200 Kansas Avenue NW",,,,Washington,,DC,20011,US
900274267215840,906614178779692,,"624 West Church Road",,,,Sterling,,VA,20164,US
948876011596931,1146850101014457,,"2333 Ontario Rd NW",,,,Washington,,DC,20009,US
886665393820928,1214902198182923,,"915 Rhode Island Avenue",,,,Washington,,DC,20001,US
895461555540917,1123778264785628,,"3160 16th Street NW",,,,Washington,,DC,20010,US
899256974639291,1096322006760905,,"5001 Central Avenue SE",,,,Washington,,DC,20019,US
904876794525199,953875575104132,,"100 Gallatin Street NE",,,,Washington,,DC,20011,US
910588942573711,1168148392185022,,"3023 Hamaker Court",,,,Fairfax,,VA,22031,US
920336761856377,920613426512187,,"1906 Allison Street, NE",,,,Washington,,DC,20018,US
922203556759265,1077472017140637,,"201 E Diamond Avenue, 3rd Floor",,,,Gaithersburg,,MD,20877,US
948106668374078,1166119497090312,,"641 46th Street SE, Unit 12",,,,Washington,,DC,20019,US
964748335045437,813552424554778,,"1101 Vermont Avenue, NW, Suite 1200",,,,Washington,,DC,20005,US
913104154166882,890225932378329,,"900 Wesley Place SW",,,,Washington,,DC,20024,US
932050155937690,945974432326654,,"4414 Benning Road NE",,,,Washington,,DC,20019,US
943403778369532,673635399946198,,"441 4th Street NW, 900S",,,,Washington,,DC,20001,US
962503597996582,877840974751997,,"301 Rhode Island Ave NW",,,,Washington,,DC,20001,US
933661659739848,990336044058622,,"3412 Dent Place NW",,,,Washington,,DC,20007,US
985764934104319,553317561400491,,"2041 Georgia Ave NW",,,,Washington,,DC,20060,US
987761447471902,1268130794771257,,"75 P St NE",,,,Washington,,DC,20002,US
967215957608908,950611509071482,,"26B Fairfax Street SE",,,,Leesburg,,VA,20175,US
977001215142371,622769721428949,,"3522 Connecticut Avenue NW",,,,Washington,,DC,20008,US
978661487781674,1252910195472458,,"2425 Irving Street SE",,,,Washington,,DC,20020,US
980577201887269,1279229683648851,,"4 Atlantic Street, SW",,,,Washington,,DC,20032,US
978180405447467,867088492370349,,"4049 South Capitol Street SW",,,,Washington,,DC,20032,US
989449353309073,789483190572876,,"4300 Wisconsin Avenue NW",,,,Washington,,DC,20016,US
1012625127124230,635902575070564,,"439 New Jersey Avenue NW",,,,Washington,,DC,20001,US
988356905203017,783199676002765,,"1313 New York Ave NW, Fifth Floor",,,,Washington,,DC,20005,US
988356905203017,1178936106690461,,"1313 New York Ave NW, Fifth Floor",,,,Washington,,DC,20005,US
988356905203017,1241393389350088,,"1313 New York Ave NW, Fifth Floor",,,,Washington,,DC,20005,US
993962351296479,725060877971150,,"1112 16th St NW #240",,,,Washington,,DC,20036,US
1034208589848107,1256876059595748,,"7420 Georgia Avenue NW",,,,Washington,,DC,20012,US
1054881648694219,658610517897796,,"3420 14th Street NW",,,,Washington,,DC,20010,US
1081030491334688,671699874900293,,"1660 Columbia Road NW",,,,Washington,,DC,20009,US
1073180239579426,1285941015621805,,"3260 R Street NW",,,,Washington,,DC,20007,US
1087409436140251,685641446710222,,"416 Cedar Street NW",,,,Washington,,DC,20012,US
1111486004109298,834036632030985,,"3400 North 13th Street",,,,Arlington,,VA,22201,US
1111486004109298,882293888224112,,"3400 North 13th Street",,,,Arlington,,VA,22201,US
1100921455050231,683981038233399,,"1649 Good Hope Rd SE",,,,Washington,,DC,20020,US
1061063147389149,909412769598597,,"1800 Good Hope Road SE",,,,Washington,,DC,20020,US
1069203720699078,908942274584388,,"111 Michigan Ave NW",,,,Washington,,DC,20010,US
1077119213782189,941990903583859,,"1313 New York Avenue, NW BSMT Suite 1",,,,Washington,,DC,20005,US
1096727323745989,1018253357347462,,"1300 New Jersey Avenue NW",,,,Washington,,DC,20001,US
1111523833465987,898537800432105,,"1251-B Saratoga Ave NE",,,,Washington,,DC,20018,US
1109389476853030,1132222085127471,,"1763 Lanier Place NW",,,,Washington,,DC,20009,US
1067038842463788,1092756194618999,,"9601 Colesville Road",,,,"Silver Spring",,MD,20901,US
1065211799205229,633623168263940,,"65 Massachusetts Avenue, NW",,,,Washington,,DC,20001,US
1065211799205229,1139106965939659,,"65 Massachusetts Avenue, NW",,,,Washington,,DC,20001,US
1067394282645998,1099219791360979,,"3800 Reservoir Rd",,,,Washington,,DC,20007,US
1084485258726986,1114551742239605,,"1627 Kenilworth Ave. NE",,,,Washington,,DC,20019,US
1136480841976895,623386708908164,,"1350 49th Street NE",,,,Washington,,DC,20019,US
1083435186659207,604721858303896,,"1333 N St NW",,,,Washington,,DC,20005,US
1083435186659207,935485129696113,,"1333 N St NW",,,,Washington,,DC,20005,US
1097680104175753,1205691016832902,,"2001 Mississippi Ave SE",,,,Washington,,DC,20020,US
1136676875598876,877576876041734,,"2225 5th Street NE",,,,Washington,,DC,20002,US
1107370925309577,1218401963055584,,"250 E St SW",,,,Washington,,DC,20024,US
1108677909528551,1202618027693441,,"3912 Georgia Avenue, NW",,,,Washington,,DC,20011,US
1113495856426602,1274752047885511,,"1701 Gales Street NE",,,,Washington,,DC,20002,US
1157320795586111,777359034139686,,"3203 Martin Luther King Jr Avenue SE",,,,Washington,,DC,20032,US
1114454487063148,1103047411510967,,"1419 Columbia Rd NW",,,,Washington,,DC,20009,US
1114454487063148,1273232122875210,,"1419 Columbia Rd NW",,,,Washington,,DC,20009,US
1120134710893230,785947788193097,,"1227 Monroe Street NE",,,,Washington,,DC,20017,US
1122550863766064,1233404465582125,,"64 New York Avenue, NE, 3rd Floor",,,,Washington,,DC,20002,US
1171338660943768,1156951251699636,,"500 F Street NW",,,,Washington,,DC,20001,US
1131930503010436,600295822156667,,"2225 M Street NW",,,,Washington,,DC,20037,US
1181534981962548,1020706673677182,,"10001 Rhode Island Ave",,,,"College Park",,MD,20740,US
1154324034900477,789492083968992,,"3310 Connecticut Ave NW",,,,Washington,,DC,20008,US
1185229150152167,834393407905740,,"2041 Martin Luther King Jr. Ave, SE, 4th Floor",,,,Washington,,DC,20020,US
1185229150152167,1078276338322764,,"2041 Martin Luther King Jr. Ave, SE, 4th Floor",,,,Washington,,DC,20020,US
1185229150152167,1219450960862351,,"2041 Martin Luther King Jr. Ave, SE, 4th Floor",,,,Washington,,DC,20020,US
1193727390444096,818197734902999,,"500 K St. NE",,,,Washington,,DC,20002,US
1163433271003395,929361885175005,,"1200 Clifton Street NW",,,,Washington,,DC,20009,US
1161395795200773,1157647595052033,,"1328 Southern Avenue",,,,Washington,,DC,20032,US
1178741888896067,1116308991917029,,"501 3rd Street NW",,,,Washington,,DC,20001,US
1169435514871045,1192687808287205,,"403 7th Street SE",,,,Washington,,DC,20003,US
1178793581455590,1069239089485198,,"650 Pennsylvania Ave",,,,Washington,,DC,20003,US
1180774715221118,1118601745413208,,"1924 Savannah Terrace SE, Suite C",,,,Washington,,DC,20020,US
1185532017859830,1250565194691665,,"2204 Martin Luther King Ave. SE",,,,Washington,,DC,20020,US
1214088150223601,1167767752140850,,"4713 Wisconsin Ave NW",,,,Washington,,DC,20016,US
1214088150223601,1260258325512587,,"4713 Wisconsin Ave NW",,,,Washington,,DC,20016,US
1218467427350381,1284378916833442,,"1331 H St NW",,,,Washington,,DC,20005,US
1171342361002389,940212538195830,,"9800 Hastings Drive",,,,"Silver Spring",,MD,20901,US
1221622469804354,777544006426049,,"3924 Minnesota Avenue NE",,,,Washington,,DC,20019,US
1224004543230409,940988880402930,,"828 Evarts Street NE",,,,Washington,,DC,20018,US
1224004543230409,1296924653275525,,"828 Evarts Street NE",,,,Washington,,DC,20018,US
1230176419964750,633948475356537,,"801 17th Street, NE ",,,,Washington,,DC,20002,US
1230176419964750,898004780647297,,"801 17th Street, NE ",,,,Washington,,DC,20002,US
1233218684353968,885249502385725,,"2114 14th St NW",,,,Washington,,DC,20009,US
1190472785985307,970045820687110,,"540 55th Street NE, Room W 101",,,,Washington,,DC,20019,US
1208734333912040,995487732055408,,"414 8th Street SE",,,,Washington,,DC,20003,US
1253142566681779,804162820575251,,"1310 Southern Ave., SE",,,,Washington,,DC,20032,US
1253142566681779,1154007819992809,,"1310 Southern Ave., SE",,,,Washington,,DC,20032,US
1246699983418480,988814873768650,,"1474 Columbia Rd NW",,,,Washington,,DC,20009,US
1194113418596458,752194277966513,,"645 H Street NE",,,,Washington,,DC,20002,US
1257555204587862,1068693490671334,,"2375 Elvans Road S.E.",,,,Washington,,DC,20020,US
1273928223164382,1315539978603581,,"5321 First Place NE",,,,Washington,,DC,20011,US
1208952103088856,584215858451001,,"920 Rhode Island Avenue NE",,,,Washington,,DC,20018,US
1246852239311670,666585505385556,,"2303 14th Street NW",,,,Washington,,DC,20009,US
1219909253043443,923156776542484,,"1018 13th Street NW",,,,Washington,,DC,20005,US
1243421228505168,1080745784913482,,"4003 Camp Letts Road",,,,Edgewater,,MD,21037,US
1255844164471719,999180107217935,,"4500 Forbes Boulevard",,,,Lanham,,MD,20706,US
1227472949671102,580857017779168,,"1355 New York Avenue NE",,,,Washington,,DC,20002,US
1236362403126770,1175190163226960,,"3531 Georgia Avenue NW",,,,Washington,,DC,20010,US
1253722494546089,842889096789965,,"4811 Macarthur Boulevard NW",,,,Washington,,DC,20016,US
1282294135634428,1295522145612055,,"64 New York Avenue NE, 6th Floor",,,,Washington,,DC,20002,US
1297303621824918,624574598656861,,"2100 New York Avenue NE",,,,Washington,,DC,20002,US
1300669729846678,1199753303956769,,"451 7th Street SW",,,,Washington,,DC,20410,US
1240791864033331,839573866990556,,"1640 Good Hope Road SE",,,,Washington,,DC,20020,US
1262445634877042,1005588549680598,,"1618 Monroe St NW",,,,Washington,,DC,20010,US
1269109743051226,1129396857159702,,"4901 V Street NW",,,,Washington,,DC,20007,US
1272150847933701,829909214250667,,"4201 Minnesota Avenue NE",,,,Washington,,DC,20019,US
1247783566206049,1204439644410266,,"5101 Georgia Avenue NW",,,,Washington,,DC,20011,US
1255270432383739,778922579379097,,"3939 Benning Rd NE",,,,Washington,,DC,20019,US
1255270432383739,1120606829940602,,"3939 Benning Rd NE",,,,Washington,,DC,20019,US
1284755060446173,812782874544268,,"4225 6th Street",,,,Washington,,DC,20032,US
1288449182200752,933666460806255,,"1310 Southern Ave SE, Suite G082",,,,Washington,,DC,20032,US
1298121495880357,669512480103420,,"1900 Massachusetts Ave SE, Building #13",,,,Washington,,DC,20003,US
1303693591596344,1264887939520326,,"500 Indiana Avenue, NW",,,,Washington,,DC,20001,US
1290991526110391,854230368107837,,"2301 L Street NW",,,,Washington,,DC,20037,US
1310277015717903,716573413368445,,"420 East Monroe Avenue",,,,Alexandria,,VA,22301,US
1311412862326621,1231381914283530,,"2410 17th St NW",,,,Washington,,DC,20009,US
1329526304224045,967598687864523,,"3660 Alabama Avenue SE",,,,Washington,,DC,20020,US
1268199460403994,1272787330877007,,"2118 Ridgecrest Court, SE",,,,Washington,,DC,20020,US
1275244454223169,810081831183407,,"2250 Champlain St NW",,,,Washington,,DC,20009,US
1284995921697963,1255140834443689,,"1500 Galen Street SE",,,,Washington,,DC,20020,US
1339220331835131,783704808784700,,"1400 Decatur St NW",,,,Washington,,DC,20011,US
1281663538200725,850977498591612,,"3851 Alabama Ave SE",,,,Washington,,DC,20020,US
1318803050607131,893470451792465,,"5936 Martin Luther King Jr., Hwy",,,,"Seat Pleasant",,MD,20743,US
1347874758673672,1333682431246523,,"134 Soerubg St",,,,Arlington,,MD,15564,US
1347874758673673,1333682431246526,,"near pvr cinema,chandkheda",,,,Baltimore,,IA,383345,US
1347874758673673,1333682431246525,,"near pvr cinema,chandkheda",,,,Baltimore,,IA,383345,US
1347874758673673,1333682431246528,,"near pvr cinema,chandkheda",,,,Baltimore,,IA,383345,US
1347874758673673,1333682431246531,,"near pvr cinema,chandkheda",,,,Baltimore,,IA,383345,US
1347874758673673,1333682431246532,,"near pvr cinema,chandkheda",,,,Baltimore,,IA,383345,US
1347874758673673,1333682431246533,,"near pvr cinema,chandkheda",,,,Baltimore,,IA,383345,US
1347874758673673,1333682431246534,,"near pvr cinema,chandkheda",,,,Baltimore,,IA,383345,US
1347874758673673,1333682431246535,,"near pvr cinema,chandkheda",,,,Baltimore,,IA,383345,US
1347874758673673,1333682431246536,,"near pvr cinema,chandkheda",,,,Baltimore,,IA,383345,US
1347874758673673,1333682431246537,,"near pvr cinema,chandkheda",,,,Baltimore,,IA,383345,US
1347874758673673,1333682431246538,,"near pvr cinema,chandkheda",,,,Baltimore,,IA,383345,US
1347874758673673,1333682431246539,,"near pvr cinema,chandkheda",,,,Baltimore,,IA,383345,US
