id,organization_id,service_id,service_at_location_id,name,title,department,email
1,0,0,,"Jermaine Lemons","TNK Program Director",,jlemons@nccf-cares.org
2,0,0,,"Kenny Carroll",,,
3,0,0,,"Nadezda Henry","Fostercare and Adoption Administrator",,nhenry@nccf-cares.org
4,0,0,,"William Yates",,"YMCA Fit & Well Seniors",William.Yates@ymcadc.org
5,1078800059400169,0,,"Linda Irizarry","Special Projects Coordinator",,linda.Irizarry@dc.gov
6,1311337308136967,0,,"Cindy Abello","Family Resource Specialist",,fosterdc@layc-dc.org
7,0,0,,"Tina Campanella",,,tcampanella@dcqualitytrust.org
8,0,0,,"Ceclia Sterling",,,Celia.Sterling@cc-dc.org
9,1093139785713640,0,,"Kimberly Gray",,,kimberly@thrivedc.org
10,0,0,,"Bobby Bangert","Manager of Youth and Family Care Navigation",,
11,1280943812182660,0,,"Ron L. Stanley",Reverand,,Rstanley@missiondc.org
12,1311337308136967,0,,"Claudia Blanco","Program Coordinator",,claudiac@layc-dc.org
13,0,0,,"Laura Grossman",,,LGrossman@marthastable.org
14,1206510419155059,0,,"Donnie Hampton","SE Social Services Supervisor",,
15,0,0,,"Jacinta Nino",,,jnino@wearecasa.org
16,0,0,,,,,
17,1093139785713640,0,,"Jack Read","Volunteer Coordinator",,jack@thrivedc.org
18,0,0,,"Nichole Flowers","The Sterling Program Director",,nflowers@nccf-cares.org
19,0,0,,"Bryan Hamer","The Kennedy Program Director",,bhamer@nccf-cares.org
20,834433815510350,0,,"Morgan Whitlatch",,,mwhitlatch@dcqualitytrust.org
21,1316999943437051,0,,"Gregg Wragg",,,gwragg@oicdc.org
22,619974574898067,0,,"Veronica Kamara","SR Program",,vkamara@mbihs.com
23,1311337308136967,0,,"AJ King","Sexual Wellness Youth Developer",,aj@layc-dc.org
24,0,0,,"Scott Perry","Program Manager",,sperry@ebfsc.org
25,834433815510350,0,,"Phyllis Holton",,,pholton@dcqualitytrust.org
26,0,0,,"Anita Dandecker",,"YMCA DPP",Anita.Dandeker@ymcadc.org
27,0,0,,"Margaret Pegram",,,
28,0,0,,"Christopher Tobias",,,ctobias@perryschool.org
29,1235669446637932,0,,"Yanet Hernandez",,,yhernandez@upo.org
30,1160038998115387,0,,"Jacque Waller","Valenti House Supervisor",,
31,0,0,,"Nancy Blackwell",,,
32,0,0,,"La’Mont Geddis","NCCF's Community-based Programs Coordinator",,lgeddis@nccf-cares.org
33,1311337308136967,0,,"Julia Kann","Program Manager",,julia@layc-dc.org
34,834433815510350,0,,"Jimi Lethbridge",,,jlethbridge@dcqualitytrust.org.org
35,779339057787762,0,,"Shirley Reed",Coordinator,"Learning Center",Shirley@acsgw.org
36,0,0,,"Carmen Herrera",,,cherrera@upo.org
37,1235669446637932,0,,"Francis Monroe",,,
38,0,0,,"Dickson Kanneh","NCCF Family Services Housing Coordinator",,dkanneh@nccf-cares.org
39,1311337308136967,0,,"Avery Gollinge","DC Prevention Center Wards 1 & 2 Director",,avery@layc-dc.org
40,818433220295218,0,,"Julio Murillo",,,jmurillo@wearecasa.org
41,1311337308136967,0,,"Monica Morales","Program Coordinator",,bhreferrals@layc-dc.org
42,0,0,,"Alyza Weinberg",,,aweinberg@dcrcc.org
43,1303478330484169,0,,"Liz Reinert","Director of Culinary Job Training",,lreinert@dccentralkitchen.org
44,0,0,,"Hayward Mouton","GAP Program Director",,hmouton@nccf-cares.org
45,0,0,,"Lindsay Curtin","Outreach Director",,lindsay.curtin@miriamskitchen.org
46,0,0,,"Chandra Dawson",,,cdawson@dcrcc.org
47,1235669446637932,0,,"Luline Almonacy",,,
48,808240584407061,0,,"Cristina Schoendorf","Center Director",,cristina.schoendorf@ucmagency.org
49,0,0,,"Roscoe Johnson","Northwood High School Wellness Center Site Coordinator",,RJohnson@nccf-cares.org
50,0,0,,"Janice Williams","YMCA Fit & Well Seniors",,janice.williams@ymcadc.org
51,1093139785713640,0,,"Gabriel Fabre",,,gabriel@thrivedc.org
52,818433220295218,0,,"Rebecca Cusic",,,rcusic@wearecasa.org
53,1169767322641878,0,,"Jordan Kemmer",,"HITE Program",
54,619974574898067,0,,"Billie Pinson","SIL Program Liaison","Housing Programs",wpinson@mbihs.com
55,1093139785713640,0,,"Jessica Chavez","Program Coordinator & Case Manager","Social Services",jessicac@thrivedc.org
56,1093139785713640,0,,"Daniel Meloy","Financial Donations",,daniel@thrivedc.org
57,0,0,,"Anna Wolf","NCCF Adolescent Services Coordinator",,awolf@nccf-cares.org
58,1303478330484169,0,,"Crystal Nicholas","Partnership Program Manager",,cnicholas@dccentralkitchen.org
59,0,0,,"Meredith McConnell","Director of the Greenleaf Treatment Foster Care Program",,mmcconnell@nccf-cares.org
60,868277751391055,0,,"Natausha Jones",,"Housing Services",njones@casaruby.org
61,0,0,,"Kathryn King",,,
62,1315578558618439,0,,"Barbara Paulson",,,barbara.paulson@dc.gov
63,1098153529407228,0,,"Karen Peterson","HUH CARES Program Manager",,
64,1160038998115387,0,,"Nieshia Kornega","SIL Residential Lead",,
65,0,0,,"Toshira Monroe",,,
66,868277751391055,0,,"Kisha Allure",,"Support Services for Crime Victims",kwilkinson@casaruby.org
67,1235669446637932,0,,"De Angelo Rorie","UPO Youth Services Division Director","Youth Services",
68,0,0,,"Sheryl Kennerly",,,skennerly@woodleyhouse.org
69,0,0,,"Teres’a Watson",,,twatson@marthastable.org
70,984055402205420,0,,"Julie Martinez",,,jrmartinez@nvfs.org
71,0,0,,"Melida Chacon",,,Melida.Chacon@cc-dc.org
72,0,0,,"Tessa Mork",,"YMCA Food Programs",Tessa.Mork@ymcadc.org
73,1311337308136967,0,,"Janeth Chorlango","Program Manager",,janeth@layc-dc.org
74,1235669446637932,0,,"Cheryl Christmas","Foster Grandparent Program Director",,
75,0,0,,"Rubi Mancilla","Intake Coordinator",,rmancilla@dcrcc.org
76,643509042901798,0,,"Golden Triangle BID Dispatch",,,BBB1650Dispatch@blockbyblock.com
77,1093139785713640,0,,"Tanya Thomas","Women’s Program Coordinator & Case Manager","Social Services",tanya@thrivedc.org
78,0,0,,"Ericka Ransom",,"UPO’s White Sock Drive",
79,984055402205420,0,,"Navara Cannon",,,ncannon@nvfs.org
80,1311337308136967,0,,"Elaine Harrington","Program Manager",,eharrington@layc-dc.org
81,0,0,,"Ayo Wali","New Beginnings Program Director",,awali@nccf-cares.org
82,0,0,,"Ashley Barney","Greentree Family Services Coordinator",,abarney@nccf-cares.org
83,643509042901798,0,,"Downtown DC BID Dispatch",,,dispatch@downtowndc.org
84,0,0,,"Larnice Johnson",,"UPO’s White Sock Drive",
85,1351080129222822,1126445517023366,,"Alicia Horton",,Employment,alicia@thrivedc.org
86,868277751391055,0,,"Darvin L. Estrada",,"Latino and Immigration Services",destrada@casaruby.org
87,0,0,,"Ellis Tullis",,,
88,0,0,,"Katrina Coates, MSW, LICSW","Clinical Director",,kcoates@ebfsc.org
89,1311337308136967,0,,"Tyvon Hewitt","Outreach Worker / Case Manager",,tyvon@layc-dc.org
90,1160038998115387,0,,"Alkita Alhanssary","Holly House Supervisor",,aalhanssary@woodleyhouse.org
91,1311337308136967,0,,"George Garcia","Health Promotion Program Manager",,george@layc-dc.org
92,0,0,,"De Angelo Rorie",,,
93,1311337308136967,0,,"Krystin Chiellini","Outreach and Engagement",,krystin@layc-dc.org
94,1281888937730435,,,Test,Test,Test,TEst
95,,,,Tester1,Tester2,Tester3,Tester1@gmail.com
96,618748399513081,"825698319066110,1350703837531671",,Test33,"test 34","test 35",test36@gmail.com
97,1351080129222820,1258206762105884,,"amit solanki",title,"Contact Department:",amit.d9ithub@gmail.com
98,540732570709574,1102032278098336,,tester,,,test@gmaul.com
99,,,,"Tester 2",,,anothertest@fmail.com
100,1351080129222821,543129663940995,,tester231,,,tester123@gmail.com
101,540732570709574,1223508074452444,,"14-05 contact","Contact Title:","Contact Department:",amit.d9ithub@gmail.com
102,540732570709574,833282615728356,,"Test contact 22",,,
103,,1350703837531675,,"Another COntact",,,
104,1351080129222823,,,"amit solanki",,,amit.d9ithub@gmail.com
105,1351080129222823,,,Kandarp,,,kandarp.d9ithub@gmail.com
106,,,,"check for contact visibility",,,
107,,,,"check for contact visibility 2",,,
