id,name,service_id,location_id,service_at_location_id,weekday,valid_from,valid_to,dtstart,until,wkst,freq,interval,byday,byweekno,bymonthday,byyearday,description
546785452197601,"Thrive DC Main Hours",652787019720552,,,"Monday - Friday",,,8:30AM,5:00PM,,,,,,,,
546785452197601,"Thrive DC Main Hours",1126445517023366,,,"Monday - Friday",,,8:30AM,5:00PM,,,,,,,,
546785452197601,"Thrive DC Main Hours",1156130223734698,,,"Monday - Friday",,,8:30AM,5:00PM,,,,,,,,
546785452197601,"Thrive DC Main Hours",1156734654820399,,,"Monday - Friday",,,8:30AM,5:00PM,,,,,,,,
546785452197601,"Thrive DC Main Hours",1226032227700549,,,"Monday - Friday",,,8:30AM,5:00PM,,,,,,,,
546785452197601,"Thrive DC Main Hours",1253984981707388,,,"Monday - Friday",,,8:30AM,5:00PM,,,,,,,,
575335889760211,"Martha's Table at the Maycroft - Early Learning Center Infant, Toddler & Preschool Program",667387929525624,988814873768650,,"Monday - Friday",,,7:00AM,6:00PM,,,,,,,,
590727816513854,"Elaine Ellis - MD - Tue",1225681361275050,1020706673677182,,Tuesday,,,9:00AM,8:00PM,,,,,,,,
597905216353594,"Elaine Ellis - MD - Monday, Wed-Thur",1225681361275050,1020706673677182,,"Monday, Wed-Thur",,,9:00AM,6:00PM,,,,,,,,
607570240764498,"UPO 24 Hours",773172814806209,,,"Monday - Sunday",,,"24 hours",,,,,,,,,
607570240764498,"UPO 24 Hours",869422229117923,,,"Monday - Sunday",,,"24 hours",,,,,,,,,
614249715580782,"Conway Health and Resource Center -  Emotional Wellness Hours  - Mon - Wed, Fri",915604912347301,1279229683648851,,"Mon - Wed, Fri",,,8:30AM,5:00PM,,,,,,,,
614249715580782,"Conway Health and Resource Center -  Emotional Wellness Hours  - Mon - Wed, Fri",1086669106439677,1279229683648851,,"Mon - Wed, Fri",,,8:30AM,5:00PM,,,,,,,,
561580538711893,"Conway Health and Resource Center - Dental Hours - Saturday",1225681361275050,1279229683648851,,Saturday,,,9:00AM,3:30PM,,,,,,,,
593613641849907,"Conway Health and Resource Center - Medical Hours - Wednesday",573712074661708,1279229683648851,,Wednesday,,,8:30AM,8:00PM,,,,,,,,
593613641849907,"Conway Health and Resource Center - Medical Hours - Wednesday",1107196998383990,1279229683648851,,Wednesday,,,8:30AM,8:00PM,,,,,,,,
613757687605118,"Casa Ruby - Sat-Sun",829979157869352,626384571287639,,"Saturday - Sunday",,,"24 Hours",,,,,,,,,
593029528256419,"Mary's Center - Adams Morgan DC - Behavioral Health Hours ",570279198497703,1146850101014457,,"Monday - Friday",,,8:00AM,6:00PM,,,,,,,,
593029528256419,"Mary's Center - Adams Morgan DC - Behavioral Health Hours ",615102245607234,1146850101014457,,"Monday - Friday",,,8:00AM,6:00PM,,,,,,,,
593029528256419,"Mary's Center - Adams Morgan DC - Behavioral Health Hours ",834474801815094,1146850101014457,,"Monday - Friday",,,8:00AM,6:00PM,,,,,,,,
593029528256419,"Mary's Center - Adams Morgan DC - Behavioral Health Hours ",1054654881182092,1146850101014457,,"Monday - Friday",,,8:00AM,6:00PM,,,,,,,,
593029528256419,"Mary's Center - Adams Morgan DC - Behavioral Health Hours ",1073305429578122,1146850101014457,,"Monday - Friday",,,8:00AM,6:00PM,,,,,,,,
593029528256419,"Mary's Center - Adams Morgan DC - Behavioral Health Hours ",1049979809257514,1146850101014457,,"Monday - Friday",,,8:00AM,6:00PM,,,,,,,,
593029528256419,"Mary's Center - Adams Morgan DC - Behavioral Health Hours ",1149133594765984,1146850101014457,,"Monday - Friday",,,8:00AM,6:00PM,,,,,,,,
593029528256419,"Mary's Center - Adams Morgan DC - Behavioral Health Hours ",1171041183154896,1146850101014457,,"Monday - Friday",,,8:00AM,6:00PM,,,,,,,,
593029528256419,"Mary's Center - Adams Morgan DC - Behavioral Health Hours ",1281873572081806,1146850101014457,,"Monday - Friday",,,8:00AM,6:00PM,,,,,,,,
601270892533450,"Norther Virginia Outpatient Center",585745505232672,1168148392185022,,"Monday - Friday",,,8:00AM,5:00PM,,,,,,,,
601270892533450,"Norther Virginia Outpatient Center",583905742719734,1168148392185022,,"Monday - Friday",,,8:00AM,5:00PM,,,,,,,,
601270892533450,"Norther Virginia Outpatient Center",876118989495452,1168148392185022,,"Monday - Friday",,,8:00AM,5:00PM,,,,,,,,
601270892533450,"Norther Virginia Outpatient Center",1330489680518823,1168148392185022,,"Monday - Friday",,,8:00AM,5:00PM,,,,,,,,
655172898058082,"Mary's Center - Adams Morgan DC - Medical Hours - Monday, Wednesday, Friday",771415038083007,1146850101014457,,"Monday, Wednesday, Friday",,,8:00AM,6:00PM,,,,,,,,
655172898058082,"Mary's Center - Adams Morgan DC - Medical Hours - Monday, Wednesday, Friday",927583086660595,1146850101014457,,"Monday, Wednesday, Friday",,,8:00AM,6:00PM,,,,,,,,
655172898058082,"Mary's Center - Adams Morgan DC - Medical Hours - Monday, Wednesday, Friday",935391639326831,1146850101014457,,"Monday, Wednesday, Friday",,,8:00AM,6:00PM,,,,,,,,
655172898058082,"Mary's Center - Adams Morgan DC - Medical Hours - Monday, Wednesday, Friday",1222212212143407,1146850101014457,,"Monday, Wednesday, Friday",,,8:00AM,6:00PM,,,,,,,,
655172898058082,"Mary's Center - Adams Morgan DC - Medical Hours - Monday, Wednesday, Friday",1330210073954058,1146850101014457,,"Monday, Wednesday, Friday",,,8:00AM,6:00PM,,,,,,,,
626485661504805,"UPO Petey Greene - Saturday",790527027022440,1288442867873978,,Saturday,,,7:00AM,11:00AM,,,,,,,,
626485661504805,"UPO Petey Greene - Saturday",782329565925103,1288442867873978,,Saturday,,,7:00AM,11:00AM,,,,,,,,
626485661504805,"UPO Petey Greene - Saturday",828103015767690,1288442867873978,,Saturday,,,7:00AM,11:00AM,,,,,,,,
626485661504805,"UPO Petey Greene - Saturday",824403148838289,1288442867873978,,Saturday,,,7:00AM,11:00AM,,,,,,,,
626485661504805,"UPO Petey Greene - Saturday",823287765002075,1288442867873978,,Saturday,,,7:00AM,11:00AM,,,,,,,,
626485661504805,"UPO Petey Greene - Saturday",925701018774057,1288442867873978,,Saturday,,,7:00AM,11:00AM,,,,,,,,
626485661504805,"UPO Petey Greene - Saturday",957811011700764,1288442867873978,,Saturday,,,7:00AM,11:00AM,,,,,,,,
626485661504805,"UPO Petey Greene - Saturday",944606179638640,1288442867873978,,Saturday,,,7:00AM,11:00AM,,,,,,,,
626485661504805,"UPO Petey Greene - Saturday",1097124274962034,1288442867873978,,Saturday,,,7:00AM,11:00AM,,,,,,,,
626485661504805,"UPO Petey Greene - Saturday",1131822692438420,1288442867873978,,Saturday,,,7:00AM,11:00AM,,,,,,,,
626485661504805,"UPO Petey Greene - Saturday",1115773035158894,1288442867873978,,Saturday,,,7:00AM,11:00AM,,,,,,,,
626485661504805,"UPO Petey Greene - Saturday",1222343403264201,1288442867873978,,Saturday,,,7:00AM,11:00AM,,,,,,,,
626485661504805,"UPO Petey Greene - Saturday",1234923855165980,1288442867873978,,Saturday,,,7:00AM,11:00AM,,,,,,,,
626485661504805,"UPO Petey Greene - Saturday",1272403811888637,1288442867873978,,Saturday,,,7:00AM,11:00AM,,,,,,,,
626485661504805,"UPO Petey Greene - Saturday",1280097613047736,1288442867873978,,Saturday,,,7:00AM,11:00AM,,,,,,,,
626485661504805,"UPO Petey Greene - Saturday",1274090737385222,1288442867873978,,Saturday,,,7:00AM,11:00AM,,,,,,,,
626485661504805,"UPO Petey Greene - Saturday",1244177955657488,1288442867873978,,Saturday,,,7:00AM,11:00AM,,,,,,,,
625137204466522,"Thrive DC - Laundry for Men",1184758670431530,,,"Monday - Friday",,,8:30AM,11:00AM,,,,,,,,
629733318259269,"Family Health and Birth Center - Emotional Wellness Hours - Mon, Wed-Friday",621585086191000,898004780647297,,"Mon, Wed-Fri",,,8:30AM,5:00PM,,,,,,,,
629733318259269,"Family Health and Birth Center - Emotional Wellness Hours - Mon, Wed-Friday",915604912347301,898004780647297,,"Mon, Wed-Fri",,,8:30AM,5:00PM,,,,,,,,
629733318259269,"Family Health and Birth Center - Emotional Wellness Hours - Mon, Wed-Friday",1185359834982349,898004780647297,,"Mon, Wed-Fri",,,8:30AM,5:00PM,,,,,,,,
649151581271820,"Neurology at Montgomery County Outpatient Center",890516898015838,,,"Monday - Friday",,,8:30AM,4:00PM,,,,,,,,
655228724729650,"Martha's Table Headquarters - Main Hours - Mon-Fri",753746449496571,636848661261240,,"Monday - Friday",,,6:30AM,6:00PM,,,,,,,,
655228724729650,"Martha's Table Headquarters - Main Hours - Mon-Fri",810458383121333,636848661261240,,"Monday - Friday",,,6:30AM,6:00PM,,,,,,,,
655228724729650,"Martha's Table Headquarters - Main Hours - Mon-Fri",905712024453663,636848661261240,,"Monday - Friday",,,6:30AM,6:00PM,,,,,,,,
655228724729650,"Martha's Table Headquarters - Main Hours - Mon-Fri",1208941632060908,636848661261240,,"Monday - Friday",,,6:30AM,6:00PM,,,,,,,,
626094046542917,"Family Health and Birth Center - Medical Hours - Saturday",573712074661708,898004780647297,,Saturday,,,9:00AM,3:30PM,,,,,,,,
626094046542917,"Family Health and Birth Center - Medical Hours - Saturday",1185359834982349,898004780647297,,Saturday,,,9:00AM,3:30PM,,,,,,,,
654621153104425,"Mamatoto Village - Sat",704832527436297,1153279049261324,,Saturday,,,"By appointment",,,,,,,,,
654621153104425,"Mamatoto Village - Sat",837150649376459,1153279049261324,,Saturday,,,"By appointment",,,,,,,,,
654621153104425,"Mamatoto Village - Sat",800852356091403,1153279049261324,,Saturday,,,"By appointment",,,,,,,,,
654621153104425,"Mamatoto Village - Sat",1006868535209989,1153279049261324,,Saturday,,,"By appointment",,,,,,,,,
614696573656674,"Conway Health and Resource Center - Dental Hours - Mon - Fri",1225681361275050,1279229683648851,,"Monday - Friday",,,8:30AM,5:00PM,,,,,,,,
620291766917896,"Family Health and Birth Center - Medical Hours - Tuesday",573712074661708,898004780647297,,Tuesday,,,8:30AM,8:00PM,,,,,,,,
620291766917896,"Family Health and Birth Center - Medical Hours - Tuesday",1185359834982349,898004780647297,,Tuesday,,,8:30AM,8:00PM,,,,,,,,
635503777733530,"Sasha Bruce Business Hours",572309695509941,,,"Monday - Friday",,,9:00AM,5:00PM,,,,,,,,
635503777733530,"Sasha Bruce Business Hours",665741809852890,,,"Monday - Friday",,,9:00AM,5:00PM,,,,,,,,
635503777733530,"Sasha Bruce Business Hours",810322998076695,,,"Monday - Friday",,,9:00AM,5:00PM,,,,,,,,
635503777733530,"Sasha Bruce Business Hours",829979157869352,,,"Monday - Friday",,,9:00AM,5:00PM,,,,,,,,
635503777733530,"Sasha Bruce Business Hours",838439633965089,,,"Monday - Friday",,,9:00AM,5:00PM,,,,,,,,
635503777733530,"Sasha Bruce Business Hours",978396734879857,,,"Monday - Friday",,,9:00AM,5:00PM,,,,,,,,
635503777733530,"Sasha Bruce Business Hours",1071954080796084,,,"Monday - Friday",,,9:00AM,5:00PM,,,,,,,,
635503777733530,"Sasha Bruce Business Hours",1099406667463105,,,"Monday - Friday",,,9:00AM,5:00PM,,,,,,,,
635503777733530,"Sasha Bruce Business Hours",1161698203083101,,,"Monday - Friday",,,9:00AM,5:00PM,,,,,,,,
635503777733530,"Sasha Bruce Business Hours",1184021119607946,,,"Monday - Friday",,,9:00AM,5:00PM,,,,,,,,
635503777733530,"Sasha Bruce Business Hours",1200334283969211,,,"Monday - Friday",,,9:00AM,5:00PM,,,,,,,,
635503777733530,"Sasha Bruce Business Hours",1247087473794460,,,"Monday - Friday",,,9:00AM,5:00PM,,,,,,,,
635503777733530,"Sasha Bruce Business Hours",1247609265512489,,,"Monday - Friday",,,9:00AM,5:00PM,,,,,,,,
635503777733530,"Sasha Bruce Business Hours",1262274366963110,,,"Monday - Friday",,,9:00AM,5:00PM,,,,,,,,
669449282537474,"Sasha Bruce - 24 Hour Services",828873851944462,,,"Monday - Sunday",,,"24 Hours",,,,,,,,,
669449282537474,"Sasha Bruce - 24 Hour Services",1252811207069395,,,"Monday - Sunday",,,"24 Hours",,,,,,,,,
645627628352377,"Far Southeast Family Strengthening Collaborative - Mon, Wed, Fri",618510425235763,,,"Monday, Wednesday, Friday",,,9:00AM,5:30PM,,,,,,,,
645627628352377,"Far Southeast Family Strengthening Collaborative - Mon, Wed, Fri",678336489867060,,,"Monday, Wednesday, Friday",,,9:00AM,5:30PM,,,,,,,,
645627628352377,"Far Southeast Family Strengthening Collaborative - Mon, Wed, Fri",763106931954514,,,"Monday, Wednesday, Friday",,,9:00AM,5:30PM,,,,,,,,
645627628352377,"Far Southeast Family Strengthening Collaborative - Mon, Wed, Fri",936906190018086,,,"Monday, Wednesday, Friday",,,9:00AM,5:30PM,,,,,,,,
645627628352377,"Far Southeast Family Strengthening Collaborative - Mon, Wed, Fri",954270986825825,,,"Monday, Wednesday, Friday",,,9:00AM,5:30PM,,,,,,,,
645627628352377,"Far Southeast Family Strengthening Collaborative - Mon, Wed, Fri",949725297401271,,,"Monday, Wednesday, Friday",,,9:00AM,5:30PM,,,,,,,,
645627628352377,"Far Southeast Family Strengthening Collaborative - Mon, Wed, Fri",1102032278098336,,,"Monday, Wednesday, Friday",,,9:00AM,5:30PM,,,,,,,,
645627628352377,"Far Southeast Family Strengthening Collaborative - Mon, Wed, Fri",1277554928342075,,,"Monday, Wednesday, Friday",,,9:00AM,5:30PM,,,,,,,,
683742989703803,"Children's National Hospital - Main Business Hours",583905742719734,,,"Monday - Friday",,,9:00AM,5:00PM,,,,,,,,
683742989703803,"Children's National Hospital - Main Business Hours",631582174906714,,,"Monday - Friday",,,9:00AM,5:00PM,,,,,,,,
683742989703803,"Children's National Hospital - Main Business Hours",876118989495452,,,"Monday - Friday",,,9:00AM,5:00PM,,,,,,,,
683742989703803,"Children's National Hospital - Main Business Hours",890516898015838,,,"Monday - Friday",,,9:00AM,5:00PM,,,,,,,,
683742989703803,"Children's National Hospital - Main Business Hours",1112712465466061,,,"Monday - Friday",,,9:00AM,5:00PM,,,,,,,,
683742989703803,"Children's National Hospital - Main Business Hours",1095621090051578,,,"Monday - Friday",,,9:00AM,5:00PM,,,,,,,,
683742989703803,"Children's National Hospital - Main Business Hours",1330489680518823,,,"Monday - Friday",,,9:00AM,5:00PM,,,,,,,,
716681364934765,"Elaine Ellis - MD - Second Saturday",1225681361275050,1020706673677182,,"Second Saturday",,,9:15AM,2:00PM,,,,,,,,
769449908411381,"Welcome Center Drop-in Hours - Wed-Thur Morning",643156433763559,1260258325512587,,"Wednesday - Thursday",,,8:30AM,11:30AM,,,,,,,,
769449908411381,"Welcome Center Drop-in Hours - Wed-Thur Morning",637799341696955,1260258325512587,,"Wednesday - Thursday",,,8:30AM,11:30AM,,,,,,,,
776216702247818,"Barracks Row Drop-in Center",637799341696955,,,"Monday - Friday",,,8:00AM,6:00PM,,,,,,,,
756980785844446,"Thrive DC - Computer Lab Employment Assistance",1201069695813904,,,"Tuesday & Thursday",,,1:00PM,3:00PM,,,,,,,,
809673369078084,"SHARE Food Network Office Hours",1279531428850596,541907027325035,,"Monday - Friday",,,9:00AM,5:00PM,,,,,,,,
818792039457879,"Montgomery County Outpatient Center",585745505232672,"1191500192034471,1091301498101680",,"Monday - Friday",,,8:30AM,4:30PM,,,,,,,,
818792039457879,"Montgomery County Outpatient Center",583905742719734,"1191500192034471,1091301498101680",,"Monday - Friday",,,8:30AM,4:30PM,,,,,,,,
818792039457879,"Montgomery County Outpatient Center",876118989495452,"1191500192034471,1091301498101680",,"Monday - Friday",,,8:30AM,4:30PM,,,,,,,,
818792039457879,"Montgomery County Outpatient Center",1135146593857359,"1191500192034471,1091301498101680",,"Monday - Friday",,,8:30AM,4:30PM,,,,,,,,
818792039457879,"Montgomery County Outpatient Center",1330489680518823,"1191500192034471,1091301498101680",,"Monday - Friday",,,8:30AM,4:30PM,,,,,,,,
823973485555901,"Mary's Center - Adams Morgan DC - Medical Hours - Tuesday, Thursday",771415038083007,1146850101014457,,"Tuesday, Thursday",,,8:00AM,8:00PM,,,,,,,,
823973485555901,"Mary's Center - Adams Morgan DC - Medical Hours - Tuesday, Thursday",927583086660595,1146850101014457,,"Tuesday, Thursday",,,8:00AM,8:00PM,,,,,,,,
823973485555901,"Mary's Center - Adams Morgan DC - Medical Hours - Tuesday, Thursday",935391639326831,1146850101014457,,"Tuesday, Thursday",,,8:00AM,8:00PM,,,,,,,,
823973485555901,"Mary's Center - Adams Morgan DC - Medical Hours - Tuesday, Thursday",1222212212143407,1146850101014457,,"Tuesday, Thursday",,,8:00AM,8:00PM,,,,,,,,
823973485555901,"Mary's Center - Adams Morgan DC - Medical Hours - Tuesday, Thursday",1330210073954058,1146850101014457,,"Tuesday, Thursday",,,8:00AM,8:00PM,,,,,,,,
773513666362665,"LAYC - Safe Housing Drop-in Center - Drop-in Hours",990789256930274,,,"Monday - Friday",,,9:00AM,6:00PM,,,,,,,,
773513666362665,"LAYC - Safe Housing Drop-in Center - Drop-in Hours",954262853935362,,,"Monday - Friday",,,9:00AM,6:00PM,,,,,,,,
773513666362665,"LAYC - Safe Housing Drop-in Center - Drop-in Hours",1136409058298095,,,"Monday - Friday",,,9:00AM,6:00PM,,,,,,,,
773513666362665,"LAYC - Safe Housing Drop-in Center - Drop-in Hours",1219445943923328,,,"Monday - Friday",,,9:00AM,6:00PM,,,,,,,,
805784205962349,"Miriam's Kitchen - Morning Case Management Hours",1239257983465773,,,"Monday - Friday",,,6:30AM,9:45AM,,,,,,,,
805238896874501,"Family Health and Birth Center - Medical Hours - Mon, Wed-Friday",573712074661708,898004780647297,,"Mon, Wed-Fri",,,8:30AM,5:00PM,,,,,,,,
805238896874501,"Family Health and Birth Center - Medical Hours - Mon, Wed-Friday",1185359834982349,898004780647297,,"Mon, Wed-Fri",,,8:30AM,5:00PM,,,,,,,,
838708297516494,"ERFSC Friday",1236034161171034,,,Friday,,,8:30AM,5:00PM,,,,,,,,
840555982869909,"Virginia Williams Family Resource Center - Fri",643156433763559,584215858451001,,Friday,,,8:30AM,12:00PM,,,,,,,,
840555982869909,"Virginia Williams Family Resource Center - Fri",605385202624201,584215858451001,,Friday,,,8:30AM,12:00PM,,,,,,,,
840555982869909,"Virginia Williams Family Resource Center - Fri",739062573866794,584215858451001,,Friday,,,8:30AM,12:00PM,,,,,,,,
840555982869909,"Virginia Williams Family Resource Center - Fri",991462076076973,584215858451001,,Friday,,,8:30AM,12:00PM,,,,,,,,
840555982869909,"Virginia Williams Family Resource Center - Fri",1003036537750667,584215858451001,,Friday,,,8:30AM,12:00PM,,,,,,,,
840555982869909,"Virginia Williams Family Resource Center - Fri",1107276468708862,584215858451001,,Friday,,,8:30AM,12:00PM,,,,,,,,
841306876993894,"McKenna's Wagon - 2nd and H St, NW",1298850689126022,1312052344982531,,"Sunday - Saturday",,,5:15PM,5:45PM,,,,,,,,
833376815115699,"VWFRC - Mon-Thur",781718626017793,584215858451001,,Monday-Thursday,,,8:30AM,4:00PM,,,,,,,,
833376815115699,"VWFRC - Mon-Thur",1207720606469506,584215858451001,,Monday-Thursday,,,8:30AM,4:00PM,,,,,,,,
894025747017234,"HBP Walk-In Pregnancy Tests",875783576771374,,,Monday-Friday,,,9:30AM,5:00PM,,,,,,,,
892899945913453,"Mary's Center - Petworth Health Center - Medical - Tuesday, Thursday, Friday, Saturday",771415038083007,1202618027693441,,"Tuesday, Thursday, Friday, Saturday",,,8:00AM,6:00PM,,,,,,,,
892899945913453,"Mary's Center - Petworth Health Center - Medical - Tuesday, Thursday, Friday, Saturday",927583086660595,1202618027693441,,"Tuesday, Thursday, Friday, Saturday",,,8:00AM,6:00PM,,,,,,,,
892899945913453,"Mary's Center - Petworth Health Center - Medical - Tuesday, Thursday, Friday, Saturday",935391639326831,1202618027693441,,"Tuesday, Thursday, Friday, Saturday",,,8:00AM,6:00PM,,,,,,,,
892899945913453,"Mary's Center - Petworth Health Center - Medical - Tuesday, Thursday, Friday, Saturday",1222212212143407,1202618027693441,,"Tuesday, Thursday, Friday, Saturday",,,8:00AM,6:00PM,,,,,,,,
892899945913453,"Mary's Center - Petworth Health Center - Medical - Tuesday, Thursday, Friday, Saturday",1330210073954058,1202618027693441,,"Tuesday, Thursday, Friday, Saturday",,,8:00AM,6:00PM,,,,,,,,
898084164708448,"Miriam's Kitchen - Afternoon Case Management Hours",1239257983465773,,,"Monday - Friday",,,2:30PM,5:45PM,,,,,,,,
927904724916378,"Virginia Williams Family Resource Center - Mon - Thur",643156433763559,584215858451001,,"Monday - Thursday",,,8:30AM,4:00PM,,,,,,,,
927904724916378,"Virginia Williams Family Resource Center - Mon - Thur",605385202624201,584215858451001,,"Monday - Thursday",,,8:30AM,4:00PM,,,,,,,,
927904724916378,"Virginia Williams Family Resource Center - Mon - Thur",739062573866794,584215858451001,,"Monday - Thursday",,,8:30AM,4:00PM,,,,,,,,
927904724916378,"Virginia Williams Family Resource Center - Mon - Thur",991462076076973,584215858451001,,"Monday - Thursday",,,8:30AM,4:00PM,,,,,,,,
927904724916378,"Virginia Williams Family Resource Center - Mon - Thur",1003036537750667,584215858451001,,"Monday - Thursday",,,8:30AM,4:00PM,,,,,,,,
927904724916378,"Virginia Williams Family Resource Center - Mon - Thur",1107276468708862,584215858451001,,"Monday - Thursday",,,8:30AM,4:00PM,,,,,,,,
927552782417167,"Catholic Charities Legal Network - Mon, Tue, Fri",612333310679780,,,"Monday, Tuesday, Friday (Closed 12-2pm)",,,9:30AM,4:30PM,,,,,,,,
933979437704378,"Children's National Hospital - 24 Hours",681568772199807,"908942274584388,804162820575251",,"Monday - Sunday",,,"24 Hours",,,,,,,,,
896372222754824,"The Commons at Stanton Square - Emotional Wellness Hours - Mon- Wed, Fri",915604912347301,1068693490671334,,"Mon - Wed, Fri",,,9:00AM,6:00PM,,,,,,,,
927004175290165,"Martha's Table at the Maycroft - Market Hours",925876618282340,988814873768650,,"Monday - Friday",,,11:00AM,3:00PM,,,,,,,,
957234329170799,"Upper Marlboro Outpatient Center",585745505232672,815051886893035,,"Monday - Friday",,,8:30AM,5:00PM,,,,,,,,
939730174420179,"Marie Reed Health Center - Emotional Wellness Hours - Wednesday",915604912347301,810081831183407,,Wednesday,,,8:30AM,8:00PM,,,,,,,,
964399004989535,"Thrive DC - Laundry for Women",1275671248652557,,,"Monday - Friday",,,3:00PM,6:00PM,,,,,,,,
970752175352860,"Marthat's Table Headquarters - Main Hours - Saturday",753746449496571,636848661261240,,Saturday,,,8:00AM,4:00PM,,,,,,,,
970752175352860,"Marthat's Table Headquarters - Main Hours - Saturday",810458383121333,636848661261240,,Saturday,,,8:00AM,4:00PM,,,,,,,,
970752175352860,"Marthat's Table Headquarters - Main Hours - Saturday",905712024453663,636848661261240,,Saturday,,,8:00AM,4:00PM,,,,,,,,
970752175352860,"Marthat's Table Headquarters - Main Hours - Saturday",1208941632060908,636848661261240,,Saturday,,,8:00AM,4:00PM,,,,,,,,
969910937524360,"Mary's Center - Pharmacy",561831919465625,991046422392107,,"Monday - Friday",,,8:30AM,6:30PM,,,,,,,,
993133799161870,"The Commons at Stanton Square - Emotional Wellness Hours - Thursday",915604912347301,1068693490671334,,Thursday,,,9:00AM,7:00PM,,,,,,,,
1003280669828155,"Mary's Center - Fort Totten - Behavioral Health Hours",570279198497703,953875575104132,,"Monday - Friday",,,8:00AM,6:00PM,,,,,,,,
1003280669828155,"Mary's Center - Fort Totten - Behavioral Health Hours",615102245607234,953875575104132,,"Monday - Friday",,,8:00AM,6:00PM,,,,,,,,
1003280669828155,"Mary's Center - Fort Totten - Behavioral Health Hours",834474801815094,953875575104132,,"Monday - Friday",,,8:00AM,6:00PM,,,,,,,,
1003280669828155,"Mary's Center - Fort Totten - Behavioral Health Hours",1054654881182092,953875575104132,,"Monday - Friday",,,8:00AM,6:00PM,,,,,,,,
1003280669828155,"Mary's Center - Fort Totten - Behavioral Health Hours",1073305429578122,953875575104132,,"Monday - Friday",,,8:00AM,6:00PM,,,,,,,,
1003280669828155,"Mary's Center - Fort Totten - Behavioral Health Hours",1049979809257514,953875575104132,,"Monday - Friday",,,8:00AM,6:00PM,,,,,,,,
1003280669828155,"Mary's Center - Fort Totten - Behavioral Health Hours",1149133594765984,953875575104132,,"Monday - Friday",,,8:00AM,6:00PM,,,,,,,,
1003280669828155,"Mary's Center - Fort Totten - Behavioral Health Hours",1171041183154896,953875575104132,,"Monday - Friday",,,8:00AM,6:00PM,,,,,,,,
1003280669828155,"Mary's Center - Fort Totten - Behavioral Health Hours",1281873572081806,953875575104132,,"Monday - Friday",,,8:00AM,6:00PM,,,,,,,,
960960917484076,"Sacred Heart Dinner Program",1308027877412141,634604766992517,,"Monday - Friday",,,4:00PM,6:00PM,,,,,,,,
1004866828511863,"Elaine Ellis - DC - Tue & Thur",1225681361275050,1114551742239605,,"Tuesday & Thursday",,,9:30AM,7:00PM,,,,,,,,
1080839771597407,"Conway Health and Resource Center - Medical Hours - Mon, Tue, Thur, Fri",573712074661708,1279229683648851,,"Mon, Tue, Thur, Fri",,,8:30AM,5:00PM,,,,,,,,
1080839771597407,"Conway Health and Resource Center - Medical Hours - Mon, Tue, Thur, Fri",1107196998383990,1279229683648851,,"Mon, Tue, Thur, Fri",,,8:30AM,5:00PM,,,,,,,,
1098011682762590,"Elaine Ellis - DC - Fourth Saturday",1225681361275050,1114551742239605,,"Fourth Saturday",,,9:00AM,2:00PM,,,,,,,,
1114579254252936,"Friendship Heights Outpatient Center",585745505232672,950665445636496,,"Monday - Friday",,,8:30AM,5:00PM,,,,,,,,
1061969708258974,"Welcome Center Drop-in Hours - Monday Afternoon",643156433763559,1260258325512587,,Monday,,,1:00PM,4:00PM,,,,,,,,
1061969708258974,"Welcome Center Drop-in Hours - Monday Afternoon",637799341696955,1260258325512587,,Monday,,,1:00PM,4:00PM,,,,,,,,
1081601334352404,"Martha's Table Headquarters at the Commons - Early Learning Center Infant, Toddler & Preschool Program",667387929525624,636848661261240,,"Monday - Friday",,,6:30AM,6:00PM,,,,,,,,
1089592208225810,"Marie Reed Health Center - Medical Hours - Mon-Fri",573712074661708,810081831183407,,"Monday - Friday",,,8:30AM,5:00PM,,,,,,,,
1089592208225810,"Marie Reed Health Center - Medical Hours - Mon-Fri",1107196998383990,810081831183407,,"Monday - Friday",,,8:30AM,5:00PM,,,,,,,,
1132485145162044,"UPO Anacostia",790527027022440,683981038233399,,"Monday - Friday",,,9:00AM,5:00PM,,,,,,,,
1132485145162044,"UPO Anacostia",782329565925103,683981038233399,,"Monday - Friday",,,9:00AM,5:00PM,,,,,,,,
1132485145162044,"UPO Anacostia",828103015767690,683981038233399,,"Monday - Friday",,,9:00AM,5:00PM,,,,,,,,
1132485145162044,"UPO Anacostia",824403148838289,683981038233399,,"Monday - Friday",,,9:00AM,5:00PM,,,,,,,,
1132485145162044,"UPO Anacostia",823287765002075,683981038233399,,"Monday - Friday",,,9:00AM,5:00PM,,,,,,,,
1132485145162044,"UPO Anacostia",925701018774057,683981038233399,,"Monday - Friday",,,9:00AM,5:00PM,,,,,,,,
1132485145162044,"UPO Anacostia",957811011700764,683981038233399,,"Monday - Friday",,,9:00AM,5:00PM,,,,,,,,
1132485145162044,"UPO Anacostia",944606179638640,683981038233399,,"Monday - Friday",,,9:00AM,5:00PM,,,,,,,,
1132485145162044,"UPO Anacostia",1097124274962034,683981038233399,,"Monday - Friday",,,9:00AM,5:00PM,,,,,,,,
1132485145162044,"UPO Anacostia",1131822692438420,683981038233399,,"Monday - Friday",,,9:00AM,5:00PM,,,,,,,,
1132485145162044,"UPO Anacostia",1115773035158894,683981038233399,,"Monday - Friday",,,9:00AM,5:00PM,,,,,,,,
1132485145162044,"UPO Anacostia",1222343403264201,683981038233399,,"Monday - Friday",,,9:00AM,5:00PM,,,,,,,,
1132485145162044,"UPO Anacostia",1234923855165980,683981038233399,,"Monday - Friday",,,9:00AM,5:00PM,,,,,,,,
1132485145162044,"UPO Anacostia",1272403811888637,683981038233399,,"Monday - Friday",,,9:00AM,5:00PM,,,,,,,,
1132485145162044,"UPO Anacostia",1280097613047736,683981038233399,,"Monday - Friday",,,9:00AM,5:00PM,,,,,,,,
1132485145162044,"UPO Anacostia",1274090737385222,683981038233399,,"Monday - Friday",,,9:00AM,5:00PM,,,,,,,,
1132485145162044,"UPO Anacostia",1244177955657488,683981038233399,,"Monday - Friday",,,9:00AM,5:00PM,,,,,,,,
1137182863009936,"N Street Village - Main Office Hours",643156433763559,604721858303896,,"Monday - Thursday",,,8:00AM,4:30PM,,,,,,,,
1137182863009936,"N Street Village - Main Office Hours",1129022337432214,604721858303896,,"Monday - Thursday",,,8:00AM,4:30PM,,,,,,,,
1137278199980299,"Conway Health and Resource Center - Medical Hours - Saturday",573712074661708,1279229683648851,,Saturday,,,9:00AM,3:30PM,,,,,,,,
1137278199980299,"Conway Health and Resource Center - Medical Hours - Saturday",1107196998383990,1279229683648851,,Saturday,,,9:00AM,3:30PM,,,,,,,,
1153200317080474,"Thrive DC - Evening Program",1096873514597287,,,"Monday - Friday",,,2:00PM,4:00PM,,,,,,,,
1153058029513279,"AARP Legal Counsel for the Elderly",635645258311778,978433964868542,,Monday,,,9:00AM,5:00PM,,,,,,,,
1153058029513279,"AARP Legal Counsel for the Elderly",805290013325766,978433964868542,,Monday,,,9:00AM,5:00PM,,,,,,,,
1153058029513279,"AARP Legal Counsel for the Elderly",982207553498582,978433964868542,,Monday,,,9:00AM,5:00PM,,,,,,,,
1153058029513279,"AARP Legal Counsel for the Elderly",954742655318156,978433964868542,,Monday,,,9:00AM,5:00PM,,,,,,,,
1153058029513279,"AARP Legal Counsel for the Elderly",1146427923405605,978433964868542,,Monday,,,9:00AM,5:00PM,,,,,,,,
1153058029513279,"AARP Legal Counsel for the Elderly",1108394531508208,978433964868542,,Monday,,,9:00AM,5:00PM,,,,,,,,
1153058029513279,"AARP Legal Counsel for the Elderly",1102203467116873,978433964868542,,Monday,,,9:00AM,5:00PM,,,,,,,,
1153058029513279,"AARP Legal Counsel for the Elderly",1122765390786822,978433964868542,,Monday,,,9:00AM,5:00PM,,,,,,,,
1155445837483426,"Welcome Center Drop-in Hours - Monday Morning",643156433763559,1260258325512587,,Monday,,,8:30AM,11:30AM,,,,,,,,
1155445837483426,"Welcome Center Drop-in Hours - Monday Morning",637799341696955,1260258325512587,,Monday,,,8:30AM,11:30AM,,,,,,,,
1106799266409790,"Mary's Center - Petworth Health Center - Behavioral Health ",570279198497703,1202618027693441,,"Monday - Friday",,,8:00AM,5:00PM,,,,,,,,
1106799266409790,"Mary's Center - Petworth Health Center - Behavioral Health ",615102245607234,1202618027693441,,"Monday - Friday",,,8:00AM,5:00PM,,,,,,,,
1106799266409790,"Mary's Center - Petworth Health Center - Behavioral Health ",834474801815094,1202618027693441,,"Monday - Friday",,,8:00AM,5:00PM,,,,,,,,
1106799266409790,"Mary's Center - Petworth Health Center - Behavioral Health ",1054654881182092,1202618027693441,,"Monday - Friday",,,8:00AM,5:00PM,,,,,,,,
1106799266409790,"Mary's Center - Petworth Health Center - Behavioral Health ",1073305429578122,1202618027693441,,"Monday - Friday",,,8:00AM,5:00PM,,,,,,,,
1106799266409790,"Mary's Center - Petworth Health Center - Behavioral Health ",1149133594765984,1202618027693441,,"Monday - Friday",,,8:00AM,5:00PM,,,,,,,,
1106799266409790,"Mary's Center - Petworth Health Center - Behavioral Health ",1171041183154896,1202618027693441,,"Monday - Friday",,,8:00AM,5:00PM,,,,,,,,
1106799266409790,"Mary's Center - Petworth Health Center - Behavioral Health ",1281873572081806,1202618027693441,,"Monday - Friday",,,8:00AM,5:00PM,,,,,,,,
1131129180411439,"Anchor Counseling Services",1195264768754640,,,Monday-Friday,,,8:30AM,5:00PM,,,,,,,,
1161686932460982,"HBP Mon-Fri",1172189593592063,,,Monday-Friday,,,9:00AM,5:45PM,,,,,,,,
1161686932460982,"HBP Mon-Fri",1317004978451196,,,Monday-Friday,,,9:00AM,5:45PM,,,,,,,,
1144543884264901,"Calvary Women's Services 24/7",569326528063960,902244835227859,,Monday-Sunday,,,"24 hours",,,,,,,,,
1144543884264901,"Calvary Women's Services 24/7",1205629989379688,902244835227859,,Monday-Sunday,,,"24 hours",,,,,,,,,
1161146557284538,"Welcome Center Drop-in Hours - Wed-Thur Afternoon",643156433763559,1260258325512587,,"Wednesday - Thursday",,,1:00PM,3:00PM,,,,,,,,
1161146557284538,"Welcome Center Drop-in Hours - Wed-Thur Afternoon",637799341696955,1260258325512587,,"Wednesday - Thursday",,,1:00PM,3:00PM,,,,,,,,
1199480495190503,"Martha's Table - Community Market - Commons",867810178957304,,,"Fourth Friday of each month",,,4:00PM,6:00PM,,,,,,,,
1158254210885553,"Casa Ruby - Mon-Fri",829979157869352,626384571287639,,"Monday - Friday",,,10:00AM,6:00PM,,,,,,,,
1200466560559152,"Marie Reed Health Center - Emotional Wellness Hours - Saturday",915604912347301,810081831183407,,Saturday,,,9:00AM,3:30PM,,,,,,,,
1184491209256204,"Mary's Center - Petworth Health Center - Medical - Monday, Wednesday",771415038083007,1202618027693441,,"Monday, Wednesday",,,8:00AM,8:00PM,,,,,,,,
1184491209256204,"Mary's Center - Petworth Health Center - Medical - Monday, Wednesday",927583086660595,1202618027693441,,"Monday, Wednesday",,,8:00AM,8:00PM,,,,,,,,
1184491209256204,"Mary's Center - Petworth Health Center - Medical - Monday, Wednesday",935391639326831,1202618027693441,,"Monday, Wednesday",,,8:00AM,8:00PM,,,,,,,,
1184491209256204,"Mary's Center - Petworth Health Center - Medical - Monday, Wednesday",1222212212143407,1202618027693441,,"Monday, Wednesday",,,8:00AM,8:00PM,,,,,,,,
1184491209256204,"Mary's Center - Petworth Health Center - Medical - Monday, Wednesday",1330210073954058,1202618027693441,,"Monday, Wednesday",,,8:00AM,8:00PM,,,,,,,,
1195932518500288,"Elaine Ellis - MD - Friday",1225681361275050,1020706673677182,,Friday,,,9:00AM,2:00PM,,,,,,,,
1199810856302974,"VWFRC - Fri",781718626017793,584215858451001,,Friday,,,8:00AM,12:00PM,,,,,,,,
1199810856302974,"VWFRC - Fri",1207720606469506,584215858451001,,Friday,,,8:00AM,12:00PM,,,,,,,,
1179944668219162,"McKenna's Wagon - 15th and K St., NW",1298850689126022,849213479290179,,"Sunday - Saturday",,,6:15PM,6:45PM,,,,,,,,
1186395037657157,"UPO Comprehensive Treatment Center - Saturday",896329421364349,669512480103420,,Saturday,,,7:00AM,11:00AM,,,,,,,,
1244077749546922,"Martha's Table - Rita Bright - Community Market",867810178957304,1280629114863869,,"Last Thursday of each month",,,10:00AM,12:00PM,,,,,,,,
1248064033669659,"LAYC DC Center - M,W,F",573886519226225,1273232122875210,,"Monday, Wednesday, Friday",,,8:00AM,7:00PM,,,,,,,,
1248064033669659,"LAYC DC Center - M,W,F",665233370065008,1273232122875210,,"Monday, Wednesday, Friday",,,8:00AM,7:00PM,,,,,,,,
1248064033669659,"LAYC DC Center - M,W,F",838936758542114,1273232122875210,,"Monday, Wednesday, Friday",,,8:00AM,7:00PM,,,,,,,,
1248064033669659,"LAYC DC Center - M,W,F",930620453165185,1273232122875210,,"Monday, Wednesday, Friday",,,8:00AM,7:00PM,,,,,,,,
1248064033669659,"LAYC DC Center - M,W,F",1073041672347811,1273232122875210,,"Monday, Wednesday, Friday",,,8:00AM,7:00PM,,,,,,,,
1248064033669659,"LAYC DC Center - M,W,F",1204854175620898,1273232122875210,,"Monday, Wednesday, Friday",,,8:00AM,7:00PM,,,,,,,,
1248064033669659,"LAYC DC Center - M,W,F",1343816429794125,1273232122875210,,"Monday, Wednesday, Friday",,,8:00AM,7:00PM,,,,,,,,
1194392879452676,"Far Southeast Family Strengthening Collaborative - Tue, Thur",618510425235763,,,"Tuesday, Thursday",,,9:00AM,8:00PM,,,,,,,,
1194392879452676,"Far Southeast Family Strengthening Collaborative - Tue, Thur",678336489867060,,,"Tuesday, Thursday",,,9:00AM,8:00PM,,,,,,,,
1194392879452676,"Far Southeast Family Strengthening Collaborative - Tue, Thur",763106931954514,,,"Tuesday, Thursday",,,9:00AM,8:00PM,,,,,,,,
1194392879452676,"Far Southeast Family Strengthening Collaborative - Tue, Thur",936906190018086,,,"Tuesday, Thursday",,,9:00AM,8:00PM,,,,,,,,
1194392879452676,"Far Southeast Family Strengthening Collaborative - Tue, Thur",954270986825825,,,"Tuesday, Thursday",,,9:00AM,8:00PM,,,,,,,,
1194392879452676,"Far Southeast Family Strengthening Collaborative - Tue, Thur",949725297401271,,,"Tuesday, Thursday",,,9:00AM,8:00PM,,,,,,,,
1194392879452676,"Far Southeast Family Strengthening Collaborative - Tue, Thur",1102032278098336,,,"Tuesday, Thursday",,,9:00AM,8:00PM,,,,,,,,
1194392879452676,"Far Southeast Family Strengthening Collaborative - Tue, Thur",1277554928342075,,,"Tuesday, Thursday",,,9:00AM,8:00PM,,,,,,,,
1239905610045057,"Mary's Center - Fort Totten - Medical Hours",771415038083007,953875575104132,,"Monday - Friday",,,8:00AM,6:00PM,,,,,,,,
1239905610045057,"Mary's Center - Fort Totten - Medical Hours",927583086660595,953875575104132,,"Monday - Friday",,,8:00AM,6:00PM,,,,,,,,
1239905610045057,"Mary's Center - Fort Totten - Medical Hours",935391639326831,953875575104132,,"Monday - Friday",,,8:00AM,6:00PM,,,,,,,,
1239905610045057,"Mary's Center - Fort Totten - Medical Hours",1222212212143407,953875575104132,,"Monday - Friday",,,8:00AM,6:00PM,,,,,,,,
1239905610045057,"Mary's Center - Fort Totten - Medical Hours",1330210073954058,953875575104132,,"Monday - Friday",,,8:00AM,6:00PM,,,,,,,,
1256040996018645,"Conway Health and Resource Center -  Emotional Wellness Hours  - Thursday",915604912347301,1279229683648851,,Thursday,,,8:30AM,8:00PM,,,,,,,,
1256040996018645,"Conway Health and Resource Center -  Emotional Wellness Hours  - Thursday",1086669106439677,1279229683648851,,Thursday,,,8:30AM,8:00PM,,,,,,,,
1227089097218053,"LAYC - DC Center - T,TH",573886519226225,1273232122875210,,"Tuesday, Thursday",,,8:00AM,8:00PM,,,,,,,,
1227089097218053,"LAYC - DC Center - T,TH",665233370065008,1273232122875210,,"Tuesday, Thursday",,,8:00AM,8:00PM,,,,,,,,
1227089097218053,"LAYC - DC Center - T,TH",838936758542114,1273232122875210,,"Tuesday, Thursday",,,8:00AM,8:00PM,,,,,,,,
1227089097218053,"LAYC - DC Center - T,TH",930620453165185,1273232122875210,,"Tuesday, Thursday",,,8:00AM,8:00PM,,,,,,,,
1227089097218053,"LAYC - DC Center - T,TH",1073041672347811,1273232122875210,,"Tuesday, Thursday",,,8:00AM,8:00PM,,,,,,,,
1227089097218053,"LAYC - DC Center - T,TH",1204854175620898,1273232122875210,,"Tuesday, Thursday",,,8:00AM,8:00PM,,,,,,,,
1227089097218053,"LAYC - DC Center - T,TH",1343816429794125,1273232122875210,,"Tuesday, Thursday",,,8:00AM,8:00PM,,,,,,,,
1262321195479605,"Catholic Charities Legal Network Wed, Thur",612333310679780,,,"Wed-Thur (Closed 12-2pm)",,,9:30AM,7:00PM,,,,,,,,
1264033974254119,"UPO Comprehensive Treatment Center - Mon-Fri",896329421364349,669512480103420,,"Monday - Friday (closed 1-2pm)",,,9:45AM,6:00PM,,,,,,,,
1224910271497053,"Elaine Ellis - DC - Friday",1225681361275050,1114551742239605,,Friday,,,9:30AM,2:00PM,,,,,,,,
1288075226708754,"ERFSC Mon-Thur",1236034161171034,,,"Monday - Thursday",,,8:30AM,7:00PM,,,,,,,,
1243886507260834,"Central Union Emergency Shelter",573712074661708,1139106965939659,,"Monday - Friday",,,7:30AM,10:00PM,,,,,,,,
1278111949794095,"UPO Petey Greene - Mon-Fri",790527027022440,1288442867873978,,"Monday - Friday",,,9:45AM,6:00PM,,,,,,,,
1278111949794095,"UPO Petey Greene - Mon-Fri",782329565925103,1288442867873978,,"Monday - Friday",,,9:45AM,6:00PM,,,,,,,,
1278111949794095,"UPO Petey Greene - Mon-Fri",828103015767690,1288442867873978,,"Monday - Friday",,,9:45AM,6:00PM,,,,,,,,
1278111949794095,"UPO Petey Greene - Mon-Fri",824403148838289,1288442867873978,,"Monday - Friday",,,9:45AM,6:00PM,,,,,,,,
1278111949794095,"UPO Petey Greene - Mon-Fri",823287765002075,1288442867873978,,"Monday - Friday",,,9:45AM,6:00PM,,,,,,,,
1278111949794095,"UPO Petey Greene - Mon-Fri",925701018774057,1288442867873978,,"Monday - Friday",,,9:45AM,6:00PM,,,,,,,,
1278111949794095,"UPO Petey Greene - Mon-Fri",957811011700764,1288442867873978,,"Monday - Friday",,,9:45AM,6:00PM,,,,,,,,
1278111949794095,"UPO Petey Greene - Mon-Fri",944606179638640,1288442867873978,,"Monday - Friday",,,9:45AM,6:00PM,,,,,,,,
1278111949794095,"UPO Petey Greene - Mon-Fri",1097124274962034,1288442867873978,,"Monday - Friday",,,9:45AM,6:00PM,,,,,,,,
1278111949794095,"UPO Petey Greene - Mon-Fri",1131822692438420,1288442867873978,,"Monday - Friday",,,9:45AM,6:00PM,,,,,,,,
1278111949794095,"UPO Petey Greene - Mon-Fri",1115773035158894,1288442867873978,,"Monday - Friday",,,9:45AM,6:00PM,,,,,,,,
1278111949794095,"UPO Petey Greene - Mon-Fri",1222343403264201,1288442867873978,,"Monday - Friday",,,9:45AM,6:00PM,,,,,,,,
1278111949794095,"UPO Petey Greene - Mon-Fri",1234923855165980,1288442867873978,,"Monday - Friday",,,9:45AM,6:00PM,,,,,,,,
1278111949794095,"UPO Petey Greene - Mon-Fri",1272403811888637,1288442867873978,,"Monday - Friday",,,9:45AM,6:00PM,,,,,,,,
1278111949794095,"UPO Petey Greene - Mon-Fri",1280097613047736,1288442867873978,,"Monday - Friday",,,9:45AM,6:00PM,,,,,,,,
1278111949794095,"UPO Petey Greene - Mon-Fri",1274090737385222,1288442867873978,,"Monday - Friday",,,9:45AM,6:00PM,,,,,,,,
1278111949794095,"UPO Petey Greene - Mon-Fri",1244177955657488,1288442867873978,,"Monday - Friday",,,9:45AM,6:00PM,,,,,,,,
1306923898154738,"Martha's Table Headquarters at the Commons - Extended Market Hours",925876618282340,636848661261240,,Tuesday,,,11:00AM,6:00PM,,,,,,,,
1284034006557656,"Marie Reed Health Center - Dental Hours - Mon, Tue, Thur, Fri",1225681361275050,810081831183407,,"Mon, Tue, Thur, Fri",,,9:00AM,5:00PM,,,,,,,,
1284813420872854,"Elaine Ellis - DC - Mon & Wed",1225681361275050,1114551742239605,,"Monday & Wednesday",,,9:00AM,6:00PM,,,,,,,,
1261898329520826,"Family Health and Birth Center - Emotional Wellness - Tuesday",621585086191000,898004780647297,,Tuesday,,,8:30AM,8:00PM,,,,,,,,
1261898329520826,"Family Health and Birth Center - Emotional Wellness - Tuesday",915604912347301,898004780647297,,Tuesday,,,8:30AM,8:00PM,,,,,,,,
1261898329520826,"Family Health and Birth Center - Emotional Wellness - Tuesday",1185359834982349,898004780647297,,Tuesday,,,8:30AM,8:00PM,,,,,,,,
1300752151799822,"Martha's Table Headquarters at the Commons - Market Hours",925876618282340,636848661261240,,"Monday, Wednesday-Friday",,,11:00AM,4:00PM,,,,,,,,
1315911736056966,"My Sister's Place",740783063728260,,,"Monday - Friday",,,10:00AM,6:00PM,,,,,,,,
1315911736056966,"My Sister's Place",888508309645148,,,"Monday - Friday",,,10:00AM,6:00PM,,,,,,,,
1315911736056966,"My Sister's Place",930016985181850,,,"Monday - Friday",,,10:00AM,6:00PM,,,,,,,,
1315911736056966,"My Sister's Place",937636854587265,,,"Monday - Friday",,,10:00AM,6:00PM,,,,,,,,
1321496808052770,"Mamatoto Village - Mon-Fri",704832527436297,1153279049261324,,Monday-Friday,,,9:30AM,4:00PM,,,,,,,,
1321496808052770,"Mamatoto Village - Mon-Fri",837150649376459,1153279049261324,,Monday-Friday,,,9:30AM,4:00PM,,,,,,,,
1321496808052770,"Mamatoto Village - Mon-Fri",800852356091403,1153279049261324,,Monday-Friday,,,9:30AM,4:00PM,,,,,,,,
1321496808052770,"Mamatoto Village - Mon-Fri",1006868535209989,1153279049261324,,Monday-Friday,,,9:30AM,4:00PM,,,,,,,,
1324986067958938,"Marie Reed Health Center - Medical Hours - Sat",573712074661708,810081831183407,,Saturday,,,9:00AM,3:30PM,,,,,,,,
1324986067958938,"Marie Reed Health Center - Medical Hours - Sat",1107196998383990,810081831183407,,Saturday,,,9:00AM,3:30PM,,,,,,,,
1334350080962031,"Marie Reed Health Center - Dental Hours - Wednesday",1225681361275050,810081831183407,,Wednesday,,,9:00AM,6:00PM,,,,,,,,
1338504372190060,"Marie Reed Health Center - Emotional Wellness Hours - Mon, Tue, Thur, Fri",915604912347301,810081831183407,,"Mon, Tue, Thur, Fri",,,8:30AM,5:00PM,,,,,,,,
1338861885600894,,1227451026876891,,,,,,,,,,,monday,,,,
1338861885600895,,1227451026876891,,,,,,,,,,,tuesday,,,,
1338861885600896,,1227451026876891,,,,,,,,,,,wednesday,,,,
1338861885600897,,1227451026876891,,,,,,,,,,,thursday,,,,
1338861885600898,,1227451026876891,,,,,,,,,,,friday,,,,
1338861885600899,,1227451026876891,,,,,,,,,,,saturday,,,,
1338861885600900,,1227451026876891,,,,,,,,,,,sunday,,,,
1338861885601018,,1125987342546107,,,,,,,,,,,monday,,,,
1338861885601019,,1125987342546107,,,,,,,,,,,tuesday,,,,
1338861885601020,,1125987342546107,,,,,,,,,,,wednesday,,,,
1338861885601021,,1125987342546107,,,,,,,,,,,thursday,,,,
1338861885601022,,1125987342546107,,,,,,,,,,,friday,,,,
1338861885601023,,1125987342546107,,,,,,,,,,,saturday,,,,
1338861885601024,,1125987342546107,,,,,,,,,,,sunday,,,,
1338861885601025,,1124640120854271,,,,,,,,,,,monday,,,,
1338861885601026,,1124640120854271,,,,,,,,,,,tuesday,,,,
1338861885601027,,1124640120854271,,,,,,,,,,,wednesday,,,,
1338861885601028,,1124640120854271,,,,,,,,,,,thursday,,,,
1338861885601029,,1124640120854271,,,,,,,,,,,friday,,,,
1338861885601030,,1124640120854271,,,,,,,,,,,saturday,,,,
1338861885601031,,1124640120854271,,,,,,,,,,,sunday,,,,
1338861885601277,,958856187058355,,,,,,,,,,,monday,,,,
1338861885601278,,958856187058355,,,,,,,,,,,tuesday,,,,
1338861885601279,,958856187058355,,,,,,,,,,,wednesday,,,,
1338861885601280,,958856187058355,,,,,,,,,,,thursday,,,,
1338861885601281,,958856187058355,,,,,,,,,,,friday,,,,
1338861885601282,,958856187058355,,,,,,,,,,,saturday,,,,
1338861885601283,,958856187058355,,,,,,,,,,,sunday,,,,
1338861885601302,,958856187058355,,,,,,,,,,,,,,,
1338861885601303,,1338909579517881,,,,,,,,,,,monday,,,,
1338861885601304,,1338909579517881,,,,,,,,,,,tuesday,,,,
1338861885601305,,1338909579517881,,,,,,,,,,,wednesday,,,,
1338861885601306,,1338909579517881,,,,,,,,,,,thursday,,,,
1338861885601307,,1338909579517881,,,,,,,,,,,friday,,,,
1338861885601308,,1338909579517881,,,,,,,,,,,saturday,,,,
1338861885601309,,1338909579517881,,,,,,,,,,,sunday,,,,
1338861885601310,,1338909579517881,,,,,,,,,,,,,,,
1338861885601375,,567687090092713,,,,,,,,,,,monday,,,,
1338861885601376,,567687090092713,,,,,,,,,,,tuesday,,,,
1338861885601377,,567687090092713,,,,,,,,,,,wednesday,,,,
1338861885601378,,567687090092713,,,,,,,,,,,thursday,,,,
1338861885601379,,567687090092713,,,,,,,,,,,friday,,,,
1338861885601380,,567687090092713,,,,,,,,,,,saturday,,,,
1338861885601381,,567687090092713,,,,,,,,,,,sunday,,,,
1338861885601382,,567687090092713,,,,,,,,,,,,,,,
1338861885601387,,819105625973846,,,,,,,,,,,monday,,,,
1338861885601388,,819105625973846,,,,,,,,,,,tuesday,,,,
1338861885601389,,819105625973846,,,,,,,,,,,wednesday,,,,
1338861885601390,,819105625973846,,,,,,,,,,,thursday,,,,
1338861885601391,,819105625973846,,,,,,,,,,,friday,,,,
1338861885601392,,819105625973846,,,,,,,,,,,saturday,,,,
1338861885601393,,819105625973846,,,,,,,,,,,sunday,,,,
1338861885601398,,819105625973846,,,,,,,,,,,,,,,
1338861885601695,,770578690423338,,,,,,,,,,,monday,,,,
1338861885601696,,770578690423338,,,,,,,,,,,tuesday,,,,
1338861885601697,,770578690423338,,,,,,,,,,,wednesday,,,,
1338861885601698,,770578690423338,,,,,,,,,,,thursday,,,,
1338861885601699,,770578690423338,,,,,,,,,,,friday,,,,
1338861885601700,,770578690423338,,,,,,,,,,,saturday,,,,
1338861885601701,,770578690423338,,,,,,,,,,,sunday,,,,
1338861885601876,,785571229155728,,,,,,,,,,,monday,,,,
1338861885601877,,785571229155728,,,,,,,,,,,tuesday,,,,
1338861885601878,,785571229155728,,,,,,,,,,,wednesday,,,,
1338861885601879,,785571229155728,,,,,,,,,,,thursday,,,,
1338861885601880,,785571229155728,,,,,,,,,,,friday,,,,
1338861885601881,,785571229155728,,,,,,,,,,,saturday,,,,
1338861885601882,,785571229155728,,,,,,,,,,,sunday,,,,
1338861885601917,,785571229155728,,,,,,,,,,,,,,,
1338861885601987,,770578690423338,,,,,,,,,,,,,,,
1338861885602009,,990059361209852,,,,,,,,,,,monday,,,,
1338861885602010,,990059361209852,,,,,,,,,,,tuesday,,,,
1338861885602011,,990059361209852,,,,,,,,,,,wednesday,,,,
1338861885602012,,990059361209852,,,,,,,,,,,thursday,,,,
1338861885602013,,990059361209852,,,,,,,,,,,friday,,,,
1338861885602014,,990059361209852,,,,,,,,,,,saturday,,,,
1338861885602015,,990059361209852,,,,,,,,,,,sunday,,,,
1338861885602026,,990059361209852,,,,,,,,,,,,,,,
1338861885602028,,956603811443415,,,,,,,,,,,monday,,,,
1338861885602029,,956603811443415,,,,,,,,,,,tuesday,,,,
1338861885602030,,956603811443415,,,,,,,,,,,wednesday,,,,
1338861885602031,,956603811443415,,,,,,,,,,,thursday,,,,
1338861885602032,,956603811443415,,,,,,,,,,,friday,,,,
1338861885602033,,956603811443415,,,,,,,,,,,saturday,,,,
1338861885602034,,956603811443415,,,,,,,,,,,sunday,,,,
1338861885602041,,956603811443415,,,,,,,,,,,,,,,
1338861885602043,,882977120503000,,,,,,,,,,,monday,,,,
1338861885602044,,882977120503000,,,,,,,,,,,tuesday,,,,
1338861885602045,,882977120503000,,,,,,,,,,,wednesday,,,,
1338861885602046,,882977120503000,,,,,,,,,,,thursday,,,,
1338861885602047,,882977120503000,,,,,,,,,,,friday,,,,
1338861885602048,,882977120503000,,,,,,,,,,,saturday,,,,
1338861885602049,,882977120503000,,,,,,,,,,,sunday,,,,
1338861885602837,,917340488183103,,,,,,,,,,,monday,,,,
1338861885602838,,917340488183103,,,,,,,,,,,tuesday,,,,
1338861885602839,,917340488183103,,,,,,,,,,,wednesday,,,,
1338861885602840,,917340488183103,,,,,,,,,,,thursday,,,,
1338861885602841,,917340488183103,,,,,,,,,,,friday,,,,
1338861885602842,,917340488183103,,,,,,,,,,,saturday,,,,
1338861885602843,,917340488183103,,,,,,,,,,,sunday,,,,
1338861885602844,,917340488183103,,,,,,,,,,,,,,,
1338861885602845,,989379893295634,,,,,,,,,,,monday,,,,
1338861885602846,,989379893295634,,,,,,,,,,,tuesday,,,,
1338861885602847,,989379893295634,,,,,,,,,,,wednesday,,,,
1338861885602848,,989379893295634,,,,,,,,,,,thursday,,,,
1338861885602849,,989379893295634,,,,,,,,,,,friday,,,,
1338861885602850,,989379893295634,,,,,,,,,,,saturday,,,,
1338861885602851,,989379893295634,,,,,,,,,,,sunday,,,,
1338861885602852,,989379893295634,,,,,,,,,,,,,,,
1338861885602853,,1194872069892643,,,,,,,,,,,monday,,,,
1338861885602854,,1194872069892643,,,,,,,,,,,tuesday,,,,
1338861885602855,,1194872069892643,,,,,,,,,,,wednesday,,,,
1338861885602856,,1194872069892643,,,,,,,,,,,thursday,,,,
1338861885602857,,1194872069892643,,,,,,,,,,,friday,,,,
1338861885602858,,1194872069892643,,,,,,,,,,,saturday,,,,
1338861885602859,,1194872069892643,,,,,,,,,,,sunday,,,,
1338861885602860,,1194872069892643,,,,,,,,,,,,,,,
1338861885602864,,912868472017219,,,,,,,,,,,monday,,,,
1338861885602865,,912868472017219,,,,,,,,,,,tuesday,,,,
1338861885602866,,912868472017219,,,,,,,,,,,wednesday,,,,
1338861885602867,,912868472017219,,,,,,,,,,,thursday,,,,
1338861885602868,,912868472017219,,,,,,,,,,,friday,,,,
1338861885602869,,912868472017219,,,,,,,,,,,saturday,,,,
1338861885602870,,912868472017219,,,,,,,,,,,sunday,,,,
1338861885602871,,912868472017219,,,,,,,,,,,,,,,
1338861885602873,,744532051423737,,,,,,,,,,,monday,,,,
1338861885602874,,744532051423737,,,,,,,,,,,tuesday,,,,
1338861885602875,,744532051423737,,,,,,,,,,,wednesday,,,,
1338861885602876,,744532051423737,,,,,,,,,,,thursday,,,,
1338861885602877,,744532051423737,,,,,,,,,,,friday,,,,
1338861885602878,,744532051423737,,,,,,,,,,,saturday,,,,
1338861885602879,,744532051423737,,,,,,,,,,,sunday,,,,
1338861885602880,,744532051423737,,,,,,,,,,,,,,,
1338861885602882,,1125987342546107,,,,,,,,,,,,,,,
1338861885602884,,1124640120854271,,,,,,,,,,,,,,,
1338861885602886,,1146482188745759,,,,,,,,,,,monday,,,,
1338861885602887,,1146482188745759,,,,,,,,,,,tuesday,,,,
1338861885602888,,1146482188745759,,,,,,,,,,,wednesday,,,,
1338861885602889,,1146482188745759,,,,,,,,,,,thursday,,,,
1338861885602890,,1146482188745759,,,,,,,,,,,friday,,,,
1338861885602891,,1146482188745759,,,,,,,,,,,saturday,,,,
1338861885602892,,1146482188745759,,,,,,,,,,,sunday,,,,
1338861885602893,,1146482188745759,,,,,,,,,,,,,,,
1338861885603065,,897612626354041,,,,,,,,,,,monday,,,,
1338861885603066,,897612626354041,,,,,,,,,,,tuesday,,,,
1338861885603067,,897612626354041,,,,,,,,,,,wednesday,,,,
1338861885603068,,897612626354041,,,,,,,,,,,thursday,,,,
1338861885603069,,897612626354041,,,,,,,,,,,friday,,,,
1338861885603070,,897612626354041,,,,,,,,,,,saturday,,,,
1338861885603071,,897612626354041,,,,,,,,,,,sunday,,,,
1338861885603076,,897612626354041,,,,,,,,,,,,,,,
1338861885603285,,797730088708586,,,,,,,,,,,monday,,,,
1338861885603286,,797730088708586,,,,,,,,,,,tuesday,,,,
1338861885603287,,797730088708586,,,,,,,,,,,wednesday,,,,
1338861885603288,,797730088708586,,,,,,,,,,,thursday,,,,
1338861885603289,,797730088708586,,,,,,,,,,,friday,,,,
1338861885603290,,797730088708586,,,,,,,,,,,saturday,,,,
1338861885603291,,797730088708586,,,,,,,,,,,sunday,,,,
1338861885603308,,797730088708586,,,,,,,,,,,,,,,
1338861885603333,,882977120503000,,,,,,,,,,,,,,,
1338861885603399,,1242062893800378,,,,,,,,,,,monday,,,,
1338861885603400,,1242062893800378,,,,,,,,,,,tuesday,,,,
1338861885603401,,1242062893800378,,,,,,,,,,,wednesday,,,,
1338861885603402,,1242062893800378,,,,,,,,,,,thursday,,,,
1338861885603403,,1242062893800378,,,,,,,,,,,friday,,,,
1338861885603404,,1242062893800378,,,,,,,,,,,saturday,,,,
1338861885603405,,1242062893800378,,,,,,,,,,,sunday,,,,
1338861885603406,,1242062893800378,,,,,,,,,,,,,,,
1338861885603416,,1089573809572411,,,,,,,,,,,monday,,,,
1338861885603417,,1089573809572411,,,,,,,,,,,tuesday,,,,
1338861885603418,,1089573809572411,,,,,,,,,,,wednesday,,,,
1338861885603419,,1089573809572411,,,,,,,,,,,thursday,,,,
1338861885603420,,1089573809572411,,,,,,,,,,,friday,,,,
1338861885603421,,1089573809572411,,,,,,,,,,,saturday,,,,
1338861885603422,,1089573809572411,,,,,,,,,,,sunday,,,,
1338861885603423,,1089573809572411,,,,,,,,,,,,,,,
1338861885603435,,1204195770141501,,,,,,,,,,,monday,,,,
1338861885603436,,1204195770141501,,,,,,,,,,,tuesday,,,,
1338861885603437,,1204195770141501,,,,,,,,,,,wednesday,,,,
1338861885603438,,1204195770141501,,,,,,,,,,,thursday,,,,
1338861885603439,,1204195770141501,,,,,,,,,,,friday,,,,
1338861885603440,,1204195770141501,,,,,,,,,,,saturday,,,,
1338861885603441,,1204195770141501,,,,,,,,,,,sunday,,,,
1338861885603444,,1215666375374993,,,,,,,,,,,monday,,,,
1338861885603445,,1215666375374993,,,,,,,,,,,tuesday,,,,
1338861885603446,,1215666375374993,,,,,,,,,,,wednesday,,,,
1338861885603447,,1215666375374993,,,,,,,,,,,thursday,,,,
1338861885603448,,1215666375374993,,,,,,,,,,,friday,,,,
1338861885603449,,1215666375374993,,,,,,,,,,,saturday,,,,
1338861885603450,,1215666375374993,,,,,,,,,,,sunday,,,,
1338861885603457,,1215666375374993,,,,,,,,,,,,,,,
1338861885603485,,1204195770141501,,,,,,,,,,,,,,,
