id,location_id,accessibility,details
5,1333682431246578,,
6,908942274584388,,
10,1333682431246579,,
9,804162820575251,,
10,623817892479347,,"Not wheelchair accessible. No ASL available."
10,844015447975705,,"Wheelchair accessible."
10,1333682431246581,,"Visitors with concerns about the level of access for specific physical conditions, are always recommended to contact the organization directly to obtain the best possible information about physical access"
10,1333682431246581,,"Visitors with concerns about the level of access for specific physical conditions, are always recommended to contact the organization directly to obtain the best possible information about physical access"
10,1293267778021809,,
10,859883434612658,,
10,1333682431246581,,"Visitors with concerns about the level of access for specific physical conditions, are always recommended to contact the organization directly to obtain the best possible information about physical access"
10,1333682431246581,,"Visitors with concerns about the level of access for specific physical conditions, are always recommended to contact the organization directly to obtain the best possible information about physical access"
10,1125441162012486,,"Visitors with concerns about the level of access for specific physical conditions, are always recommended to contact the organization directly to obtain the best possible information about physical access"
10,1333682431246581,,"Visitors with concerns about the level of access for specific physical conditions, are always recommended to contact the organization directly to obtain the best possible information about physical access"
10,1333682431246581,,"Visitors with concerns about the level of access for specific physical conditions, are always recommended to contact the organization directly to obtain the best possible information about physical access"
10,1333682431246581,,"Visitors with concerns about the level of access for specific physical conditions, are always recommended to contact the organization directly to obtain the best possible information about physical access"
10,1333682431246581,,"Visitors with concerns about the level of access for specific physical conditions, are always recommended to contact the organization directly to obtain the best possible information about physical access"
10,1333682431246581,,"Visitors with concerns about the level of access for specific physical conditions, are always recommended to contact the organization directly to obtain the best possible information about physical access"
10,1333682431246581,,"Visitors with concerns about the level of access for specific physical conditions, are always recommended to contact the organization directly to obtain the best possible information about physical access"
10,1333682431246580,,
10,608530994924722,,
10,1333682431246582,,"Visitors with concerns about the level of access for specific physical conditions, are always recommended to contact the organization directly to obtain the best possible information about physical access"
10,1333682431246583,,"Visitors with concerns about the level of access for specific physical conditions, are always recommended to contact the organization directly to obtain the best possible information about physical access"
10,1333682431246583,,"Visitors with concerns about the level of access for specific physical conditions, are always recommended to contact the organization directly to obtain the best possible information about physical access"
10,1333682431246583,,"Visitors with concerns about the level of access for specific physical conditions, are always recommended to contact the organization directly to obtain the best possible information about physical access"
10,1333682431246583,,"Visitors with concerns about the level of access for specific physical conditions, are always recommended to contact the organization directly to obtain the best possible information about physical access"
10,1333682431246583,,"Visitors with concerns about the level of access for specific physical conditions, are always recommended to contact the organization directly to obtain the best possible information about physical access"
10,1333682431246583,,"Visitors with concerns about the level of access for specific physical conditions, are always recommended to contact the organization directly to obtain the best possible information about physical access"
10,1293661242956981,,
10,1333682431246583,"ADA Complaint","Visitors with concerns about the level of access for specific physical conditions, are always recommended to contact the organization directly to obtain the best possible information about physical access"
10,1333682431246584,"ADA Complaint","Visitors with concerns about the level of access for specific physical conditions, are always recommended to contact the organization directly to obtain the best possible information about physical access"
10,1333682431246584,"ADA Complaint","Visitors with concerns about the level of access for specific physical conditions, are always recommended to contact the organization directly to obtain the best possible information about physical access"
10,1333682431246584,"ADA Complaint","Visitors with concerns about the level of access for specific physical conditions, are always recommended to contact the organization directly to obtain the best possible information about physical access"
10,1333682431246584,"ADA Complaint","Visitors with concerns about the level of access for specific physical conditions, are always recommended to contact the organization directly to obtain the best possible information about physical access"
10,1333682431246584,"ADA Complaint","Visitors with concerns about the level of access for specific physical conditions, are always recommended to contact the organization directly to obtain the best possible information about physical access"
10,1333682431246584,"ADA Complaint","Visitors with concerns about the level of access for specific physical conditions, are always recommended to contact the organization directly to obtain the best possible information about physical access"
10,1333682431246584,"ADA Complaint","Visitors with concerns about the level of access for specific physical conditions, are always recommended to contact the organization directly to obtain the best possible information about physical access"
10,1333682431246585,"ADA Complaint","Visitors with concerns about the level of access for specific physical conditions, are always recommended to contact the organization directly to obtain the best possible information about physical access"
10,1333682431246586,,"Visitors with concerns about the level of access for specific physical conditions, are always recommended to contact the organization directly to obtain the best possible information about physical access"
10,1333682431246587,"ADA Complaint","Visitors with concerns about the level of access for specific physical conditions, are always recommended to contact the organization directly to obtain the best possible information about physical access"
10,1333682431246588,,"Visitors with concerns about the level of access for specific physical conditions, are always recommended to contact the organization directly to obtain the best possible information about physical access"
10,1333682431246589,,"Visitors with concerns about the level of access for specific physical conditions, are always recommended to contact the organization directly to obtain the best possible information about physical access"
10,1333682431246590,,"Visitors with concerns about the level of access for specific physical conditions, are always recommended to contact the organization directly to obtain the best possible information about physical access"
10,1333682431246591,,"Visitors with concerns about the level of access for specific physical conditions, are always recommended to contact the organization directly to obtain the best possible information about physical access"
10,1333682431246592,,"Visitors with concerns about the level of access for specific physical conditions, are always recommended to contact the organization directly to obtain the best possible information about physical access"
10,1333682431246593,,"Visitors with concerns about the level of access for specific physical conditions, are always recommended to contact the organization directly to obtain the best possible information about physical access"
10,1333682431246594,,"Visitors with concerns about the level of access for specific physical conditions, are always recommended to contact the organization directly to obtain the best possible information about physical access"
10,1333682431246595,,"Visitors with concerns about the level of access for specific physical conditions, are always recommended to contact the organization directly to obtain the best possible information about physical access"
10,1333682431246596,,"Visitors with concerns about the level of access for specific physical conditions, are always recommended to contact the organization directly to obtain the best possible information about physical access"
10,1333682431246597,,"Visitors with concerns about the level of access for specific physical conditions, are always recommended to contact the organization directly to obtain the best possible information about physical access"
10,1333682431246598,,"Visitors with concerns about the level of access for specific physical conditions, are always recommended to contact the organization directly to obtain the best possible information about physical access"
10,1333682431246599,,"Visitors with concerns about the level of access for specific physical conditions, are always recommended to contact the organization directly to obtain the best possible information about physical access"
10,1333682431246600,,"Visitors with concerns about the level of access for specific physical conditions, are always recommended to contact the organization directly to obtain the best possible information about physical access"
10,1333682431246601,,"Visitors with concerns about the level of access for specific physical conditions, are always recommended to contact the organization directly to obtain the best possible information about physical access"
10,1333682431246602,,"Visitors with concerns about the level of access for specific physical conditions, are always recommended to contact the organization directly to obtain the best possible information about physical access"
10,1333682431246603,,"Visitors with concerns about the level of access for specific physical conditions, are always recommended to contact the organization directly to obtain the best possible information about physical access"
10,1333682431246604,,"Visitors with concerns about the level of access for specific physical conditions, are always recommended to contact the organization directly to obtain the best possible information about physical access"
10,1333682431246660,,"Visitors with concerns about the level of access for specific physical conditions, are always recommended to contact the organization directly to obtain the best possible information about physical access"
10,1333682431246661,,"Visitors with concerns about the level of access for specific physical conditions, are always recommended to contact the organization directly to obtain the best possible information about physical access"
10,1333682431246662,,"Visitors with concerns about the level of access for specific physical conditions, are always recommended to contact the organization directly to obtain the best possible information about physical access"
10,1333682431246663,,"Visitors with concerns about the level of access for specific physical conditions, are always recommended to contact the organization directly to obtain the best possible information about physical access"
10,827068480481455,,
10,1333682431246665,",","Visitors with concerns about the level of access for specific physical conditions, are always recommended to contact the organization directly to obtain the best possible information about physical access,Visitors with concerns about the level of access for specific physical conditions, are always recommended to contact the organization directly to obtain the best possible information about physical access"
10,1333682431246666,",,,","Visitors with concerns about the level of access for specific physical conditions, are always recommended to contact the organization directly to obtain the best possible information about physical access,Visitors with concerns about the level of access for specific physical conditions, are always recommended to contact the organization directly to obtain the best possible information about physical access,Visitors with concerns about the level of access for specific physical conditions, are always recommended to contact the organization directly to obtain the best possible information about physical access,Visitors with concerns about the level of access for specific physical conditions, are always recommended to contact the organization directly to obtain the best possible information about physical access"
10,1333682431246665,,"Visitors with concerns about the level of access for specific physical conditions, are always recommended to contact the organization directly to obtain the best possible information about physical access"
10,1333682431246666,,"Visitors with concerns about the level of access for specific physical conditions, are always recommended to contact the organization directly to obtain the best possible information about physical access"
10,1333682431246667,,"Visitors with concerns about the level of access for specific physical conditions, are always recommended to contact the organization directly to obtain the best possible information about physical access"
10,1333682431246668,,"Visitors with concerns about the level of access for specific physical conditions, are always recommended to contact the organization directly to obtain the best possible information about physical access"
10,1333682431246669,,"Visitors with concerns about the level of access for specific physical conditions, are always recommended to contact the organization directly to obtain the best possible information about physical access"
10,1333682431246670,,"Visitors with concerns about the level of access for specific physical conditions, are always recommended to contact the organization directly to obtain the best possible information about physical access"
10,1333682431246671,,"Visitors with concerns about the level of access for specific physical conditions, are always recommended to contact the organization directly to obtain the best possible information about physical access"
10,1333682431246672,,"Visitors with concerns about the level of access for specific physical conditions, are always recommended to contact the organization directly to obtain the best possible information about physical access"
10,1333682431246673,,"Visitors with concerns about the level of access for specific physical conditions, are always recommended to contact the organization directly to obtain the best possible information about physical access"
10,1333682431246674,,"Visitors with concerns about the level of access for specific physical conditions, are always recommended to contact the organization directly to obtain the best possible information about physical access"
10,678805469856026,,
10,1333682431246675,,"Visitors with concerns about the level of access for specific physical conditions, are always recommended to contact the organization directly to obtain the best possible information about physical access"
10,1333682431246678,,"Visitors with concerns about the level of access for specific physical conditions, are always recommended to contact the organization directly to obtain the best possible information about physical access"
10,1333682431246679,,"Visitors with concerns about the level of access for specific physical conditions, are always recommended to contact the organization directly to obtain the best possible information about physical access"
10,1333682431246680,,"Visitors with concerns about the level of access for specific physical conditions, are always recommended to contact the organization directly to obtain the best possible information about physical access"
10,1333682431246681,,"Visitors with concerns about the level of access for specific physical conditions, are always recommended to contact the organization directly to obtain the best possible information about physical access"
10,1333682431246682,,"Visitors with concerns about the level of access for specific physical conditions, are always recommended to contact the organization directly to obtain the best possible information about physical access"
10,1333682431246683,,"Visitors with concerns about the level of access for specific physical conditions, are always recommended to contact the organization directly to obtain the best possible information about physical access"
10,1333682431246684,,"Visitors with concerns about the level of access for specific physical conditions, are always recommended to contact the organization directly to obtain the best possible information about physical access"
10,1333682431246685,,"Visitors with concerns about the level of access for specific physical conditions, are always recommended to contact the organization directly to obtain the best possible information about physical access"
10,1333682431246686,,"Visitors with concerns about the level of access for specific physical conditions, are always recommended to contact the organization directly to obtain the best possible information about physical access"
10,1333682431246687,,"Visitors with concerns about the level of access for specific physical conditions, are always recommended to contact the organization directly to obtain the best possible information about physical access"
10,1333682431246688,,"Visitors with concerns about the level of access for specific physical conditions, are always recommended to contact the organization directly to obtain the best possible information about physical access"
10,1333682431246689,,"Visitors with concerns about the level of access for specific physical conditions, are always recommended to contact the organization directly to obtain the best possible information about physical access"
10,1333682431246690,,"Visitors with concerns about the level of access for specific physical conditions, are always recommended to contact the organization directly to obtain the best possible information about physical access"
10,1333682431246691,,"Visitors with concerns about the level of access for specific physical conditions, are always recommended to contact the organization directly to obtain the best possible information about physical access"
10,1333682431246692,,"Visitors with concerns about the level of access for specific physical conditions, are always recommended to contact the organization directly to obtain the best possible information about physical access"
10,1333682431246693,,"Visitors with concerns about the level of access for specific physical conditions, are always recommended to contact the organization directly to obtain the best possible information about physical access"
10,1333682431246694,,"Visitors with concerns about the level of access for specific physical conditions, are always recommended to contact the organization directly to obtain the best possible information about physical access"
10,1333682431246695,,"Visitors with concerns about the level of access for specific physical conditions, are always recommended to contact the organization directly to obtain the best possible information about physical access"
10,1333682431246696,,"Visitors with concerns about the level of access for specific physical conditions, are always recommended to contact the organization directly to obtain the best possible information about physical access"
10,1333682431246697,,"Visitors with concerns about the level of access for specific physical conditions, are always recommended to contact the organization directly to obtain the best possible information about physical access"
10,1333682431246698,,"Visitors with concerns about the level of access for specific physical conditions, are always recommended to contact the organization directly to obtain the best possible information about physical access"
10,1333682431246699,,"Visitors with concerns about the level of access for specific physical conditions, are always recommended to contact the organization directly to obtain the best possible information about physical access"
10,1333682431246700,,"Visitors with concerns about the level of access for specific physical conditions, are always recommended to contact the organization directly to obtain the best possible information about physical access"
10,1333682431246701,,"Visitors with concerns about the level of access for specific physical conditions, are always recommended to contact the organization directly to obtain the best possible information about physical access"
10,1333682431246702,,"Visitors with concerns about the level of access for specific physical conditions, are always recommended to contact the organization directly to obtain the best possible information about physical access"
10,1333682431246703,,
10,1333682431246704,,"Visitors with concerns about the level of access for specific physical conditions, are always recommended to contact the organization directly to obtain the best possible information about physical access"
10,1333682431246705,,"Visitors with concerns about the level of access for specific physical conditions, are always recommended to contact the organization directly to obtain the best possible information about physical access"
10,1333682431246706,,"Visitors with concerns about the level of access for specific physical conditions, are always recommended to contact the organization directly to obtain the best possible information about physical access"
10,1333682431246706,,"Visitors with concerns about the level of access for specific physical conditions, are always recommended to contact the organization directly to obtain the best possible information about physical access"
10,1333682431246707,,"Visitors with concerns about the level of access for specific physical conditions, are always recommended to contact the organization directly to obtain the best possible information about physical access"
10,1333682431246708,,
10,1333682431246709,,"Visitors with concerns about the level of access for specific physical conditions, are always recommended to contact the organization directly to obtain the best possible information about physical access"
10,1333682431246710,,"Visitors with concerns about the level of access for specific physical conditions, are always recommended to contact the organization directly to obtain the best possible information about physical access"
10,1333682431246711,,"Visitors with concerns about the level of access for specific physical conditions, are always recommended to contact the organization directly to obtain the best possible information about physical access"
10,1333682431246712,,
10,1333682431246713,,
10,1333682431246713,,"Visitors with concerns about the level of access for specific physical conditions, are always recommended to contact the organization directly to obtain the best possible information about physical access"
10,1333682431246714,,"Visitors with concerns about the level of access for specific physical conditions, are always recommended to contact the organization directly to obtain the best possible information about physical access"
10,1333682431246715,,"Visitors with concerns about the level of access for specific physical conditions, are always recommended to contact the organization directly to obtain the best possible information about physical access"
10,1333682431246716,,"Visitors with concerns about the level of access for specific physical conditions, are always recommended to contact the organization directly to obtain the best possible information about physical access"
10,1333682431246717,,"Visitors with concerns about the level of access for specific physical conditions, are always recommended to contact the organization directly to obtain the best possible information about physical access"
10,1333682431246718,,"Visitors with concerns about the level of access for specific physical conditions, are always recommended to contact the organization directly to obtain the best possible information about physical access"
10,1333682431246719,,"Visitors with concerns about the level of access for specific physical conditions, are always recommended to contact the organization directly to obtain the best possible information about physical access"
10,1333682431246720,,"Visitors with concerns about the level of access for specific physical conditions, are always recommended to contact the organization directly to obtain the best possible information about physical access"
10,1333682431246721,,"Visitors with concerns about the level of access for specific physical conditions, are always recommended to contact the organization directly to obtain the best possible information about physical access"
10,1333682431246722,,"Visitors with concerns about the level of access for specific physical conditions, are always recommended to contact the organization directly to obtain the best possible information about physical access"
10,1333682431246723,,"Visitors with concerns about the level of access for specific physical conditions, are always recommended to contact the organization directly to obtain the best possible information about physical access"
10,1333682431246723,,"Visitors with concerns about the level of access for specific physical conditions, are always recommended to contact the organization directly to obtain the best possible information about physical access"
10,1333682431246724,,"Visitors with concerns about the level of access for specific physical conditions, are always recommended to contact the organization directly to obtain the best possible information about physical access"
10,1333682431246725,,"Visitors with concerns about the level of access for specific physical conditions, are always recommended to contact the organization directly to obtain the best possible information about physical access"
10,1333682431246726,,"Visitors with concerns about the level of access for specific physical conditions, are always recommended to contact the organization directly to obtain the best possible information about physical access"
10,1333682431246727,,"Visitors with concerns about the level of access for specific physical conditions, are always recommended to contact the organization directly to obtain the best possible information about physical access"
10,1333682431246728,,"Visitors with concerns about the level of access for specific physical conditions, are always recommended to contact the organization directly to obtain the best possible information about physical access"
10,841012551878129,,"Visitors with concerns about the level of access for specific physical conditions, are always recommended to contact the organization directly to obtain the best possible information about physical access"
10,1333682431246730,,"Visitors with concerns about the level of access for specific physical conditions, are always recommended to contact the organization directly to obtain the best possible information about physical access"
10,902244835227859,,
10,967842377045809,,
10,1333682431246731,,
10,893134611210108,,
10,1139106965939659,,
10,1163405927375948,,
10,541907027325035,,
10,1300354176059967,,
10,1333682431246732,,"Visitors with concerns about the level of access for specific physical conditions, are always recommended to contact the organization directly to obtain the best possible information about physical access"
10,1333682431246733,,"Visitors with concerns about the level of access for specific physical conditions, are always recommended to contact the organization directly to obtain the best possible information about physical access"
10,1333682431246734,,"Visitors with concerns about the level of access for specific physical conditions, are always recommended to contact the organization directly to obtain the best possible information about physical access"
10,1333682431246735,,"Visitors with concerns about the level of access for specific physical conditions, are always recommended to contact the organization directly to obtain the best possible information about physical access"
10,1333682431246736,,"Visitors with concerns about the level of access for specific physical conditions, are always recommended to contact the organization directly to obtain the best possible information about physical access"
10,1333682431246737,,"Visitors with concerns about the level of access for specific physical conditions, are always recommended to contact the organization directly to obtain the best possible information about physical access"
10,1333682431246738,,"Visitors with concerns about the level of access for specific physical conditions, are always recommended to contact the organization directly to obtain the best possible information about physical access"
10,918369086580372,,
10,1333682431246739,,"Visitors with concerns about the level of access for specific physical conditions, are always recommended to contact the organization directly to obtain the best possible information about physical access"
10,1333682431246740,,"Visitors with concerns about the level of access for specific physical conditions, are always recommended to contact the organization directly to obtain the best possible information about physical access"
10,1241393389350088,,
10,1333682431246741,,"Visitors with concerns about the level of access for specific physical conditions, are always recommended to contact the organization directly to obtain the best possible information about physical access"
10,1333682431246742,,"Visitors with concerns about the level of access for specific physical conditions, are always recommended to contact the organization directly to obtain the best possible information about physical access"
10,1333682431246744,,
10,1333682431246745,,"Visitors with concerns about the level of access for specific physical conditions, are always recommended to contact the organization directly to obtain the best possible information about physical access"
10,1333682431246746,,"Visitors with concerns about the level of access for specific physical conditions, are always recommended to contact the organization directly to obtain the best possible information about physical access"
10,1333682431246747,,"Visitors with concerns about the level of access for specific physical conditions, are always recommended to contact the organization directly to obtain the best possible information about physical access"
10,1333682431246748,,"Visitors with concerns about the level of access for specific physical conditions, are always recommended to contact the organization directly to obtain the best possible information about physical access"
10,1333682431246749,,"Visitors with concerns about the level of access for specific physical conditions, are always recommended to contact the organization directly to obtain the best possible information about physical access"
10,1333682431246750,,
10,1333682431246751,,
10,1333682431246752,,"Visitors with concerns about the level of access for specific physical conditions, are always recommended to contact the organization directly to obtain the best possible information about physical access"
10,1333682431246753,,"Visitors with concerns about the level of access for specific physical conditions, are always recommended to contact the organization directly to obtain the best possible information about physical access"
10,1333682431246754,,"Visitors with concerns about the level of access for specific physical conditions, are always recommended to contact the organization directly to obtain the best possible information about physical access"
10,636848661261240,,
10,1333682431246755,,"Visitors with concerns about the level of access for specific physical conditions, are always recommended to contact the organization directly to obtain the best possible information about physical access"
10,637109273390087,,
10,1333682431246756,,"Visitors with concerns about the level of access for specific physical conditions, are always recommended to contact the organization directly to obtain the best possible information about physical access"
10,1333682431246757,,
10,1333682431246758,,
10,1333682431246758,,"Visitors with concerns about the level of access for specific physical conditions, are always recommended to contact the organization directly to obtain the best possible information about physical access"
10,1333682431246759,,
10,1333682431246760,,
10,1012043594454236,,
10,1333682431246761,",,,","Visitors with concerns about the level of access for specific physical conditions, are always recommended to contact the organization directly to obtain the best possible information about physical access,Visitors with concerns about the level of access for specific physical conditions, are always recommended to contact the organization directly to obtain the best possible information about physical access,Visitors with concerns about the level of access for specific physical conditions, are always recommended to contact the organization directly to obtain the best possible information about physical access,Visitors with concerns about the level of access for specific physical conditions, are always recommended to contact the organization directly to obtain the best possible information about physical access"
10,1333682431246762,,
10,1333682431246763,,
10,765146043026123,,"Visitors with concerns about the level of access for specific physical conditions, are always recommended to contact the organization directly to obtain the best possible information about physical access"
10,1333682431246765,,
10,1333682431246766,,
10,1333682431246767,,
10,1333682431246768,,
10,1333682431246769,,
10,1333682431246770,,
10,1333682431246771,,"Visitors with concerns about the level of access for specific physical conditions, are always recommended to contact the organization directly to obtain the best possible information about physical access"
10,1333682431246772,,"Visitors with concerns about the level of access for specific physical conditions, are always recommended to contact the organization directly to obtain the best possible information about physical access"
10,1333682431246773,,"Visitors with concerns about the level of access for specific physical conditions, are always recommended to contact the organization directly to obtain the best possible information about physical access"
10,1333682431246774,,"Visitors with concerns about the level of access for specific physical conditions, are always recommended to contact the organization directly to obtain the best possible information about physical access"
10,1333682431246775,,"Visitors with concerns about the level of access for specific physical conditions, are always recommended to contact the organization directly to obtain the best possible information about physical access"
10,1333682431246776,,"Visitors with concerns about the level of access for specific physical conditions, are always recommended to contact the organization directly to obtain the best possible information about physical access"
10,1333682431246777,,"Visitors with concerns about the level of access for specific physical conditions, are always recommended to contact the organization directly to obtain the best possible information about physical access"
10,1333682431246778,,"Visitors with concerns about the level of access for specific physical conditions, are always recommended to contact the organization directly to obtain the best possible information about physical access"
10,1333682431246779,,
10,1333682431246780,,
10,964800187171150,,
10,1333682431246781,,
10,1333682431246782,,
10,1333682431246783,,
10,1333682431246784,,
10,1333682431246785,,
10,1333682431246786,,
10,1333682431246787,,
10,1333682431246788,,
10,1333682431246790,,
10,1135336670475675,,
10,733623340463849,,
10,1333682431246791,,"Visitors with concerns about the level of access for specific physical conditions, are always recommended to contact the organization directly to obtain the best possible information about physical access"
10,1333682431246793,,"Visitors with concerns about the level of access for specific physical conditions, are always recommended to contact the organization directly to obtain the best possible information about physical access"
10,1333682431246794,,
10,1333682431246795,,
10,1333682431246796,,
10,1333682431246797,,
10,1333682431246798,,
10,1333682431246799,,
10,1333682431246800,,
10,1333682431246801,,"Visitors with concerns about the level of access for specific physical conditions, are always recommended to contact the organization directly to obtain the best possible information about physical access"
10,1333682431246802,,
10,1333682431246803,,"Visitors with concerns about the level of access for specific physical conditions, are always recommended to contact the organization directly to obtain the best possible information about physical access"
10,1333682431246804,,
10,780622753430249,,"We provide interpretation services through our Interpreter Services Hotline."
10,945974432326654,,"We provide interpretation services through our Interpreter Services Hotline."
10,1229706459709655,,"We provide interpretation services through our Interpreter Services Hotline."
10,1255140834443689,,"We provide interpretation services through our Interpreter Services Hotline."
10,1333682431246805,,
10,599293678245907,,
10,1333682431246805,,"Visitors with concerns about the level of access for specific physical conditions, are always recommended to contact the organization directly to obtain the best possible information about physical access"
10,1333682431246806,,"Visitors with concerns about the level of access for specific physical conditions, are always recommended to contact the organization directly to obtain the best possible information about physical access"
10,1333682431246807,,"Visitors with concerns about the level of access for specific physical conditions, are always recommended to contact the organization directly to obtain the best possible information about physical access"
10,1333682431246808,,"Visitors with concerns about the level of access for specific physical conditions, are always recommended to contact the organization directly to obtain the best possible information about physical access"
10,1333682431246809,,"Visitors with concerns about the level of access for specific physical conditions, are always recommended to contact the organization directly to obtain the best possible information about physical access"
10,1333682431246810,,
10,1333682431246811,,"Visitors with concerns about the level of access for specific physical conditions, are always recommended to contact the organization directly to obtain the best possible information about physical access"
10,1333682431246812,,
10,1333682431246813,,"Visitors with concerns about the level of access for specific physical conditions, are always recommended to contact the organization directly to obtain the best possible information about physical access"
10,1333682431246814,,"Visitors with concerns about the level of access for specific physical conditions, are always recommended to contact the organization directly to obtain the best possible information about physical access"
10,1333682431246815,,
10,1333682431246816,,
10,1333682431246817,,
10,1333682431246818,,
10,1333682431246819,,
10,1333682431246820,,
10,1333682431246821,,
10,1333682431246822,,
10,1333682431246823,,
10,1333682431246824,,
10,1333682431246825,,
10,1333682431246826,,
10,1333682431246827,,
10,1333682431246828,,
10,1333682431246829,,
10,1333682431246830,,
10,1333682431246831,,
10,1333682431246832,,
10,1333682431246833,,
10,1333682431246834,,
10,1333682431246835,,
10,1333682431246836,,
10,1333682431246837,,
10,1333682431246838,,
10,1333682431246839,,
10,1333682431246840,,
10,1333682431246841,,
10,1333682431246842,,
10,1333682431246843,,
10,1333682431246844,,
10,1333682431246845,,
10,1333682431246846,,
10,1333682431246848,,
10,1333682431246849,,
10,1333682431246850,,
10,1333682431246851,,
10,1333682431246853,,
10,1333682431246855,,
10,1333682431246856,,
10,1333682431246857,,
10,1333682431246858,,
10,1333682431246859,,
10,1333682431246860,,
10,1333682431246862,,
10,1333682431246863,,
10,1333682431246864,,
10,1333682431246865,,
10,1333682431246867,,
10,1333682431246869,,
10,1333682431246870,,
10,1333682431246871,,
10,1333682431246872,,
10,1333682431246873,,
10,1333682431246875,,
10,1333682431246876,,
10,1333682431246877,,
10,1333682431246879,,
10,1333682431246880,,
10,1333682431246881,,
10,1333682431246882,,
10,1333682431246883,,
10,1333682431246885,,
10,1333682431246886,,
10,1333682431246888,,
10,1333682431246889,,
10,1333682431246891,,
10,1333682431246892,,
10,1333682431246893,,
10,1333682431246894,,
10,1333682431246895,,
10,1333682431246896,,
10,1333682431246897,,
10,1333682431246898,,
10,1333682431246899,,
10,1333682431246900,,
10,1333682431246901,,
10,1333682431246902,,
10,1333682431246903,,
10,1333682431246904,,
10,1333682431246905,,
10,1333682431246906,,
10,1333682431246907,,
10,1333682431246909,,
10,1333682431246910,,
10,1333682431246912,,
10,1333682431246913,,
10,1333682431246852,,
10,1333682431246854,,
10,1333682431246861,,
10,1333682431246866,,
10,1333682431246874,,
10,1333682431246878,,
10,1333682431246884,,
10,1333682431246887,,
10,1333682431246890,,
10,1333682431246847,,
10,1333682431246908,,
10,1333682431246914,,
10,1333682431246915,,"Visitors with concerns about the level of access for specific physical conditions, are always recommended to contact the organization directly to obtain the best possible information about physical access"
10,1333682431246916,,"Visitors with concerns about the level of access for specific physical conditions, are always recommended to contact the organization directly to obtain the best possible information about physical access"
10,1333682431246917,,"Visitors with concerns about the level of access for specific physical conditions, are always recommended to contact the organization directly to obtain the best possible information about physical access"
10,1333682431246918,,"Visitors with concerns about the level of access for specific physical conditions, are always recommended to contact the organization directly to obtain the best possible information about physical access"
10,1333682431246919,,"Visitors with concerns about the level of access for specific physical conditions, are always recommended to contact the organization directly to obtain the best possible information about physical access"
10,1333682431246920,,"Visitors with concerns about the level of access for specific physical conditions, are always recommended to contact the organization directly to obtain the best possible information about physical access"
10,1333682431246921,,"Visitors with concerns about the level of access for specific physical conditions, are always recommended to contact the organization directly to obtain the best possible information about physical access"
10,953875575104132,,
10,1202618027693441,,
10,1146850101014457,,
10,991046422392107,,
10,1333682431246922,,
10,1333682431246923,,"Visitors with concerns about the level of access for specific physical conditions, are always recommended to contact the organization directly to obtain the best possible information about physical access"
10,1333682431246924,,"Visitors with concerns about the level of access for specific physical conditions, are always recommended to contact the organization directly to obtain the best possible information about physical access"
10,1209346136301236,,
10,1333682431246925,,"Visitors with concerns about the level of access for specific physical conditions, are always recommended to contact the organization directly to obtain the best possible information about physical access"
10,1333682431246926,,"Visitors with concerns about the level of access for specific physical conditions, are always recommended to contact the organization directly to obtain the best possible information about physical access"
10,1134996153077734,,
10,1333682431246927,,
10,1333682431246928,,
10,1333682431246929,,"Visitors with concerns about the level of access for specific physical conditions, are always recommended to contact the organization directly to obtain the best possible information about physical access"
10,1333682431246930,,"Visitors with concerns about the level of access for specific physical conditions, are always recommended to contact the organization directly to obtain the best possible information about physical access"
10,1333682431246931,,"Visitors with concerns about the level of access for specific physical conditions, are always recommended to contact the organization directly to obtain the best possible information about physical access"
10,1333682431246932,,"Visitors with concerns about the level of access for specific physical conditions, are always recommended to contact the organization directly to obtain the best possible information about physical access"
10,1333682431246933,,"Visitors with concerns about the level of access for specific physical conditions, are always recommended to contact the organization directly to obtain the best possible information about physical access"
10,1333682431246934,,"Visitors with concerns about the level of access for specific physical conditions, are always recommended to contact the organization directly to obtain the best possible information about physical access"
10,1333682431246935,,"Visitors with concerns about the level of access for specific physical conditions, are always recommended to contact the organization directly to obtain the best possible information about physical access"
10,1333682431246936,,"Visitors with concerns about the level of access for specific physical conditions, are always recommended to contact the organization directly to obtain the best possible information about physical access"
10,1333682431246937,,
10,1333682431246938,,
10,1333682431246939,,
10,1333682431246940,,"Visitors with concerns about the level of access for specific physical conditions, are always recommended to contact the organization directly to obtain the best possible information about physical access"
10,1333682431246941,,
10,1333682431246942,,
10,1333682431246943,,
10,1333682431246944,,"Visitors with concerns about the level of access for specific physical conditions, are always recommended to contact the organization directly to obtain the best possible information about physical access"
10,1333682431246945,,"Visitors with concerns about the level of access for specific physical conditions, are always recommended to contact the organization directly to obtain the best possible information about physical access"
10,1333682431246946,,
10,1333682431246947,,
10,1333682431246948,,
10,1333682431246949,,
10,1333682431246950,,
10,1333682431246951,,
10,1333682431246952,,
10,1333682431246953,,
10,1333682431246954,,
10,1333682431246955,,
10,1333682431246956,,"Visitors with concerns about the level of access for specific physical conditions, are always recommended to contact the organization directly to obtain the best possible information about physical access"
10,1333682431246957,,
10,1333682431246958,,"Visitors with concerns about the level of access for specific physical conditions, are always recommended to contact the organization directly to obtain the best possible information about physical access"
10,1333682431246959,,
10,1333682431246960,,
10,1333682431246961,,
10,1333682431246962,,"Visitors with concerns about the level of access for specific physical conditions, are always recommended to contact the organization directly to obtain the best possible information about physical access"
10,1333682431246963,,"Visitors with concerns about the level of access for specific physical conditions, are always recommended to contact the organization directly to obtain the best possible information about physical access"
10,1333682431246964,,"Visitors with concerns about the level of access for specific physical conditions, are always recommended to contact the organization directly to obtain the best possible information about physical access"
10,1333682431246965,,"Visitors with concerns about the level of access for specific physical conditions, are always recommended to contact the organization directly to obtain the best possible information about physical access"
10,1333682431246966,,"Visitors with concerns about the level of access for specific physical conditions, are always recommended to contact the organization directly to obtain the best possible information about physical access"
10,1333682431246967,,"Visitors with concerns about the level of access for specific physical conditions, are always recommended to contact the organization directly to obtain the best possible information about physical access"
10,1333682431246968,,"Visitors with concerns about the level of access for specific physical conditions, are always recommended to contact the organization directly to obtain the best possible information about physical access"
10,1333682431246969,,"Visitors with concerns about the level of access for specific physical conditions, are always recommended to contact the organization directly to obtain the best possible information about physical access"
10,1333682431246970,,"Visitors with concerns about the level of access for specific physical conditions, are always recommended to contact the organization directly to obtain the best possible information about physical access"
10,1333682431246971,,
10,1333682431246973,,
10,1333682431246974,,"Visitors with concerns about the level of access for specific physical conditions, are always recommended to contact the organization directly to obtain the best possible information about physical access"
10,1333682431246975,,
10,610544508126672,,
10,580857017779168,,
10,671699874900293,,"We provide interpretation services through our Interpreter Services Hotline."
10,624574598656861,,
10,633623168263940,,
10,777544006426049,,"We provide interpretation services through our Interpreter Services Hotline."
10,800464838128526,,
10,848643167597481,,
10,898537800432105,,"We provide interpretation services through our Interpreter Services Hotline.
Public Transportation: Rail -- Rhode Island Ave Metro // Bus -- D8 line"
10,929361885175005,,
10,935485129696113,,
10,970045820687110,,
10,941990903583859,,
10,957520333540238,,"We provide interpretation services through our Interpreter Services Hotline."
10,1167767752140850,,
10,1159744769911269,,"We provide interpretation services through our Interpreter Services Hotline."
10,1225318904357849,,
10,1296924653275525,,
10,1333682431246976,,"Walk-in services available Monday, Wednesday, and Friday (1-3PM) "
10,1333682431246977,,
10,1333682431246978,,
10,1333682431246979,,"Visitors with concerns about the level of access for specific physical conditions, are always recommended to contact the organization directly to obtain the best possible information about physical access"
10,1333682431246980,,"Visitors with concerns about the level of access for specific physical conditions, are always recommended to contact the organization directly to obtain the best possible information about physical access"
10,1333682431246981,,"Visitors with concerns about the level of access for specific physical conditions, are always recommended to contact the organization directly to obtain the best possible information about physical access"
10,1333682431246982,,"Visitors with concerns about the level of access for specific physical conditions, are always recommended to contact the organization directly to obtain the best possible information about physical access"
10,1333682431246983,,
10,1333682431246985,,"Visitors with concerns about the level of access for specific physical conditions, are always recommended to contact the organization directly to obtain the best possible information about physical access"
10,1333682431246986,,"Visitors with concerns about the level of access for specific physical conditions, are always recommended to contact the organization directly to obtain the best possible information about physical access"
10,1333682431246987,,"Visitors with concerns about the level of access for specific physical conditions, are always recommended to contact the organization directly to obtain the best possible information about physical access"
10,1333682431246988,,"Visitors with concerns about the level of access for specific physical conditions, are always recommended to contact the organization directly to obtain the best possible information about physical access"
10,1333682431246989,,"Visitors with concerns about the level of access for specific physical conditions, are always recommended to contact the organization directly to obtain the best possible information about physical access"
10,1333682431246990,,"Visitors with concerns about the level of access for specific physical conditions, are always recommended to contact the organization directly to obtain the best possible information about physical access"
10,1333682431246991,,"Visitors with concerns about the level of access for specific physical conditions, are always recommended to contact the organization directly to obtain the best possible information about physical access"
10,1116308991917029,,
10,1333682431246992,,"Visitors with concerns about the level of access for specific physical conditions, are always recommended to contact the organization directly to obtain the best possible information about physical access"
10,1333682431246993,,"Visitors with concerns about the level of access for specific physical conditions, are always recommended to contact the organization directly to obtain the best possible information about physical access"
10,1333682431246994,,"Visitors with concerns about the level of access for specific physical conditions, are always recommended to contact the organization directly to obtain the best possible information about physical access"
10,1333682431246995,,"Visitors with concerns about the level of access for specific physical conditions, are always recommended to contact the organization directly to obtain the best possible information about physical access"
10,1333682431246995,,"Visitors with concerns about the level of access for specific physical conditions, are always recommended to contact the organization directly to obtain the best possible information about physical access"
10,1333682431246996,,"Visitors with concerns about the level of access for specific physical conditions, are always recommended to contact the organization directly to obtain the best possible information about physical access"
10,1333682431246997,,"Visitors with concerns about the level of access for specific physical conditions, are always recommended to contact the organization directly to obtain the best possible information about physical access"
10,1333682431246998,,"Visitors with concerns about the level of access for specific physical conditions, are always recommended to contact the organization directly to obtain the best possible information about physical access"
10,1333682431246999,,"Visitors with concerns about the level of access for specific physical conditions, are always recommended to contact the organization directly to obtain the best possible information about physical access"
10,1333682431247000,,"Visitors with concerns about the level of access for specific physical conditions, are always recommended to contact the organization directly to obtain the best possible information about physical access"
10,1333682431247001,,"Visitors with concerns about the level of access for specific physical conditions, are always recommended to contact the organization directly to obtain the best possible information about physical access"
10,1333682431247002,,"Visitors with concerns about the level of access for specific physical conditions, are always recommended to contact the organization directly to obtain the best possible information about physical access"
10,1333682431247003,,
10,1333682431247004,,"Visitors with concerns about the level of access for specific physical conditions, are always recommended to contact the organization directly to obtain the best possible information about physical access"
10,1333682431247005,,"Visitors with concerns about the level of access for specific physical conditions, are always recommended to contact the organization directly to obtain the best possible information about physical access"
10,1333682431247007,,"Visitors with concerns about the level of access for specific physical conditions, are always recommended to contact the organization directly to obtain the best possible information about physical access"
10,1333682431247008,,"Visitors with concerns about the level of access for specific physical conditions, are always recommended to contact the organization directly to obtain the best possible information about physical access"
10,1333682431247009,,"Visitors with concerns about the level of access for specific physical conditions, are always recommended to contact the organization directly to obtain the best possible information about physical access"
10,1333682431247010,,"Visitors with concerns about the level of access for specific physical conditions, are always recommended to contact the organization directly to obtain the best possible information about physical access"
10,1333682431247011,,"Visitors with concerns about the level of access for specific physical conditions, are always recommended to contact the organization directly to obtain the best possible information about physical access"
10,1333682431247012,,"Visitors with concerns about the level of access for specific physical conditions, are always recommended to contact the organization directly to obtain the best possible information about physical access"
10,1333682431247034,,"Visitors with concerns about the level of access for specific physical conditions, are always recommended to contact the organization directly to obtain the best possible information about physical access"
10,1333682431247035,,"Visitors with concerns about the level of access for specific physical conditions, are always recommended to contact the organization directly to obtain the best possible information about physical access"
10,1333682431247036,,"Visitors with concerns about the level of access for specific physical conditions, are always recommended to contact the organization directly to obtain the best possible information about physical access"
10,1333682431247037,,"Visitors with concerns about the level of access for specific physical conditions, are always recommended to contact the organization directly to obtain the best possible information about physical access"
10,1333682431247038,,"Visitors with concerns about the level of access for specific physical conditions, are always recommended to contact the organization directly to obtain the best possible information about physical access"
10,1333682431247039,,"Visitors with concerns about the level of access for specific physical conditions, are always recommended to contact the organization directly to obtain the best possible information about physical access"
10,1333682431247040,,"Visitors with concerns about the level of access for specific physical conditions, are always recommended to contact the organization directly to obtain the best possible information about physical access"
10,1333682431247041,,"Visitors with concerns about the level of access for specific physical conditions, are always recommended to contact the organization directly to obtain the best possible information about physical access"
10,1333682431247042,,"Visitors with concerns about the level of access for specific physical conditions, are always recommended to contact the organization directly to obtain the best possible information about physical access"
10,1333682431247043,,"Visitors with concerns about the level of access for specific physical conditions, are always recommended to contact the organization directly to obtain the best possible information about physical access"
10,1333682431247044,,"Visitors with concerns about the level of access for specific physical conditions, are always recommended to contact the organization directly to obtain the best possible information about physical access"
10,1333682431247045,,"Visitors with concerns about the level of access for specific physical conditions, are always recommended to contact the organization directly to obtain the best possible information about physical access"
10,1333682431247046,,"Visitors with concerns about the level of access for specific physical conditions, are always recommended to contact the organization directly to obtain the best possible information about physical access"
10,1333682431247047,,"Visitors with concerns about the level of access for specific physical conditions, are always recommended to contact the organization directly to obtain the best possible information about physical access"
10,1333682431247048,,"Visitors with concerns about the level of access for specific physical conditions, are always recommended to contact the organization directly to obtain the best possible information about physical access"
10,1333682431247049,,"Visitors with concerns about the level of access for specific physical conditions, are always recommended to contact the organization directly to obtain the best possible information about physical access"
10,1333682431247050,,"Visitors with concerns about the level of access for specific physical conditions, are always recommended to contact the organization directly to obtain the best possible information about physical access"
10,1333682431247051,,"Visitors with concerns about the level of access for specific physical conditions, are always recommended to contact the organization directly to obtain the best possible information about physical access"
10,1333682431247052,,"Visitors with concerns about the level of access for specific physical conditions, are always recommended to contact the organization directly to obtain the best possible information about physical access"
10,1333682431247053,,"Visitors with concerns about the level of access for specific physical conditions, are always recommended to contact the organization directly to obtain the best possible information about physical access"
10,1333682431247056,,"Visitors with concerns about the level of access for specific physical conditions, are always recommended to contact the organization directly to obtain the best possible information about physical access"
10,1333682431247057,,"Visitors with concerns about the level of access for specific physical conditions, are always recommended to contact the organization directly to obtain the best possible information about physical access"
10,1333682431247058,,"Visitors with concerns about the level of access for specific physical conditions, are always recommended to contact the organization directly to obtain the best possible information about physical access"
10,1333682431247059,,"Visitors with concerns about the level of access for specific physical conditions, are always recommended to contact the organization directly to obtain the best possible information about physical access"
10,1333682431247060,,"Visitors with concerns about the level of access for specific physical conditions, are always recommended to contact the organization directly to obtain the best possible information about physical access"
10,1333682431247061,,"Visitors with concerns about the level of access for specific physical conditions, are always recommended to contact the organization directly to obtain the best possible information about physical access"
10,1333682431247062,,"Visitors with concerns about the level of access for specific physical conditions, are always recommended to contact the organization directly to obtain the best possible information about physical access"
10,1333682431247063,,"Visitors with concerns about the level of access for specific physical conditions, are always recommended to contact the organization directly to obtain the best possible information about physical access"
10,1333682431247064,,"Visitors with concerns about the level of access for specific physical conditions, are always recommended to contact the organization directly to obtain the best possible information about physical access"
10,1175190163226960,,
10,1333682431246984,,
10,1333682431247065,,"Visitors with concerns about the level of access for specific physical conditions, are always recommended to contact the organization directly to obtain the best possible information about physical access"
10,1333682431247066,,"Visitors with concerns about the level of access for specific physical conditions, are always recommended to contact the organization directly to obtain the best possible information about physical access"
10,1333682431247067,,"Visitors with concerns about the level of access for specific physical conditions, are always recommended to contact the organization directly to obtain the best possible information about physical access"
10,1333682431247068,,"Visitors with concerns about the level of access for specific physical conditions, are always recommended to contact the organization directly to obtain the best possible information about physical access"
10,1333682431247069,,"Visitors with concerns about the level of access for specific physical conditions, are always recommended to contact the organization directly to obtain the best possible information about physical access"
10,1333682431247070,,"Visitors with concerns about the level of access for specific physical conditions, are always recommended to contact the organization directly to obtain the best possible information about physical access"
10,1333682431247071,,"Visitors with concerns about the level of access for specific physical conditions, are always recommended to contact the organization directly to obtain the best possible information about physical access"
10,1333682431247072,,"Visitors with concerns about the level of access for specific physical conditions, are always recommended to contact the organization directly to obtain the best possible information about physical access"
10,1333682431247073,,"Visitors with concerns about the level of access for specific physical conditions, are always recommended to contact the organization directly to obtain the best possible information about physical access"
10,1021458214239224,,
10,1333682431247054,,
10,1320932553563772,,
10,1333682431247074,"ADA Complaint","Visitors with concerns about the level of access for specific physical conditions, are always recommended to contact the organization directly to obtain the best possible information about physical access

DCHA is committed to providing equal access to events/programs for all applicants, residents, or participants with disabilities. If you need a reasonable accommodation or sign language interpreter service, please contact ADA/504/Language Department at 202-535-2737 or ADA504@dchousing.org with your complete request. Please allow at least three business days to make the necessary arrangements.

Although there is a waiting list for housing in the District of Columbia, preference is given to persons with mobility impairments, particularly those who serve as the head of a household. When there is a handicapped-accessible unit available, DCHA will go down its waiting list to look for applicants who have indicated they have mobility impairments.

DCHA also provides reasonable accommodations. That means that a unit owned and operated by DCHA may be changed to accommodate a person with a disability. For example, if you are hearing impaired, DCHA will provide a fire alarm with a strobe light. It also means that people with disabilities can take full advantage of DCHA services, including living with greater ease in their homes.

You may make a request in writing for a reasonable accommodation any time during the application for housing process but you are never required to tell DCHA that you or a member of your household has a disability.
"
10,1333682431247075,,"Visitors with concerns about the level of access for specific physical conditions, are always recommended to contact the organization directly to obtain the best possible information about physical access"
10,1333682431247076,,"Visitors with concerns about the level of access for specific physical conditions, are always recommended to contact the organization directly to obtain the best possible information about physical access"
10,1333682431247077,,"Visitors with concerns about the level of access for specific physical conditions, are always recommended to contact the organization directly to obtain the best possible information about physical access"
10,1333682431247078,,"Visitors with concerns about the level of access for specific physical conditions, are always recommended to contact the organization directly to obtain the best possible information about physical access"
10,1333682431247079,,"Visitors with concerns about the level of access for specific physical conditions, are always recommended to contact the organization directly to obtain the best possible information about physical access"
10,1333682431247080,,"Visitors with concerns about the level of access for specific physical conditions, are always recommended to contact the organization directly to obtain the best possible information about physical access"
10,1333682431247081,,"Visitors with concerns about the level of access for specific physical conditions, are always recommended to contact the organization directly to obtain the best possible information about physical access"
10,1333682431247082,,"Visitors with concerns about the level of access for specific physical conditions, are always recommended to contact the organization directly to obtain the best possible information about physical access"
10,1333682431247083,,
10,1333682431247084,,"Visitors with concerns about the level of access for specific physical conditions, are always recommended to contact the organization directly to obtain the best possible information about physical access"
10,895829905770410,,
10,1333682431247085,,"Visitors with concerns about the level of access for specific physical conditions, are always recommended to contact the organization directly to obtain the best possible information about physical access"
10,1333682431247086,,"Visitors with concerns about the level of access for specific physical conditions, are always recommended to contact the organization directly to obtain the best possible information about physical access"
10,1333682431247087,,"Visitors with concerns about the level of access for specific physical conditions, are always recommended to contact the organization directly to obtain the best possible information about physical access"
10,1333682431247088,,"Visitors with concerns about the level of access for specific physical conditions, are always recommended to contact the organization directly to obtain the best possible information about physical access"
10,1333682431247089,,"Visitors with concerns about the level of access for specific physical conditions, are always recommended to contact the organization directly to obtain the best possible information about physical access"
10,1333682431247090,,"Visitors with concerns about the level of access for specific physical conditions, are always recommended to contact the organization directly to obtain the best possible information about physical access"
10,1333682431247091,,"Visitors with concerns about the level of access for specific physical conditions, are always recommended to contact the organization directly to obtain the best possible information about physical access"
10,1333682431247092,,"Visitors with concerns about the level of access for specific physical conditions, are always recommended to contact the organization directly to obtain the best possible information about physical access"
10,1333682431247093,,"Visitors with concerns about the level of access for specific physical conditions, are always recommended to contact the organization directly to obtain the best possible information about physical access"
10,1333682431247094,,"Visitors with concerns about the level of access for specific physical conditions, are always recommended to contact the organization directly to obtain the best possible information about physical access"
10,1333682431247095,,"Visitors with concerns about the level of access for specific physical conditions, are always recommended to contact the organization directly to obtain the best possible information about physical access"
10,1333682431247096,,"Visitors with concerns about the level of access for specific physical conditions, are always recommended to contact the organization directly to obtain the best possible information about physical access"
10,1333682431247097,,"Visitors with concerns about the level of access for specific physical conditions, are always recommended to contact the organization directly to obtain the best possible information about physical access"
10,1333682431247098,,"Visitors with concerns about the level of access for specific physical conditions, are always recommended to contact the organization directly to obtain the best possible information about physical access"
10,1333682431247099,,"Visitors with concerns about the level of access for specific physical conditions, are always recommended to contact the organization directly to obtain the best possible information about physical access"
10,1333682431247100,,"Visitors with concerns about the level of access for specific physical conditions, are always recommended to contact the organization directly to obtain the best possible information about physical access"
10,1333682431247101,,"Visitors with concerns about the level of access for specific physical conditions, are always recommended to contact the organization directly to obtain the best possible information about physical access"
10,1333682431247102,,"Visitors with concerns about the level of access for specific physical conditions, are always recommended to contact the organization directly to obtain the best possible information about physical access"
10,1333682431247103,,"Visitors with concerns about the level of access for specific physical conditions, are always recommended to contact the organization directly to obtain the best possible information about physical access"
10,1333682431247104,,"Visitors with concerns about the level of access for specific physical conditions, are always recommended to contact the organization directly to obtain the best possible information about physical access"
10,1333682431247105,,"Visitors with concerns about the level of access for specific physical conditions, are always recommended to contact the organization directly to obtain the best possible information about physical access"
10,1333682431247106,,"Visitors with concerns about the level of access for specific physical conditions, are always recommended to contact the organization directly to obtain the best possible information about physical access"
10,1333682431247107,,"Visitors with concerns about the level of access for specific physical conditions, are always recommended to contact the organization directly to obtain the best possible information about physical access"
10,1333682431247108,,"Visitors with concerns about the level of access for specific physical conditions, are always recommended to contact the organization directly to obtain the best possible information about physical access"
10,1333682431247109,,"Visitors with concerns about the level of access for specific physical conditions, are always recommended to contact the organization directly to obtain the best possible information about physical access"
10,1333682431247110,,"Visitors with concerns about the level of access for specific physical conditions, are always recommended to contact the organization directly to obtain the best possible information about physical access"
10,1333682431247111,,"Visitors with concerns about the level of access for specific physical conditions, are always recommended to contact the organization directly to obtain the best possible information about physical access"
10,1333682431247112,,
10,1333682431247113,,
10,1333682431247114,,
10,1333682431247115,,"Visitors with concerns about the level of access for specific physical conditions, are always recommended to contact the organization directly to obtain the best possible information about physical access"
10,1333682431247116,,"Visitors with concerns about the level of access for specific physical conditions, are always recommended to contact the organization directly to obtain the best possible information about physical access"
10,1333682431247117,,"Visitors with concerns about the level of access for specific physical conditions, are always recommended to contact the organization directly to obtain the best possible information about physical access"
10,1333682431247118,,"Visitors with concerns about the level of access for specific physical conditions, are always recommended to contact the organization directly to obtain the best possible information about physical access"
10,1333682431247119,,"Visitors with concerns about the level of access for specific physical conditions, are always recommended to contact the organization directly to obtain the best possible information about physical access"
10,1333682431247120,,"Visitors with concerns about the level of access for specific physical conditions, are always recommended to contact the organization directly to obtain the best possible information about physical access"
10,1333682431247121,,"Visitors with concerns about the level of access for specific physical conditions, are always recommended to contact the organization directly to obtain the best possible information about physical access"
10,1333682431247122,,"Visitors with concerns about the level of access for specific physical conditions, are always recommended to contact the organization directly to obtain the best possible information about physical access"
10,1333682431247124,,"Visitors with concerns about the level of access for specific physical conditions, are always recommended to contact the organization directly to obtain the best possible information about physical access"
10,1333682431247125,,"Visitors with concerns about the level of access for specific physical conditions, are always recommended to contact the organization directly to obtain the best possible information about physical access"
10,1333682431247126,,"Visitors with concerns about the level of access for specific physical conditions, are always recommended to contact the organization directly to obtain the best possible information about physical access"
10,1333682431247127,,"Visitors with concerns about the level of access for specific physical conditions, are always recommended to contact the organization directly to obtain the best possible information about physical access"
10,1333682431247128,,"Visitors with concerns about the level of access for specific physical conditions, are always recommended to contact the organization directly to obtain the best possible information about physical access"
10,1333682431247129,,"Visitors with concerns about the level of access for specific physical conditions, are always recommended to contact the organization directly to obtain the best possible information about physical access"
10,1333682431247130,,"Visitors with concerns about the level of access for specific physical conditions, are always recommended to contact the organization directly to obtain the best possible information about physical access"
10,1333682431247131,,"Visitors with concerns about the level of access for specific physical conditions, are always recommended to contact the organization directly to obtain the best possible information about physical access"
10,1333682431246538,,
10,1333682431247132,,"Visitors with concerns about the level of access for specific physical conditions, are always recommended to contact the organization directly to obtain the best possible information about physical access"
10,818197734902999,,
10,1333682431247141,,
10,1333682431247142,,
10,1333682431247143,,
10,1333682431247144,,
