id,organization_id,service_id,service_at_location_id,name,title,department,email
553139219235658,1351080129222820,850826199765599,,"Jermaine Lemons","TNK Program Director",,jlemons@nccf-cares.org
570995245057158,1001381268835594,1244177955657488,,"Kenny Carroll",,,
591213489399765,0,0,,"Nadezda Henry","Fostercare and Adoption Administrator",,nhenry@nccf-cares.org
584564842045500,0,0,,"William Yates",,"YMCA Fit & Well Seniors",William.Yates@ymcadc.org
599277120211615,1351080129222821,755893450919058,,"Linda Irizarry","Special Projects Coordinator",,linda.Irizarry@dc.gov
603789962363472,1311337308136967,954262853935362,,"Cindy Abello","Family Resource Specialist",,fosterdc@layc-dc.org
626003337816908,0,0,,"Tina Campanella",,,tcampanella@dcqualitytrust.org
600481004273400,0,0,,"Ceclia Sterling",,,Celia.Sterling@cc-dc.org
618018739209390,1093139785713640,0,,"Kimberly Gray",,,kimberly@thrivedc.org
646977149617128,0,0,,"Bobby Bangert","Manager of Youth and Family Care Navigation",,
665075480640472,1280943812182660,1135547983717044,,"Ron L. Stanley",Reverand,,Rstanley@missiondc.org
673299998424238,1311337308136967,1204195770141501,,"Claudia Blanco","Program Coordinator",,claudiac@layc-dc.org
651477640046471,0,0,,"Laura Grossman",,,LGrossman@marthastable.org
639238471633901,,659284177800711,,"Donnie Hampton","SE Social Services Supervisor",,
643142504250845,0,0,,"Jacinta Nino",,,jnino@wearecasa.org
699878950681458,0,0,,,,,
781776108543898,1093139785713640,0,,"Jack Read","Volunteer Coordinator",,jack@thrivedc.org
743955373227644,0,0,,"Nichole Flowers","The Sterling Program Director",,nflowers@nccf-cares.org
744603534615378,0,0,,"Bryan Hamer","The Kennedy Program Director",,bhamer@nccf-cares.org
777671911507018,834433815510350,0,,"Morgan Whitlatch",,,mwhitlatch@dcqualitytrust.org
769070738624257,1316999943437051,0,,"Gregg Wragg",,,gwragg@oicdc.org
785778460285840,619974574898067,0,,"Veronica Kamara","SR Program",,vkamara@mbihs.com
760919352558768,1351080129222823,1215666375374993,,"AJ King","Sexual Wellness Youth Developer",,aj@layc-dc.org
792860991202744,0,0,,"Scott Perry","Program Manager",,sperry@ebfsc.org
796806244329392,834433815510350,0,,"Phyllis Holton",,,pholton@dcqualitytrust.org
819548083424279,0,0,,"Anita Dandecker",,"YMCA DPP",Anita.Dandeker@ymcadc.org
825924341006810,0,0,,"Margaret Pegram",,,
839187657564333,0,0,,"Christopher Tobias",,,ctobias@perryschool.org
806301770553211,1235669446637932,0,,"Yanet Hernandez",,,yhernandez@upo.org
826506624135946,1160038998115387,1286937248151879,,"Jacque Waller","Valenti House Supervisor",,
858131530402769,0,0,,"Nancy Blackwell",,,
809715646339405,0,0,,"La’Mont Geddis","NCCF's Community-based Programs Coordinator",,lgeddis@nccf-cares.org
830526267545518,1311337308136967,930620453165185,,"Julia Kann","Program Manager",,julia@layc-dc.org
844061816898122,834433815510350,0,,"Jimi Lethbridge",,,jlethbridge@dcqualitytrust.org.org
898773495903441,779339057787762,1060415349793008,,"Shirley Reed",Coordinator,"Learning Center",Shirley@acsgw.org
913685472046228,0,0,,"Carmen Herrera",,,cherrera@upo.org
904672901037838,1235669446637932,0,,"Francis Monroe",,,
908064822753039,0,0,,"Dickson Kanneh","NCCF Family Services Housing Coordinator",,dkanneh@nccf-cares.org
880856273883514,1311337308136967,573886519226225,,"Avery Gollinge","DC Prevention Center Wards 1 & 2 Director",,avery@layc-dc.org
938845820221881,818433220295218,0,,"Julio Murillo",,,jmurillo@wearecasa.org
948874398766161,1311337308136967,"838936758542114,1204854175620898,1343816429794125",,"Monica Morales","Program Coordinator",,bhreferrals@layc-dc.org
925471981136466,0,0,,"Alyza Weinberg",,,aweinberg@dcrcc.org
931610363724446,1303478330484169,0,,"Liz Reinert","Director of Culinary Job Training",,lreinert@dccentralkitchen.org
994255643742772,0,0,,"Hayward Mouton","GAP Program Director",,hmouton@nccf-cares.org
958552190775261,0,0,,"Lindsay Curtin","Outreach Director",,lindsay.curtin@miriamskitchen.org
990934796906011,0,0,,"Chandra Dawson",,,cdawson@dcrcc.org
1015039445626990,1235669446637932,0,,"Luline Almonacy",,,
1021798665730687,808240584407061,0,,"Cristina Schoendorf","Center Director",,cristina.schoendorf@ucmagency.org
958351678611528,0,0,,"Roscoe Johnson","Northwood High School Wellness Center Site Coordinator",,RJohnson@nccf-cares.org
994749233555702,0,0,,"Janice Williams","YMCA Fit & Well Seniors",,janice.williams@ymcadc.org
1008004012360540,1093139785713640,0,,"Gabriel Fabre",,,gabriel@thrivedc.org
1047619176767571,818433220295218,0,,"Rebecca Cusic",,,rcusic@wearecasa.org
1067219939427992,1169767322641878,838177939625042,,"Jordan Kemmer",,"HITE Program",
1073237094588764,619974574898067,0,,"Billie Pinson","SIL Program Liaison","Housing Programs",wpinson@mbihs.com
1114156503759940,1093139785713640,0,,"Jessica Chavez","Program Coordinator & Case Manager","Social Services",jessicac@thrivedc.org
1099826607748087,1093139785713640,0,,"Daniel Meloy","Financial Donations",,daniel@thrivedc.org
1115959910693915,0,0,,"Anna Wolf","NCCF Adolescent Services Coordinator",,awolf@nccf-cares.org
1071461950734338,1303478330484169,0,,"Crystal Nicholas","Partnership Program Manager",,cnicholas@dccentralkitchen.org
1129441517788145,0,0,,"Meredith McConnell","Director of the Greenleaf Treatment Foster Care Program",,mmcconnell@nccf-cares.org
1134759688278886,868277751391055,0,,"Natausha Jones",,"Housing Services",njones@casaruby.org
1104761520530391,0,0,,"Kathryn King",,,
1124654739408602,1315578558618439,0,,"Barbara Paulson",,,barbara.paulson@dc.gov
1154482166971509,1098153529407228,897612626354041,,"Karen Peterson","HUH CARES Program Manager",,
1133954302621450,1160038998115387,1065184137544502,,"Nieshia Kornega","SIL Residential Lead",,
1136645905861680,0,0,,"Toshira Monroe",,,
1154531731984349,868277751391055,0,,"Kisha Allure",,"Support Services for Crime Victims",kwilkinson@casaruby.org
1144275109273533,1235669446637932,0,,"De Angelo Rorie","UPO Youth Services Division Director","Youth Services",
1148149098240458,0,0,,"Sheryl Kennerly",,,skennerly@woodleyhouse.org
1129033522836129,0,0,,"Teres’a Watson",,,twatson@marthastable.org
1151684503102915,984055402205420,0,,"Julie Martinez",,,jrmartinez@nvfs.org
1166564117548461,0,0,,"Melida Chacon",,,Melida.Chacon@cc-dc.org
1207907839869079,0,0,,"Tessa Mork",,"YMCA Food Programs",Tessa.Mork@ymcadc.org
1169786376431513,1311337308136967,,,"Janeth Chorlango","Program Manager",,janeth@layc-dc.org
1176498717238569,1235669446637932,0,,"Cheryl Christmas","Foster Grandparent Program Director",,
1192601815143608,0,0,,"Rubi Mancilla","Intake Coordinator",,rmancilla@dcrcc.org
1181406845041590,643509042901798,998910660786600,,"Golden Triangle BID Dispatch",,,BBB1650Dispatch@blockbyblock.com
1234985940580368,1093139785713640,0,,"Tanya Thomas","Women’s Program Coordinator & Case Manager","Social Services",tanya@thrivedc.org
1232517134982637,0,0,,"Ericka Ransom",,"UPO’s White Sock Drive",
1234433370802801,984055402205420,0,,"Navara Cannon",,,ncannon@nvfs.org
1261442559454701,1311337308136967,"990789256930274,1136409058298095",,"Elaine Harrington","Program Manager",,eharrington@layc-dc.org
1237698707016820,0,0,,"Ayo Wali","New Beginnings Program Director",,awali@nccf-cares.org
1255198861510574,0,0,,"Ashley Barney","Greentree Family Services Coordinator",,abarney@nccf-cares.org
1237120169978885,643509042901798,998910660786600,,"Downtown DC BID Dispatch",,,dispatch@downtowndc.org
1266239632639643,0,0,,"Larnice Johnson",,"UPO’s White Sock Drive",
1245948091605238,868277751391055,0,,"Darvin L. Estrada",,"Latino and Immigration Services",destrada@casaruby.org
1254186834145600,0,0,,"Ellis Tullis",,,
1299965180441434,0,0,,"Katrina Coates, MSW, LICSW","Clinical Director",,kcoates@ebfsc.org
1288409915588086,1311337308136967,1343816429794125,,"Tyvon Hewitt","Outreach Worker / Case Manager",,tyvon@layc-dc.org
1320365488464259,1160038998115387,1107272253487063,,"Alkita Alhanssary","Holly House Supervisor",,aalhanssary@woodleyhouse.org
1305015568848566,1311337308136967,1215666375374993,,"George Garcia","Health Promotion Program Manager",,george@layc-dc.org
1342972404043177,0,0,,"De Angelo Rorie",,,
1308550324339977,1311337308136967,1204195770141501,,"Krystin Chiellini","Outreach and Engagement",,krystin@layc-dc.org
1342972404043179,1351080129222822,,,"Ariana Wilson","Community  Resource Database Administrator",211,ariana.wilson@uwcm.org
1342972404043189,667513392468817,,,"Audrey Lyon","Executive Director",,info@yachad-dc.org
1342972404043190,,,,"Kimberly Pedro",,,Kimberly.Pedro@ymcadc.org
1342972404043191,,,,"Caroline Schmalz",,,Caroline.Schmalz@ymcadc.org
1342972404043192,901970914472025,,,"Kristy McCarron","Association Director of Community Health","Community Health",Kristy.Mccarron@ymcadc.org
1342972404043193,901970914472025,,,"Caroline Schmalz","Community Dietitian","Community Health",Caroline.Schmalz@ymcadc.org
1342972404043194,901970914472025,,,"Tessa Mork","Director of Food and Nutrition Programs","Community Health",Tessa.Mork@ymcadc.org
1342972404043195,901970914472025,,,"Kimberly Pedro","Healthy Heart Ambassador","Community Health",Kimberly.Pedro@ymcadc.org
1342972404043196,901970914472025,,,"Anita Dandeker","Wellness Director","Community Health",Anita.Dandeker@ymcadc.org
1342972404043197,901970914472025,,,"Noelle Serino","Community Health Associate","Community Health",Noelle.Serino@ymcadc.org
1342972404043198,,,,"Chaquita Goode",,,
1342972404043199,,,,"Jamila Kani",,,
1342972404043200,1209774179868983,,,"Judith Sandalow","Executive Director",,jsandalow@childrenslawcenter.org
1342972404043201,921466109394130,,,"Internal Medicine 312","Adult Health Care",,
1342972404043202,921466109394130,,,"Family Medicine","Pediatric to Adulthood Care",,
1342972404043203,921466109394130,,,"Internal Medicine 317","Adult Health care",,
1342972404043204,921466109394130,,,"Perry Family Center","Pediatric to Adulthood",,
1342972404043205,921466109394130,,,"Outpatient Behavioral Health","Behavioral Health",,
1342972404043206,,,,"Hilary Berlow","Oncology Dietitian",,hwolf4@jhmi.edu
1342972404043207,,,,"Lara Snead","Oncology Dietitian",,lsnead1@jhmi.edu
1342972404043208,,1350703837531725,,"Pam Goetz",,"Support Programs",pgoetz4@jhmi.edu
1342972404043209,,1350703837531725,,"Jennie Tarica",,Navigation,jmclau18@jhmi.edu
1342972404043210,,1350703837531725,,"Sue Ely",,"Palliative Care",sely3@jhmi.edu
1342972404043211,,1350703837531725,,"Liz Single",,"Social Work, Metastatic Social Group",esingle6@jhmi.edu
1342972404043212,,1350703837531725,,"Jacque Buschmann",,"Brain Tumor Support Group",jbuschm2@jhmi.edu
1342972404043213,,1350703837531725,,"Janie Meiser",,"Breast Cancer Support Group for Young Adults, under 50",jmeiser2@jhmi.edu
1342972404043214,,1350703837531725,,"Jamie Borns",,"Breast Cancer – Talk & Walk Support Group",jborns1@jhmi.edu
1342972404043215,,1350703837531725,,"Samantha Rockler",,"Bladder Cancer Support Group for Women, Pancreatic Cancer Support Group",srockle1@jhmi.edu
1342972404043216,,1350703837531725,,"Ilana Velasquez",,"Cancer Caregiver Support Group",ivelasq1@jhmi.edu
1342972404043217,,1350703837531725,,"Janet Connors",,"Prostate Cancer Support Group",jconno13@jhmi.edu
1342972404043218,1351080129222833,,,"Kiersten Sweeney","Senior Innovation Specialist",,ksweeney@ghhi.org
1342972404043219,,,,"Tessa Mork","Director of Food and Nutrition Programs","Community Health ",Tessa.Mork@ymcadc.org
1342972404043220,,,,"Christie St. Pierre","Evaluation Associate",,cstpierre@foodandfriends.org
1342972404043221,1351080129222834,,,"Alice Belton",,,abelton@maryelizabeth.org
1342972404043222,,,,"Loral Patchen",,,Loral.Patchen@Medstar.net
1342972404043223,,,,"Adia Burns",,,adia.burns@k12.dc.gov
1342972404043224,1351080129222837,,,"Portia Polk",,,portia@supportgenerationhope.org
1342972404043225,,,,"Farnaz Farhi",,,ffarhi@mfa.gwu.edu
1342972404043226,1351080129222839,,,"Patricia Dela Torre",,,pdelatorre@educaredc.org
1342972404043227,1351080129222839,,,"Torrian Brent",,,tbrent@educaredc.org
1342972404043228,1351080129222840,,,"Chloe Sauls",,,csauls@friendshipschools.org
1342972404043230,,,,"Lee Thomas",,,leethomas@huhosp.org
1342972404043231,,1350703837531733,,"Jaytoya Manget",,,JManget@childrensnational.org
1342972404043232,889057390402463,,,"Kelsey Norton",,,knorton@ywcanca.org
1342972404043233,,,,"Zillah Wesley",,,zillah.wesley@howard.edu
1342972404043234,,,,"Christiana Jolda",,,cjolda@childrensnational.org
1342972404043235,1351080129222836,,,"Main phone line/email",,,TotalFamilyCareCoalition@gmail.com
1342972404043236,,,,"Sanah Jivani","Community Engagement Manager",,sanah@generationhope.org
1342972404043237,,,,"Nayeli Sanchez","Scholar Recruitment Coordinator",,nayeli@generationhope.org
1342972404043238,,,,"Nayeli Sanchez","Nayeli Sanchez, Scholar Recruitment Coordinator",,nayeli@generationhope.org
1342972404043239,,,,"Nayeli Sanchez","Scholar Recruitment Coordinator",,nayeli@generationhope.org
1342972404043240,1351080129222837,,,"Application Line",,,applications@generationhope.org
1342972404043241,,,,"Yonette Wilson-Williams",Director,,yonette.wilson-williams@cc-dc.org
1342972404043242,,,,"Major Valencia Lewis","Harbor Light Center Administrator & Corps Officer",,
1342972404043243,,,,"Heather Campbell","Program Director",,
1342972404043244,,,,"John Jankowski","Sr. Clinical Manager of Counseling Intake and Specialty Programs",,
1342972404043245,,,,"KaShawna Watson","Clinical Director",,
1342972404043246,1351080129222844,,,"Jamie Fragale","Media Contact",Media,jamie@aohdc.org
1342972404043247,1351080129222844,,,"Julius Martin","Director of Admissions",,julius@aohdc.org
1342972404043248,1351080129222844,,,"Jamie Fragale","Media Contact",Media,jamie@aohdc.org
1342972404043249,1351080129222844,,,"Julius Martin","Director of Admissions",,julius@aohdc.org
1342972404043250,1351080129222844,,,"Jamie Fragale","Media Contact",Media,jamie@aohdc.org
1342972404043251,1351080129222844,,,"Julius Martin","Director of Admissions",,julius@aohdc.org
1342972404043252,1351080129222844,,,"Jamie Fragale","Media Contact",Media,jamie@aohdc.org
1342972404043253,1351080129222844,,,"Julius Martin","Director of Admissions",,julius@aohdc.org
1342972404043254,1351080129222844,,,"Jamie Fragale","Media Contact",Media,jamie@aohdc.org
1342972404043255,1351080129222844,,,"Julius Martin","Director of Admissions",,julius@aohdc.org
1342972404043256,1351080129222844,,,"Jamie Fragale","Media Contact",Media,jamie@aohdc.org
1342972404043257,1351080129222844,,,"Julius Martin","Director of Admissions",,julius@aohdc.org
1342972404043258,1351080129222844,,,"Jamie Fragale","Media Contact",Media,jamie@aohdc.org
1342972404043259,1351080129222844,,,"Julius Martin","Director of Admissions",,julius@aohdc.org
1342972404043260,,,,"James McNair","Case Manager",,James.McNair@cc-dc.org
1342972404043261,,,,"Carla WIley","Reentry Coordinator",,
1342972404043262,1351080129222864,,,Janet,"Executive Director",,director@chpc.us
1342972404043263,1351080129222864,,,Erin,,Volunteering,volunteers@chpc.us
1342972404043264,1351080129222864,,,Shannan,,"Parenting Class",parenting@chpc.us
1342972404043265,1351080129222864,,,Wendy,,"Post Abortion Healing ",PATH@chpc.us
1342972404043266,1351080129222864,,,Darrell,"Office manager",,OfficeMgr@chpc.us
1342972404043267,1351080129222876,,,"Becoming a Student",,"Registration Department",soutreach@carlosrosario.org
1342972404043268,1351080129222876,,,"Career Training Academies",,"Sonia Gutierrez Campus",careertraining@carlosrosario.org
1342972404043269,1351080129222876,,,"Working at the School",,"Human Resources",
1342972404043270,1351080129222876,,,"Media Inquiries",,"Communications Department",
1342972404043271,1351080129222876,,,"Volunteering opportunities",,,volunteer@carlosrosario.org
1342972404043272,1351080129222876,,,workshops,,,workshops@carlosrosario.org
1342972404043273,,,,"Dana Kimbrough-Dixon",,,dana.kimbrough-dixon@cc-dc.org
1342972404043274,1351080129222878,,,"Mathew McCollough",Diresctor,"Office of Disability RIghts",mathew.mccollough@dc.gov
1342972404043275,,,,"Elder Gwendolyn Gantt","Director of Outreach",,
1342972404043276,1351080129222901,,,"Mary Moxley","Executive Director",,director@LifelinePartnership.org
1342972404043277,,,,"Terry Flood","Founder and Job Counselor",,tflood@jubileejobs.org
1342972404043278,,,,"Claudine Brown","Program Manager",,
1342972404043279,,,,"Denise Zeigler","Lead Case Manager",,
1342972404043280,,,,Antoinette,"Program Manager",,
1342972404043281,,,,"Claudine Brown","Program Manager",,
1342972404043282,,,,"Millicent Owusu","Case Manager",,
1342972404043283,,,,"Claudine Brown","Program Manager",,
1342972404043284,1351080129222934,,,"Rodney Carter","Washington D.C. HCRV Specialist Contact",,rodney.carter2@va.gov
1342972404043285,1351080129222934,,,"Demetrius Granger","Virginia HCRV Specialist Contact",,demetrius.granger@va.gov
1342972404043286,1351080129222934,,,"James Haskell","Maryland HCRV Specialist Contact",,james.haskell@va.gov
1342972404043287,1351080129222934,,,"Eileen F. Devine","National Coordinator, Healthcare for Homeless Veterans",,Eileen.Devine@va.gov
1342972404043288,1351080129223002,,,"Will Hightower","Housing & Volunteering",,whightower@usvets.org
1342972404043289,,,,"Rashida Williams",,"Workforce Development",rawilliams@usvets.org
1342972404043290,1351080129223002,1350703837532220,,"Rashida Williams",,,rawilliams@usvets.org
1342972404043291,1351080129223002,1350703837532221,,"Lisa Byrd",,,lbyrd2@usvets.org
1342972404043292,1351080129223002,1350703837532222,,"Mishel Bhatti",,,mbhatti@usvets.org
1342972404043293,,,,"Ms. Boma Saka",,,bsaka@urbaned.org
