id,organization_id,name,alternate_name
603957923828203,1235669446637932,"Community Wellness","When we feel our best, we can do and be our best. Our team connects DC residents with the healthy food options, shelter, and support needed on the journey to feeling well and living well!"
582221223032363,765268136875870,"Transitional Housing",
611766872329127,1126607081226356,Seniors,"JSSS's program for seniors."
665627203303988,1280943812182660,Ready2Succeed,"Our Ready2Succeed workforce development programs provide valuable training, job experience and references, as well as the opportunity to earn and save wages for permanent housing. Participants no longer struggle with life-altering addictions or behavior and are motivated to achieve independent employment.  For more information download the Men’s Ministry Brochure.

https://www.missiondc.org/wp-content/uploads/2019/07/men_programs_brochure_2019-7.pdf"
798032515591868,558598955804152,"Adult Day Services",
761532990228716,558598955804152,"Kensington Clubs","Since 2008, the Kensington Clubs have been offering activities, camaraderie and coping skills for people in the early stages of diagnosed memory loss. Participants enjoy stimulating cognitive and physical programs, morning coffee and lunch in a supportive environment among peers. Caregivers receive respite and support. We have multiple locations for our Kensington Clubs throughout Montgomery County.

Kensington Club is specially designed to serve older adults with diagnosed early stage dementia or mild cognitive impairment. Since 2008, we have been serving people who:

Can enjoy the company of others with minimal risk of wandering,
Take medication independently or with verbal supervision only,
Are able to eat and use the bathroom without assistance,
Ambulate independently or with a cane.
The Club is an outlet for those with early memory loss who desire opportunities to challenge their mind and try new interests, who want to be pro-active and do something about their memory loss, and who can benefit from being around others in a stimulating and positive environment.

Through social interaction, mental challenges and physical activity, the Club seeks to maintain an intimacy and friendship that set it apart from other social day programs. Each member is treated as an individual and a sense of belonging to the Club is evident. Members find common ground and make friends. They recognize that Kensington Club caters to their individual interests and personalities in an atmosphere of warmth and acceptance."
852046417603864,1235669446637932,"Youth Services","Success in school sets the path for success in life. Our team educates, motivates, and encourages DC’s youth on their journey inside, outside, and beyond the classroom!

UPO’s Youth Services Division is here to help keep your child fulfilled, focused, and moving forward throughout the day and over the years. Our education and enrichment programs for first-graders to high school seniors are designed to make kids feel better about themselves, improve their academic and social skills, and become productive members of society. We also provide family support services to help create a supportive, nurturing setting for children and their families to develop, grow, and succeed."
838838258381308,1126607081226356,"Children and Adolescents","JSSS's program for children and adolescents."
889519031943155,948639800544467,"Family Advocacy",
920619210076352,1031170884115304,"Family Counseling","Dealing with the problems of parenting. Individual and group sessions. Marital; Parent and Child relationships.( By Appointment Only)"
948506459076989,1234827091202817,"Keep Safe Housing","As a survivor of domestic violence, you have the option to stay in your current apartment or house. Keep Safe Housing is a grouping of legal and financial resources to help you navigate the process."
893030777600658,1235669446637932,"Housing Counseling","Our housing counseling services provide the support, advice, and assistance you need to avoid homelessness, become a responsible tenant or owner, and live in comfort, safety, and security."
908730646817026,1321593994370513,"Labor of Love Human Services Center",
927796788349835,1280943812182660,"Men's Ministry",
1071789402394582,558598955804152,"Misler Center Adult Day Services","The Albert & Helen Misler Adult Day Center in Rockville, Maryland provides stimulating activities, socialization and nursing supervision for older adults with physical, cognitive or emotional challenges. Services include door-to-door transportation and hot kosher lunches. Grants and special funds cover a portion of the daily fees.

The participants at Misler come from a wide variety of backgrounds, reflecting the diversity of the Greater Washington area. People of all faiths and ethnic groups attend the Misler Center.

Our participants are all living in community settings – some live with spouses, others with adult children, some in group homes/assisted living residences and some even live on their own!

The older adults who attend Misler may be:

Socially isolated
Dealing with medical, cognitive or emotional challenges
Dependent on others for care needs
All our participants want to stay in the community, living as independently as possible. The Misler Center is able to help them achieve this goal, providing regular health supervision and an enriched environment with social, physical and cognitive stimulation. At Misler, we believe that it is as important to nourish the spirit as it is to nurture health!

Misler is a friendly and vibrant, non-sectarian adult day center for older adults with physical, cognitive or emotional challenges. Licensed by the State of Maryland, Department of Health and Mental Hygiene, Office of Health Quality, Misler provides assistance and stimulation by an interdisciplinary team of nurses, social workers, activities leaders and aides.

Misler Center services and activitiesAt Misler, staff all work together to provide an encouraging and supportive therapeutic environment for participants.

Our staff to participant ratio goes well beyond the requirements of the State of Maryland, demonstrating our commitment to excellence. Services include but are not limited to:

Door-to-door, fully accessible transportation provided by JCA’s ElderBus fleet
A daily choice among a variety of activities designed to meet a range of interests, needs and abilities and provide enriched cognitive and physical stimulation
Health services from RNs – monitoring of blood pressure, blood sugar, weight; medication administration
Assistance with every day activities from certified nursing assistants and geriatric aides
Social work services, including support for both participants and their families
Easy access to physical, occupational and speech therapy
On-site regular podiatry services
Nutritious and hot four course Kosher meals and snacks, with attention to special diets"
1077123691005918,808240584407061,"Stepping Stones (Basic Needs)","United Community's Stepping Stones program provides critical basic needs supportive services to vulnerable families who are in financial crisis and need emergency assistance. After a client assessment and a counseling session, families in their time of need may obtain emergency food, assistance to prevent eviction and utility cut-off, as well as prescription drug assistance."
1114852130959519,558598955804152,Connect-A-Ride,"Call Connect-A-Ride for answers and assistance. The Connect-A-Ride Transportation Resource Center is a free service that helps seniors and disabled adults of all ages find the transportation they need. Certified Information and Mobility Specialists help with schedules, benefits and eligibility requirements in:

Montgomery County, Maryland;
Arlington and Fairfax Counties in Virginia; and
the Virginia cities of Alexandria, Fairfax and Falls Church.
If you live in one of these jurisdictions and need transportation assistance, call Connect-A-Ride at 301.738.3252 or 703.323.6494."
1211904376095443,1126607081226356,"Adults, Couples and Parents","JSSS's program for adults, couples and parents."
1219582729649259,1126607081226356,"Individuals with Special Needs","JSSS's program for individuals with special needs."
1203557447583567,1235669446637932,"Early Education","UPO is proud to be the hub for the Quality Improvement Network, a multi-year effort to boost outcomes for infants and toddlers. We oversee 16 child development centers to ensure that they meet the Head Start Performance Standards.
DC’s Office of the State Superintendent of Education chose UPO because we have a proven high-quality model. Our knowledge helps build the capacity of neighborhood-based child care centers, creating a rising tide that truly lifts all boats."
1240410015235732,1234827091202817,"Housing Resource Center","Our walk-in Domestic Violence Resource Clinic takes place every Wednesday from 1:00pm-3:30pm at the Westminster Presbyterian Church on 400 I St SW, DC (near Waterfront metro). With the DC Volunteer Lawyers Project and My Sisters Place, we provide victims access to housing assistance, legal assistance, and counseling.

The Housing Resource Center (HRC) is the hub of DASH’s efforts to prevent homelessness among domestic violence survivors. We assist survivors in completing housing applications, obtaining safety transfers, navigating the public housing system, and making connections to community services. Survivors can conduct housing searches in our computer lab and work one-on-one with Housing Specialists.

Our Housing Resource Center Online is a web-based information clearinghouse with comprehensive information on housing programs for women, including details on admission processes, eligibility requirements, and accessibility for people with disabilities."
1250985891714404,558598955804152,"Senior Employment",
1224597294308578,863547285733670,"Emergency Food and Clothing Pantry","We provide families with:

food
clothing
housewares
housing information
health and nutrition information
connection to and information about  the Prince George’s Department of Social Services"
1243543998951764,558598955804152,"Heyman Interages Center","The JCA Heyman Interages® Center intergenerational programs have brought children and older adults together for 30 years. Since 1986, approximately 45,000 children and older adults in more than 100 schools and senior facilities have benefited from participation in our programs. Over the years hundreds of dedicated and caring older adult volunteers, who are the heart of Interages, have made a significant difference in the lives of children."
1317645687310879,1012774856380370,"Family Services","Far Southeast Family Strengthening Collaborative's Family Services program."
1317645687310880,,"Service Grouping","Service Grouping Description:"
1317645687310881,,"17-05 program",description
1317645687310882,,"Service Grouping:_edit-1","Service Grouping Description:_edit-1"
1317645687310883,,"TACT (Transitional Age Community Treatment)","An ACT team that specializes in  serving individuals ages 18-29. This program is the highest level of care offered for young adults at Community Connections .  Young adults are assigned a community-based Rehabilitation Specialist who can meet with TAY several times a week if needed.  This program offers  access to a wide range of services including psychiatry and groups."
1317645687310884,,"FACT (Forensic Assertive Community Treatment)","We have two ACT  teams which specialize in working closely with the courts, mental health court, CSOSA, and other other criminal justice systems."
1317645687310885,,"Level  1 Outpatient Addiction Services",
1317645687310886,,"Level 2.1 Intensive Outpatient Addiction Services",
1317645687310887,,"Level 1 Assessment and Referral",
1317645687310888,,"Recovery Support Substance Use Disorder Treatment Services for Adults",
1317645687310889,,"Oncology Dietitian","Nutrition sessions are available before, during or after treatment to any of our patients. During a one-on- one consult, your diagnosis, treatment side effects and goals will be assessed to determine the best eating plan to optimize your nutrition. We will discuss recom- mendations and strategies to help manage side effects, increase energy and help you better tolerate treat- ment as well as incorporate tips to maintain a healthy weight and feel your best."
1317645687310890,,"Support Programs","Program participants experience mind-body, spiritual, social and physical benefits. Actively pursuing wellness through education, skill building and experiential classes can help you work toward a better quality of life during and after treatment. Programs are grant-funded and free to participants."
1317645687310891,,"Financial Navigation","Our oncology financial navigator provides individual- ized assistance to patients, families and caregivers to facilitate timely access to care and help overcome health care system barriers. Your oncology financial navigator will: • Provide education about your individual insurance plan and treatment coverage • Locate foundations that offer financial help • Connect you with outside resources like co-pay as- sistance programs and health insurance education"
1317645687310892,,Navigation,"Our cancer nurse navigators, often referred to by our patients as “cancer coaches,” provide support, resources and care coordination from diagnosis to returning to life after cancer treatment. Patients often say they feel more prepared to handle what may lie ahead with the partnership of a navigator. Your cancer nurse navigator will: • Coordinate your care to ensure timely access and smooth transitions • Facilitate communication among patients, providers and other agencies to optimize your care • Prepare you and your loved ones on what to expect • Provide education about treatment, medication and disease side effects • Work in collaboration with our oncology social workers to address financial and insurance concerns • Connect you to oncology social work, nutrition and other support services as needed • Connect you to post-treatment survivorship resources"
1317645687310893,,"Palliative Care","This specialized medical care is focused on providing patients with relief from the symptoms, pain and stress of a cancer diagnosis. The goal is to improve quality of life for both the patient and the patient’s family and is appropriate at any age and at any stage of a serious illness. It can be provided with curative treatment. Palliative care benefits include: • Expert treatment of pain and other symptoms (such as poor appetite, nausea, vomiting, constipation) • Dedicated time with you and your family to consider treatment preferences and navigate the health care system • Assistance with coordinating your care with all your health care providers • Guidance in considering difficult decisions and understanding complex information • Emotional and spiritual support for you/your family • Assistance with advance care planning • Education about hospice and its benefits"
1317645687310894,,"Social Work","Social workers provide for the psychological, social, emotional and practical needs of cancer patients and their families. They can teach you how to manage the stress and changes that may come with cancer. Contact an oncology social worker to: • Learn how to talk about cancer with family members, children, friends, employers and your health care team • Help you manage feelings of anxiety, fear, sadness, anger, worry or depression that can be associated with a cancer diagnosis and treatment • Learn new ways of coping with stress • Help organize your family life around cancer treatment • Educate and connect you and your family with services like transportation, home care, financial assistance, hospice and palliative care"
1317645687310895,,"Support Groups","These groups offer an opportunity to meet others going through similar experiences and gain support and friendship. Each group is facilitated by a social worker and other oncology staff to provide a safe and informative community."
1317645687310896,,Navigation,"Our cancer nurse navigators, often referred to by our patients as “cancer coaches,” provide support, resources and care coordination from diagnosis to returning to life after cancer treatment. Patients often say they feel more prepared to handle what may lie ahead with the partnership of a navigator. Your cancer nurse navigator will: • Coordinate your care to ensure timely access and smooth transitions • Facilitate communication among patients, providers and other agencies to optimize your care • Prepare you and your loved ones on what to expect • Provide education about treatment, medication and disease side effects • Work in collaboration with our oncology social workers to address financial and insurance concerns • Connect you to oncology social work, nutrition and other support services as needed • Connect you to post-treatment survivorship resources"
1317645687310897,,"St. Francis Outreach Center",
1317645687310898,,"General Medical Services","patient-centered primary care services and specialty services on-site, including minor surgery, Gynecology, Cardiology, Pulmonology, Dermatology, Orthopedics, Acupuncture and referrals to other specialty services including Physical Therapy."
1317645687310899,,"Chronic Care Initiative:","for patients with diabetes, hypertension or cardiovascular disease, from early diagnosis.  Regular follow-up with a medical provider and support provided by individualized or group education sessions available. Medical supplies also available in some cases."
1317645687310900,,"Diabetes Focus Groups:","Individualized or group education sessions to reinforce and provide support in lifestyle changes that are essential for adequate management and prevention of complications related to diabetes"
1317645687310901,,"Medication Assistance Program","Assistance in obtaining free/low cost medications for all patients through a variety of programs."
1317645687310902,,"¡Celebremos la Vida!","Cancer Prevention program, including on-site screening mammogram, pap smear, required follow-up and health education about breast and cervical cancer."
1317645687310903,,"Colorectal Cancer Education","Health education program and take-home testing for Colorectal Cancer."
1317645687310904,,Counseling,"Psychological support for patients to address stress, coping skills, PTSD and depression"
1317645687310905,,"Diabetic Eye Exam","Diabetic patients receive retinal eye exams pro bono"
1317645687310906,,"Referral to Specialty Care providers","Connecting patients who meet specific eligibility criteria to a network of health care providers"
1317645687310907,,"Low-Barrier Shelters","These are shelters open to any single adult every single night of the year. You can simply show up at 7 pm and go through intake. We will provide you with a bed, a hot meal, a place to shower and use the restroom, and access to a case manager."
1317645687310908,,"Permanent Supportive Housing in Washington DC and Maryland","We offer two forms of permanent supportive housing: scattered site (located in apartments throughout the city) and site-based (located in a single building)."
1317645687310909,,"Transitional Housing (in MD)","In Maryland, Catholic Charities offers transitional housing programs in Montgomery County and Southern Maryland. These programs are geared to help assist certain causes of homelessness — domestic violence, substance abuse or addiction, or mental illness."
1317645687310910,,"Single Room Occupancy (SRO)","We offer three programs where clients have 24/7 access to a room in a small building. SRO is a great option for someone who is close to being able to afford to live independently, and also stable after dealing with the root causes of homelessness."
1317645687310911,,"Rapid Rehousing in Washington, DC","In partnership with DC government, Catholic Charities is a key part of helping move families out of shelters or living on the streets and into a short-term housing solution with case management support."
1317645687310912,,"Kennedy School","The Kennedy School is a non-public day school offering personalized academic, therapeutic and vocational classes for children ages 6 – 22 with disabilities. We specialize in serving students with Autism, Intellectual Disabilities, Emotional Disabilities, Learning Disabilities, and Traumatic Brain Injuries. We utilize a small classroom, team-based approach, where we have no more than seven students per class and no less than three staff members per class. We support our students holistically, through behavioral and social emotional counseling, serious academic intervention focusing on Mathematics, internships that focus on employment skills, and physical education."
1317645687310913,,"Early Childhood Development and Intervention Programs","The programs allow infants, toddlers and preschoolers to develop positive self-esteem, learn early readiness skills, and develop self-care habits all in a group setting. Our range of services help families address the challenges children with special needs may face while also ensuring Kindergarten readiness for all children."
1317645687310914,,"Fresh Start Program","The Fresh Start program provides a customized plan to assist a man at the shelter who may have short- term, specific needs such as temporary shelter, a social worker, discipleship, addiction support and job training. A person in this program is given a supervised Individual Development Plan, which they are expected to follow if they are to remain in the program. The length of time in the program depends on the needs of the individual. All participants must comply with the rules and accountability of the program and staff."
1317645687310915,,"Adult Treatment Program","Samaritan Inns’ Adult Treatment Program is the first phase of our Continuum, serving men and women age 18 to 65 desiring freedom from a life of homelessness and addictions.  The first phase of the program is a highly structured, 28-day residential treatment program where men and women experiencing homelessness and addiction:      Receive education and confront addictive behaviors     Learn the 12-step Alcoholics/Narcotics Anonymous principles and practices     Rebuild physical health through a balance of nutrition, exercise, and sleep     Benefit from individual and group counseling, and accountability"
1317645687310916,,"Transitional Treatment Program","The second phase in our Treatment and Recovery Continuum is the Transitional Treatment Program. It is a 6-month program which empowers residents to augment the principles learned during their 28-day treatment. The program is certified by the DC Department of Behavioral Health.  During these months, residents will:      Deepen their understanding of recovery by attending weekly meetings with addictions counselors     Develop a broad recovery support network, through local 12-Step meetings, as well as with a Sponsor     Be assigned a Case Manager to assist with transitioning to the outside world     Learn money management skills     Gain access to GED tutoring, job training, and spiritual growth opportunities     Benefit from peer community support and accountability"
1317645687310917,,"Long-Term Recovery Program","Our Long-Term Recovery Program is the final phase of the Treatment and Recovery Continuum. It is designed to assist residents with applying the tools they’ve acquired to live a wholesome, alcohol/drug-free life. Formerly homeless and addicted men and women:      Enjoy private rooms and share living & dining space in a drug/alcohol-free environment     Participate in on-going addictions counseling and social services     Develop leadership skills by serving as suite representatives     Contribute to creating a community of support and accountability. The program prepares residents to transition from our affordable housing to independent living."
1317645687310918,,"Women with Children Treatment Program","The Women with Children Treatment Program creates a safe home where mothers recovering from substance abuse can receive treatment and family services while establishing a foundation for long-term independent living. The program is a three phase continuum of care that guides mothers through the fundamental stages of addictions treatment/recovery while providing individualized assessments and services within each program phase. The program focuses on the needs of addicted women and their children with the emphasized goals of maintaining sobriety and strengthening the family unit over a six month period, before linking to transitional living or affordable housing with outpatient services. All core services will be provided on-site and tailored to meet the unique needs of a family."
1317645687310919,,"Case Management","The Case Management team takes a person-centered approach to address the complexity of needs for our patients. An initial intake and history provides the means for relationship building, in addition to a deeper appreciation of the individual’s story and struggles.  Our case managers meet at least once a week with each patient, then formulate care plans during weekly interdisciplinary team meetings. They work to obtain entitlements, benefits, and legal documents such as birth certificates and identification cards. They also help facilitate re-connection and reunification with family for many patients. Additionally, our case managers provide referrals to outside community resources such as intensive in-patient recovery programs, mental health services, transitional living programs, nursing homes and vocational training programs.  Above all, the Case Management team at Christ House works to empower the individual to create positive change and achieve a better quality of life."
1317645687310920,,"Substance Use Disorder Treatment","Patients at Christ House struggling with substance use are given the opportunity to participate in our New Day Treatment Program. This nine-week, intensive, in-house recovery program was initiated in 2000 and is led by our Certified Addictions Counselor. When medically appropriate, patients may be referred to long-term substance abuse treatment outside of Christ House. Members of our Kairos Program meet weekly with our addictions staff. Alcoholics Anonymous and Narcotics Anonymous meetings are held four times a week at Christ House and are open to the community."
1317645687310921,,"Food Services","For many who live on the street, knowledge of where to find the next meal is a luxury. Many patients arrive at Christ House malnourished; all need good nutrition to recuperate. The three well-balanced meals and snacks provided at Christ House are a welcome improvement for our patients.  The food services staff and volunteers work together to ensure that Christ House patients receive the proper nutrition that is vital for their recovery. We prepare special meals and snacks for patients with diabetes, hypertension, failing kidneys, wired jaws or other dietary needs. Meals are served in our common dining room, where patients, staff and volunteers share food and fellowship."
1317645687310922,,"Patient Activities","A variety of activities are available to Christ House patients, such as art and poetry workshops, exercise sessions, games, movies, volunteer work assignments, as well as excursions to parks, museums, sporting and cultural events. These activities give structure to patients’ days, promote self-discovery, build self-esteem, and foster a sense of community."
1317645687310923,,"Pastoral Care","The pastoral staff offers emotional support to our homeless patients. Through daily one-on-one contacts and spiritual activities, we seek to ease the pain of hopelessness and isolation. Patients have the option to participate in Sunday services, scripture study, weekly prayer, and a recovery support group. In addition, the pastoral staff maintains relationships with patients who have left the program for hospitalization, hospice care, incarceration or nursing homes."
1317645687310924,,"Narcotics Anonymous","The 12-step NA meeting includes around 25 participants each week."
1317645687310925,,"Welcome Table Bible Study","Approximately 15 participants share insights into how the Gospel impacts daily living and calls us to transformation. Community building is an important component of the study group. Parishioners facilitate the conversations."
1317645687310926,,"Gospel Art!","Around 15 participants create art and poetry projects in response to the Sunday Scriptures and share their art projects and the faith it inspires with each other. The hope is that the participants’ faith will deepen by seeing how their creativity can be connected with it. The project helps believers and unbelievers understand and articulate the Christian faith and live accordingly."
1317645687310927,,"Welcome Table Choir","There around ten downtown poor and parishioners in the choir. In addition to leading congregations singing, the choir provides music before worship and during Communion"
1317645687310928,,"Welcome Table Eucharist","Worship is informal and participatory. The music includes spirituals and gospel songs. Healing prayers follow the Eucharist."
1317645687310929,,"Employment Program","Employment Services is a free community resource hub designed to provide onsite and offsite resources to assist individuals in finding gainful employment. Workshops and training is provided around skill development that can lead to job advancement, career transitioning or job market re-entry. Assistance and guidance is provided on interview techniques. Services offered include:  Free computer usage, Computer training, Resume development and customization assistance, Career search assistance, and Career Counseling"
1317645687310930,,"Entrepreneur Program","In addition to employment assistance, the ​Employment Services office provides entrepreneurship assistance. We offer you a supportive environment and encourage you to build your dream. Assistance is provided to channeling you to appropriate area training opportunities, that are not provided  in-house.  ​"
1317645687310931,,"Landlord & Tenant",https://www.dccourts.gov/services/mediation-matters/landlord-and-tenant
1317645687310932,,"Small Claims",https://www.dccourts.gov/services/mediation-matters/small-claims
1317645687310933,,"Child Protection",https://www.dccourts.gov/services/mediation-matters/child-protection
1317645687310934,,Civil,https://www.dccourts.gov/services/mediation-matters/civil
1317645687310935,,Family,https://www.dccourts.gov/services/mediation-matters/family
1317645687310936,,"Medical Malpractice",https://www.dccourts.gov/services/mediation-matters/medical-malpractice
1317645687310937,,Probate,https://www.dccourts.gov/services/mediation-matters/probate
1317645687310938,,Tax,https://www.dccourts.gov/services/mediation-matters/tax
1317645687310939,,"SIHLE program","(sisters informing healing living and empowering) Our SIHLE Program, is a peer-led social-skills training intervention aimed at reducing HIV sexual risk behavior among sexually active, African American teenage females, ages 14-18. SIHLE emphasizes ethnic and gender pride and enhances awareness of HIV risk reduction strategies such as abstaining from sex, using condoms consistently and having fewer sex partners."
1317645687310940,,"Teen Parent Empowerment Program","Every Wednesday from 5:00 pm to 7:00 pm. TPEP is a 12-week series program covering the following topics: Learn and share discipline and communication strategies, Prepare for everyday issues that confront a teen parent, Find out how to find the balance parenting, school, and work, Be trained in financial awareness, career options, and education planning."
1317645687310941,,"Making Proud Choices","With the support of DC Campaign Pregnancy Prevention, HBP to begin educating the youth about STD, HIV and pregnancy prevention. This year we have selected Making Proud Choices! An Evidence-Based, Safer-Sex Approach to Teen Pregnancy and HIV/STD Prevention designed to give adolescents the tools they need to reduce their risk of unintended pregnancy, HIV and other STDs. The goal is to increase knowledge and perceptions of personal vulnerability, develop positive attitudes toward safer sex, and build the skills and confidence needed to abstain successfully or to use safer sex practices willingly and effectively if they choose to be sexually active. This program is for DC youth ages 11-13 years old. Please feel free to email any questions or concerns about SIHLE or Making Proud Choices to Jazmine Brazier, Youth Services Coordinator at jbhealthybabiesproject@gmail.com."
1317645687310942,,"Ready for Baby","Every 2nd and 4th Tuesday from 12:00 to 2:00 pm. Ready for Baby Class is for pregnant and recently delivered mothers. Prepare for birth, Labor and delivery, Prenatal yoga, Reducing stress during pregnancy, Breastfeeding basics, Doula information and so much more!"
1317645687310943,,"Fatherhood Education Empowerment Program","HBP has incorporated its fatherhood services into the TPEP program with the launch of its Fatherhood Education Empowerment Development Program (FEED), helping at-risk fathers to be equipped with healthy parenting and life skills. HBP staff member Linval Brown, himself a dad, is facilitator and program manager. He works with the fathers one-on-one and in small groups during TPEP meetings.  dad and babyMost HBP dads were abandoned by their fathers. Because healthy fatherhood was not modeled to them, they are uncertain about their role. FEED works to identify a father’s needs and help him take the next steps in healthy parenting."
1317645687310944,,"HBP Booster Sessions","HBP Booster Sessions are monthly, interactive workshops that enrich vulnerable District youth in building healthy relationships, choosing a career path, and learning advocacy skills. Any District youth may attend. Most participants are HBP Life Empowerment Program (LEP) alumni."
1317645687310945,,"Higher Education for All (HEFA)","Hope and a Home’s Higher Education for All (HEFA) program implements an individualized education plan for each adult and child within each family. The HEFA team ensures that children are thriving in their schools and have what they need to succeed academically. The program staff also work with adults to prepare them for stable jobs that pay living wages.  We assess each child’s academic standing, conduct classroom observations, and identify and secure the educational resources that children are entitled to by law: testing, evaluations, and appropriate school placements in public, charter, or private schools; We train parents to serve as educators and advocates for their children. We help them build essential skills to engage in school activities such as parent-teacher conferences; We match our students with volunteer mentors and tutors; We reward students for setting and achieving academic goals for each advisory. One half of the financial reward goes to the student; the other half is deposited in a savings account to be used when the child attends college or vocational school; We provide and promote meaningful after-school and summer enrichment activities that reinforce academic learning; We enroll our children in other DC programs that support higher education for low-income students. We work with adults to identify their academic strengths and weaknesses – sometimes placing them in programs that strengthen their math and literacy skills; and Adults are enrolled in educational, vocational and certificate programs that better position them in the job market."
1317645687310946,,"Mike Young Education Fund","Hope and a Home also provides scholarships for college students through our Mike Young Education Fund (MYEF), as a key part of our college prep program.  The program offers an SAT/ACT workshop for its participants and exposes students to various colleges through college tours. Due to the pandemic, this now includes a virtual ACT/SAT Prep Course (Fall/Spring) for our students preparing for college.  Students are also counseled as they apply to college and settle on a school. Recently we have connected our High School Students with virtual college tours.  We award scholarships through our Mike Young Education Fund to continue supporting students in our program throughout their academic journey.  In addition to providing scholarships, staff also assist students to apply for Pell grants, DC TAG, DC-CAP, and other sources of educational support funding. We are proud that MYEF has helped students from Hope and a Home start college year after year."
1317645687310947,,"The Father to Child Teleconference Program","Through the Father to Child Program, fathers who are incarcerated at certain facilities can regularly communicate with their children back in Washington. On a regular basis children come to the Hope House office to see and talk to their fathers using internet technology. Some children bring in friends to meet their dads. Other youngsters are able to share a dance or song, still others bring in homework to get assistance from their fathers. During each visit, the children are encouraged by their Dads to remain in school, study hard, and stay out of trouble."
1317645687310948,,"The Father to Child Reading Program","The Father to Child Reading Program provides children’s books for incarcerated parents to record for their children. The book and the recorded story are then mailed home to the child. This is a very popular program. For many fathers it is the first story they have ever read to their children. In the past 20 years we have recorded more than 23,000 books and sent them home to children."
1317645687310949,,"The Father to Child Summer Camp","The Father to Child Summer Camp brings children to prisons to spend a week with their fathers. Campers and staff stay at a nearby camp at night. Each day for five hours the children are with their fathers in the prison. A wonderful staff of counselors guide families through crafts, drama, games, creative writing and much more. In the afternoon the children participate in recreational and craft activities. Several groups in three states and the Netherlands have used our training materials to duplicate this unique program."
1317645687310950,,"The Hope House Family Groups","Peer support groups for children, wives, and caregivers left behind when a loved one is incarcerated allow them to join together to deal with the stresses and stigmas attached to having a family member in prison. Rather than offering formal therapy, these groups provide a supportive community, recreation, and other activities, as well as mentoring experiences for children."
1317645687310951,,"The Homework Project","This program was designed through our belief that the best mentors for many Hope House Kids are their own fathers. The goal is to improve relationships between children and fathers as they build critical thinking skills and values. Dads meet weekly to design projects based on current events, social studies, or issues like bullying."
1317645687310952,,"The College Challenge","This program helps Hope House Kids in grades 10–12 prepare for college. This program help kids find the right college, fill out college applications, find financial aid, and do all the other hard things that go into beginning college. The College Challenge helps kids who have grown up through our programs – smart, creative, wonderful young people – to access the resources to gain further education and achieve the potential that we’ve watched develop in them."
1317645687310953,,"Benefit Enrollment Center (BEC) Project","KCSC is funded by the National Council on Aging (NCOA) to serve eligible Medicare beneficiaries, which include 65+ seniors and adults, aged 21-64, who are living with disabilities. Eligibility is based on the individual’s income and resource guidelines. This program’s goal is to help Medicare beneficiaries enroll into at least one of five “core benefits”, including: Medicare Part D Extra Help (Low Income Subsidy – LIS); Medicare Savings Programs (MSP); Medicaid; SNAP; and/or LIHEAP (Low Income Home Energy Assistance Program).  For this program, KCSC has partnered with the Chinese Culture and Community Service Center (CCACC) and the Association for Vietnamese Americans (AVA) enabling KCSC’s BEC to serve and provide bilingual and bicultural services to Korean, Chinese, and Vietnamese Medicare beneficiaries.  Contact: Daehyeon Choi, 703-354-6345 (X117)"
1317645687310954,,"Senior SNAP Enrollment Initiative","Since 2016, the National Council on Aging (NCOA) has funded Korean Community Service Center (KCSC) and its subcontractors, Chinese Culture and Community Service Center, Inc. (CCACC) and the Association for Vietnamese Americans (AVA), to educate the Asian community about the Supplemental Nutrition Assistance Program (SNAP). KCSC, CCACC, and AVA provide culturally/linguistically appropriate outreach and assistance to enroll/renew SNAP applications for Korean, Chinese, and Vietnamese beneficiaries. The Senior SNAP Enrollment Initiative specifically focuses on eligible seniors, aged 60+, residing in the Metropolitan Washington DC area including: Montgomery County and Prince George’s County in MD, Washington DC, and Fairfax County, Arlington County, Prince William County, Loudoun County, and the independent cities of Alexandria, Fairfax City, Falls Church, Manassas, and Manassas City Park in VA.  For those who are eligible, the rates of SNAP participation in the Metro DC are relatively low, ranging from 37.8% for VA (coming in 28th place among all US states) to 40.3% for MD residents (coming in at 19th place among all US states). For households that fall below 200% of FPL, Maryland has the nation’s 8th highest food insecurity rate among those who are 60+ (18.69%). While hard data is quite difficult to aggregate, anecdotally, we know that the SNAP participation rates among the Asian population are even lower as a result of cultural and linguistic barriers and the stigma associated with using SNAP.  Many elderly Asians are isolated and lack access to benefits such as SNAP. A lack of awareness of available services and resources, limited English proficiency, and significant cultural barriers cause many immigrants to underutilize crucial public benefits for which they are eligible. Misinformation about eligibility criteria, privacy concerns, and insecurities about immigration status are also major obstacles to accessing SNAP.  KCSC’s Senior SNAP service provides ongoing critically needed community outreach and education to counter misinformation and help those who are in need and eligible to enroll in SNAP and reduce their food insecurity."
1317645687310955,,"Housing Counseling Services","KCSC provides housing counseling services through our First Time Homebuyers Program. The goal is to help clients understand the steps needed to purchase a house successfully. Services include educational seminars, as well as one-on-one counseling, budget/financial analysis, housing analysis, discussion of alternatives, development of an action plan, and follow-up.  The service is free of charge for residents in Northern Virginia area, including Fairfax County, Arlington County, Loudoun County, Prince William County, and the City of Alexandria.    Contact : Ingook Park, 703-354-6345 (X123)"
1317645687310956,,"Job Readiness Project","KCSC’s Job Readiness Project is designed for Asian American job seekers who wish to increase their job readiness skills and know-how to equip them for employment in the metro DC area and help them plan for a US-based career.  KCSC’s Job Readiness Project helps participants improve their skills prior to (and after) employment. Services include career seminars, job preparation workshops, individual job counseling, and job readiness English classes and computer classes.  Career Seminars: Human resource managers or experienced professionals in specific fields share valuable information and their experiences about their respective workplaces. The seminar will include an overview of company, information about the availability of entry level positions, application process, salaries and benefits, and opportunities for career advancement. KCSC works with companies such as Wegmans, METRO, FCPS-Transportation, US Foods and others. Job Preparation Workshops: Experienced trainers share tips and advice on cover letter/résumé development, work-place etiquette, and prepare for job interviews. Mock interviews are available, as needed. Individual Job Counseling: KCSC’s employment coordinators provide job seekers with customized and practical job search/ application assistance based on personal preferences, skills, and qualifications. Job Readiness English Classes: Professional English instructors tailor curriculum around the vocabulary and grammar needed to write effective résumés and covers, prepare for job interviews, and communicate with supervisor and co-workers. Lessons also focus on gaining insight into the standards and mores of the American workplace and learning the practical English needed for a job interview. (6-week program, Annandale location only) Job Readiness Computer Classes: Experienced computer instructors cover use of Microsoft Office Suite, including MS Word, Excel, and PowerPoint. Participants also become familiar with how to conduct job search using the internet, learn advanced email skills, and understand how to use cloud-based services such as the Google Drive. Classes are conducted in English. (6-week program, Annandale location only) KCSC also cooperates with the SkillSource One-Stop Employment Center in Virginia and Worksource Montgomery in Maryland. KCSC assist to initial screening to job seekers and refer to Workforce Innovation and Opportunity Act (WIOA) program for job training opportunities. KCSC’s Job-readiness project is funded by Fairfax County’s Consolidated Community Funding Pool (CCFP) in Virginia and through Montgomery County funding in Maryland.  Contact: Jae Won Yang, 703-354-6345 (X112)"
1317645687310957,,"Individual Counseling","KCSC counseling services are available for adults, teens, and children. Counseling sessions may address concerns such as stress, anxiety, depression, grief, food and eating issues, anger, relationship challenges, addiction, abuse, family issues, insomnia and sexuality."
1317645687310958,,"Couples Counseling","Couples therapy is useful to address concerns such as:   Poor communication  Frequent arguments  Infidelity   Finance-related conflict   Challenges in identifying the source of conflicts Intimacy aversion  Adjustment challenges after a major life change  Relocation  Lack of motivation to change dysfunctional patterns of conflict"
1317645687310959,,"Family Therapy","Family therapy is a type of counseling that looks at issues related to interpersonal dynamics within the family.  It can help:   Improve communication  Develop skills to address and resolve conflicts   Improve understanding of special family situations  Addresses areas of need and growth to improve functioning in home environment."
1317645687310960,,"Other Mental Health Services Offered","Support Groups  Alcohol Safety Action Program (ASAP)  Parenting Education  Domestic and Intimate Partner Violence Services  Health Education Senior Empowerment   Housing Assistance   Immigration and Citizenship Assistance   Community Education Programs and Seminars"
1317645687310961,,"Annual Health Fairs","KCSC holds annual community health fairs in the fall in Maryland and Virginia for uninsured or low-income families. The following services are available at no or low cost: Blood Pressure and Blood Glucose check Flu Shot Cholesterol, PSA test Thyroid test Cardiovascular Body fat analysis (BMI) Vision and hearing test Osteoporosis screening Scoliosis Clinical breast exam Prostate cancer test Resources related to heath provided Heart function test Liver function test Senior depression Cognition, speech, and voice screenings Complementary consultation with various specialists, in internal medicine, oncology, orthopedics, oriental medicine, chiropractic, dental, ophthalmology, physical therapy, colorectal surgery, urology, podiatry, and psychiatry. * Services and consultation provided are subject to change each year.  * The date and place of the fairs will be announced through Korean newspapers.  Contact : Misuk Hare (VA), Yesle Soh (MD); 703-354-6345"
1317645687310962,,"Hepatitis B Prevention Project","With the support of the Asian American Health Initiative of Montgomery County, KCSC holds several Hepatitis B education, screening, and vaccination events annually. 2016 Hepatitis B Prevention events schedule and location will be announced through Korean newspapers. Contact: Yesle Soh, 240-683-6663"
1317645687310963,,"Breast Cancer Campaign for Asian Americans","Funded by Susan G. Komen and supported by George Washington University’s Cancer Center, KCSC has provided free mammogram, clinical breast exams, cancer awareness education, prevention, and treatment services for Korean American women since 2009. Mammograms are available for uninsured and low-income women, aged 40 and older, who reside in Maryland and Virginia. Women who have previously been treated for breast cancer or have breast implants are not eligible. Also, women who have had a mammogram in the past 12 months are not eligible to participate in the free mammogram events. However, for those who do not qualify for the free mammogram events, KCSC provides a referral service to Capital Breast Care Center (CBCC), where women can receive a mammogram and pap test for free or at low cost. Also, KCSC provides free clinical breast exams with the help of oncologists at KCSC’s annual health fairs held every fall. Contact: Yesle Soh, 240-683-6663"
1317645687310964,,"Public Housing Program","DCHA owns and manages 56 public housing properties located throughout the District that provide homes at reduced rents for very low-income families, seniors, and persons with disabilities. Tenants pay 30 percent of their income as rent."
1317645687310965,,"Housing Choice Voucher Program","The Housing Choice Voucher Program (formerly Section 8), the federal government’s major rental assistance program, gives participants the option to live in the community of their choice. Once qualified participants obtain a voucher, they may find a rental unit in any privately owned property in the city, as long as it meets Fair Market Rent standards established by the U.S. Department of Housing and Urban Development (HUD)."
1317645687310966,,"Moderate Rehabilitation Program","The Moderate Rehabilitation Program includes apartment communities throughout Washington, D.C., that are owned by individual landlords or companies. The assistance provided is called “Project-Based” or “Unit-Based.” This means that tenants who move cannot take the subsidy with them."
1317645687310967,,"Family Self Sufficiency Program","The Family Self-Sufficiency (FSS) Program is a five- to seven-year program designed to assist customers achieve economic self-sufficiency. Each participant is assigned to an FSS coordinator who meets regularly with them to help work toward their goals. The intermediary goals are based on three program tracks DCHA offers in addition to a general needs assessment. DCHA offers the following pathways to success: Education, Employment, and Homeownership.  To assist participants with reaching their goals, the following services are available:  Case management with their assigned FSS coordinator Referrals to services Credit counseling Financial literacy training Homeownership preparation Employment services"
1317645687310968,,"DC Home Purchase Assistance Program (HPAP)","DC’s Home Purchase Assistance Program (HPAP) provides up to $84,000 in down payment and closing cost assistances for eligible, first-time homebuyers in DC."
1317645687310969,,"Opioid Addiction Support & Outreach","Since Spring of 2021, MHCDO has been involved in working with the Health Department and Health/HIV to support efforts in the District to reduce opioid overdoses.  An epidemic in the Nation’s Capital, DC ranks third among cities with the highest deaths due to opioid abuse.  In addition to providing education to residents in communities of high risk, MHCDO and its ENGAGE Outreach Workers have distributed well over 2000 substance abuse and COVID-19 Awareness Kits in Wards 7 & 8.  As a sub-grantee, MHCDO partners with other service providers to target hot spots of substance abuse and provides information and training promoting healthy behaviors that reduce HIV/AIDS, Sexually Transmitted Infections (STI), Hepatitis, Tuberculosis, and substance abuse.  Sponsored by the Department of Health’s HIV/AIDS, Hepatitis, STD, and TB Administration,  MHCDO’s professional staff and Outreach Workers work diligently to identify professional resources and engage at-risk individuals in conversations that promote healthier behaviors or lead them to professional medical and mental health support.  For more information, contact Blythe Patenaude, Project Director , at (202) 650-5649"
1317645687310970,,"COVID-19 Testing & Vaccine","Physical and Mental Health have challenged the residents of Ward 7 because of poverty, trauma, substance abuse, crime and violence, and hunger/poor dietary habits. MHCDO has begun to work alongside of local health and behavioral health service providers to provide education and support services that will help improve that physical health of those challenged by treatable diseases and help educate and provide resources with mental and behavioral health challenges. MHCDO provides support and is a site for East River Family Strengthening Collaborative’s Families First projects and provides services to Trusted Health Program’s members."
1317645687310971,,"HPAP 8 Hour Pre-Purchase Class","D.C. Home Purchase Assistance Program (HPAP). This mandatory 8-hour workshop is the first step in order to obtain downpayment assistance through the HPAP Program."
1317645687310972,,"First Time Homebuyer Education Workshop","An informative homebuyer education workshop.  This short class is designed to take the mystery and fear out of the home purchase process and will enlighten potential buyers on how realistic it can be to become a homeowner. This is Home Buying 101 for those who are new to the process, so ask as many questions as necessary!"
1317645687310973,,"Foreclosure Prevention Workshop","Foreclosure Prevention Workshop for homeowners who are struggling to make their mortgage payments or are in foreclosure. This workshop is required to schedule an individual counseling session with our HUD certified counselors who will help you apply for many of the programs available to you.  We’ll review the forms you need to complete and the information you need to provide in order to have a productive counseling session. We also will explain how you can get organized to work directly with your mortgage lender/servicer, and review the typical foreclosure prevention options, including Covid-19 forbearance options, currently available."
1317645687310974,,"Rental Counseling & Eviction Prevention","Renters will gain knowledge of programs and services to assist with their search for affordable housing units and eviction prevention. Click on link below to register.     2nd Tues of the Month  5:30pm -6:30pm"
1317645687310975,,"Inclusionary Zoning (IZ)","Eligibility:  Your household must meet the income requirements. Households that make 50%, 60%, or 80% of the Median Family Income (MFI) may be eligible. CLICK HERE to view current incomes, rents and prices. Your housing costs for an IZ home may not be more than half (50%) of your income (before taxes). You cannot be enrolled in a full-time college or university program. You must live in the IZ home as your primary residence. You (or someone who will live with you) may not own other residential property at the time of lease or purchase."
1317645687310976,,WIC,
1317645687310977,,FMNP,
1317645687310978,,SNAP-Ed,
1317645687310979,,CSFP,
1317645687310980,,"GED Testing","The 2014 GED® test is a four-subject high school equivalency test that measures skills required by high schools and requested by colleges and employers. The four subjects are Science, Social Studies, Mathematical Reasoning, and Reasoning through Language Arts. After you pass the GED® test, your diploma or credential will be issued by your state, but you’ll receive a GED® transcript to apply to college, start training, or get a better job."
1317645687310981,,"GED Transcripts and Verification","Test takers who tested in the District of Columbia should use the “Life after GED” webpage to request transcripts. Please select “District of Columbia” from the drop down menu titled “Select Area.”  Third party verification transcript and verification requests for examinees that tested in the District of Columbia or in the United States are fulfilled by GED Testing Service.  If you are an international test taker, your transcript and verification requests are fulfilled by GED Testing Service through Parchment Exchange."
1317645687310982,,"Wellness Workshop","We offer free exercise classes. Come to three workshops and you will receive a free month-long membership to a local DC recreation center!"
1317645687310983,,"Maternal Health","HOYA Clinic’s maternal health program seeks to provide expecting mothers at DC homeless shelters with access to prenatal education during pregnancy; a strong, female-led community that provides social support during pregnancy; and continuity based transition to an OB/GYN provider for labor and delivery.  Beyond this service to the community, the Maternal Health program aligns with HOYA Clinic’s mission of exposing students to healthcare disparities and enhancing medical students’ access to clinical education. Being an entirely student-led program, this program fosters the leadership skills and medical knowledge necessary for students to to succeed as future physicians."
1317645687310984,,IronMed,"Every year Georgetown University School of Medicine and HOYA Clinic host an IronMed Triathlon in support of our student-driven clinic. All of the donations from this race go directly to HOYA Clinic and our efforts to serve our patients.  We invite athletes from all over to join us in:  Individual Sprint Triathlon ($25 registration fee, $150 fundraising goal) Team Triathlon – 1 person for each event ($50 registration fee per team, $400 fundraising goal) 5K ($20 registration fee, optional fundraising goal) IronMed Triathlon date, registration, and fundraising information will be posted at IronMed Triathlon when available."
1317645687310985,,"Child Assessment Team","The HOYA Clinic is proud to offer childhood developmental milestone screenings though the HOYA Clinic Child Assessment Team. CAT screens children between 2 months and 5 years and 10 months of age using the Ages and Stages Screening Questionnaire to identify children who may need some extra help before they begin school. Any parent interested in getting their child additional tools to succeed can then be connected to free services offered Strong Start and Early Stages, two programs run in conjunction with DC Public Schools.  Screenings are offered between 6:30 and 8:30 PM every Thursdays at the HOYA Clinic. Appointments are not required, but are encouraged. Please call the HOYA Clinic at 202-468-4816 for more information, or to schedule an appointment."
1317645687310986,,"Big HOYA Little Saxa","Big HOYA Little Saxa is a Mentorship Program involving Georgetown medical students and children experiencing homelessness in DC. One Saturday every month, a group of 25-30 Georgetown medical students holds an activity day for children and teens 5 years of age and older. The afternoon’s activities encourage reading, expression through writing and crafts, and promote healthy lifestyle choices.  This is a wonderful opportunity for students to build positive relationships within the community HOYA serves, outside of the clinic walls."
1317645687310987,,"Summer Sports Camp","The annual HoyaMed Summer Sports Camp is an extension of the Big HOYA Little Saxa Program that is organized typically during the last week in July. This day camp for children ages 5 to 14 who are experiencing homelessness provides a great outlet for fun and learning.  Approximately 40 medical students volunteer as counselors, leading outdoor sports and games each day for the children at the fields next to RFK Stadium. Previous camps featured exciting speakers and guests including Lori Lindsay of the US Women’s National Soccer Team and the hip-hop dance team Culture Shock DC."
1317645687310988,,"JumpStart 2 Success","JumpStart 2 Success is a six-week program that is broken down into two sections. The first two weeks are allotted for pre-planned instruction developed by our Education Team; after completion, the remaining weeks will be dedicated to obtaining certifications and planning obtainable education goals through a set schedule of activities and presentations. The program aims to acclimate or re-acclimate customers who have been participating in a 2-generation activity and not participating in a program back into an educational setting. The program also addresses concerns that customers may have with being in a classroom setting and taking necessary steps to reach their academic goals. Enroll in the JumpStart 2 Success program today. You will receive a laptop computer for the duration of the program and you might be eligible for free internet service. Once you have successfully completed the program (including assessments), you will be able to keep the laptop free of charge!*     Contact Parker Rulison at parker.rulison@washlit.org to register for JumpStart and make an appointment to pick up your laptop.      If you are not in any current programming, we strongly encourage you to participate in the JumpStart 2 Success program.     If you have any questions about the JumpStart 2 Success program or the laptop program, please contact Parker Rulison at parker.rulison@washlit.org     *If you do not complete the program, payment for the laptop will be charged to your Discretionary Work Funds Account. Laptops cannot be returned."
1317645687310989,,"Cognitive Behavioral Therapy (CBT)","helps Veterans with substance use disorders develop more balanced and helpful thoughts about themselves, others, and the future. It can help Veterans manage the urge to drink or use drugs, refuse opportunities to use substances, use a problem-solving approach to deal with substance use, and achieve personal goals."
1317645687310990,,"Motivational Interviewing (MI)","helps Veterans with substance use disorders by focusing on conversations between the Veteran and their provider to detect and strengthen personal motivations for change. This therapy looks at the reasons behind your desire to make a change and the potential benefits of that change."
1317645687310991,,"Motivational Enhancement Therapy (MET)","helps Veterans with substance use disorders by focusing on conversations between the Veteran and their provider to detect and strengthen personal motivations for change. This therapy looks at the reasons behind your desire to make a change and the potential benefits of that change. MET is a version of MI that focuses specifically on changing alcohol and/or substance use."
1317645687310992,,RAW,"RAW is designed to find influential people in various communities, train them to become “Opinion Leaders,” and educate them about good sexual health methods and practices, HIV, AIDS, and other STIs, risk reduction methods, and how to communicate effectively with their peers. Opinion Leaders are then responsible for disseminating this information their friendship circles, family and social/sexual network members through conversations that change social norms."
1317645687310993,,Crossroads,"Crossroads is designed for HIV-negative Black men to facilitate a conversation about the intersection between (1) race, (2) sexual orientation, gender roles, and masculinity, and (3) stigma, racism, and discrimination. We also discuss issues with finding love and power and how these factors contribute to getting HIV and other STIs and how men can prevent this from happening."
1317645687310994,,"Healthy Relationships","Healthy Relationships is a program designed as a safe space for HIV positive black men to discuss issues that uniquely affect them. These issues include disclosure of status, HIV criminalization, medication adherence, dating, interacting with HIV negative partners and coming to terms with being HIV positive."
1317645687310995,,"Pillow Talk","Pillow Talk is a transformative group that engages in intimate conversations that have HIV prevention and medication adherence at its core. Topics of these monthly dinner conversations range from facing personal insecurities, love, finding and maintaining relationships, mental health, drug use, intimate partner violence, and much more."
