id,organization_id,program_id,name,alternate_name,description,url,email,status,interpretation_services,application_process,wait_time,fees,accreditations,licenses
11,1078800059400169,,"Senior StayCool",,"The Department of Aging and Community Living's Senior StayCool Program repairs or replaces window air conditioning unit(s) and inoperable heating, ventilating, and air conditioning (HVAC) centralized units for income-eligible seniors.

How many Units allowed?

In instances where a property owner does not have a cooling system in place, no more than two window air conditioning units may be installed depending on need.

Who should apply?

District residents, age 60 and over who are homeowners or renters of a property used as a primary residence, with an annual household income at or below 60% of Area Median Income (AMI)*.",https://dacl.dc.gov/service/senior-staycool,dacl@dc.gov,active,,"Call to apply.",,,,
209,1078800059400169,,"Savvy Caregiver Program: Empowering DC Caregivers",,"The Department of Aging and Community Living Alzheimer’s Disease Supportive Services Program (ADSSP) is funded by the Administration for Community Living (ACL) and is operated by DACL throughout the city. The goal is to train the Senior Service Network (SSN) providers to identify DC residents living with Alzheimer’s Disease and Related Dementia (ADRD) and link them to culturally competent, person-centered home and community-based services and support (HCBS).
We are committed to delivering comprehensive home and community-based services through behavior symptom management and expert consultation for DC residents living with ADRD and their family caregivers. 

Multiple programs are offered, including Savvy Caregiver Program: Empowering DC Caregivers, CityWide Money Management, Dementia Navigators, and Club Memory.",https://dacl.dc.gov/service/alzheimer’s-disease-and-related-dementias,dacl@dc.gov,active,,,,,,
398,1078800059400169,,"Caregiver Programs",,"When we care for our caregivers, we are caring for our entire community. That’s why DACL provides a variety of programs and services to support unpaid caregivers to our seniors and adults with disabilities. From caregiver respite programs to support groups, educational programs to case management. You are not alone in your journey—DACL is with you.",https://dacl.dc.gov/service/caregiver-programs,dacl@dc.gov,active,,"Call for more information.",,,,
451,1078800059400169,,"Safe at Home",,"The Department of Aging and Community Living's Safe at Home Program provides safety adaptations in and around the homes of qualifying Seniors and adults with disabilities.

In-home Adaptations
Safe at Home provides in-home preventative adaptations to reduce the risk of falls. Examples include:
Handrails
Grab bars
Bathtub cuts
Shower seat
Furniture risers
Chair lift
Home Security
Safe at Home’s Private Security Camera Program enables eligible DC Seniors and residents with disabilities to receive a private security camera system without cost. This program is intended to help decrease crime and assist law enforcement with investigations.
 
Who should apply?
District residents, age 60 and over, or adults with disabilities, age 18 and over, who are homeowners or renters of a property used as a primary residence, with an annual household income at or below 80% of Area Median Income (AMI)*.",https://dacl.dc.gov/service/safe-home,dacl@dc.gov,active,,"Call to apply.",,,,
585,1078800059400169,,"Adult Protective Services",,"If you believe that an adult you know is being mistreated, exploited, or abused, Adult Protective Services (APS) can help assess and provide support. Now housed within the Department of Aging and Community Living (DACL), APS team members work to protect vulnerable adults from physical, financial, or emotional abuse, as well as neglect and self-neglect. APS social workers help to ensure that DC residents in need of protection are connected to the services they need. 

Report Abuse
To report allegations of abuse, neglect, self-neglect, and/or exploitation, please call the APS Hotline at (202) 541-3950 available 24-hours 7-days a week; or

Visit the APS office at 500 K Street NE, Washington, DC 20002 between the hours of 8:45 am to 4:45 pm. Walk-ins are accepted.

APS is not a custodial agency. APS does not have the authority to take custody of any adult for any reason.",https://dacl.dc.gov/service/adult-protective-services-0,dacl@dc.gov,active,,"Call or walk in.",,,,
675,1078800059400169,,"Health Insurance Counseling",,"Medicare beneficiaries, their families, and caregivers living in the District of Columbia can access free health insurance information, counseling, education, and assistance through our DC State Health Insurance Assistance Program (SHIP). SHIP counselors are trained to get you the information you need and can work with you directly to understand the ins and outs of Medicare so you can make informed decisions about your healthcare and insurance coverage.

We can also assist you with resolving unpaid medical bills, making appeals for denials of medical services, and obtaining prescription medications. Connect with a counselor today at (202) 727-8370 to get your questions answered and better understand your coverage and options.",https://dacl.dc.gov/service/health-insurance-counseling,dacl@dc.gov,active,,"Call to connect with a counselor.",,,,
787,1078800059400169,,"Senior Transportation Services",,"To live boldly you need to move boldly. That’s why the Department of Aging and Community Living (DACL) connects you with a variety of transportation services designed to meet your mobility needs—whatever they may be. Whether it’s transportation to a medical appointment or senior wellness event, reduced fares on public transit, or curb-to-curb transportation with your wheelchair, DACL can connect you to the programs that will help get you where you need to be.",https://dacl.dc.gov/service/transportation,dacl@dc.gov,active,,"Visit website for more information.",,,,
1096,1078800059400169,,"Nutrition & Meal Services",,"In order to thrive, you need food that tastes good and is good for you. Our nutrition programs are designed to serve seniors 60+ and adults with disabilities, whether it’s at one of our community dining sites or through home-delivered meals. Individualized nutrition counseling and education programs are also available.

Community Dining Sites
DACL has over 40 community dining sites across all eight wards of Washington, DC. Find a community dining site near you by visiting the website.
 
Home-Delivered Meals
DACL delivers prepared meals to adults 60 years of age or older at their homes throughout the city. The spouses of homebound adults or disabled persons that reside with these homebound adults may also be eligible to receive these meals.

Nutrition Counseling
A registered and licensed dietitian or other health professional can offer education and suggestions for improving your nutritional status based on your needs. This one-on-one advice and guidance is provided to individuals who are at nutritional risk because of their nutritional history, current dietary intake, medication use, or chronic illnesses. 
 
Nutrition Education
Nutrition education programs are provided to promote better health and well-being by providing accurate and culturally sensitive nutrition, physical fitness, or health information and instruction to participants and caregivers in a group or individual setting, supervised by a dietitian or other health professional.",https://dacl.dc.gov/service/nutrition,dacl@dc.gov,active,,"Call for referral services.",,,,
1103,1078800059400169,,"Benefits Assistance",,"The Department of Aging and Community Living (DACL) is available to assist low-income seniors, people with disabilities, and social workers with the process of applying for Medicaid and SNAP (Supplemental Nutrition Assistance Program) benefits.

In addition, the DACL has resources to help clients understand the process for obtaining and utilizing Home and Community Based (HCB) and Elderly and Persons with Disabilities Waivers,",https://dacl.dc.gov/service/benefits-assistance,dacl@dc.gov,active,,"Call to make an appointment.",,,,
